{
    "team_diff": "Alabama Crimson Tide vs Florida State Seminoles",
    "sorted_stats_diff": {
        "GP": [
            0.0,
            0.0,
            0.0,
            0.0,
            0.0,
            0.0,
            1.0,
            0.0,
            4.0,
            -1.0,
            11.0
        ],
        "MIN": [
            -0.7000000000000028,
            -0.1999999999999993,
            -1.0999999999999979,
            -2.799999999999997,
            2.5,
            2.599999999999998,
            -6.700000000000001,
            -1.5999999999999996,
            0.10000000000000142,
            4.6,
            2.0999999999999996
        ],
        "PTS": [
            -4.599999999999998,
            -0.20000000000000107,
            -2.0,
            -2.299999999999999,
            2.999999999999999,
            0.6999999999999993,
            -0.2999999999999998,
            0.3999999999999999,
            0.19999999999999973,
            -0.30000000000000004,
            -0.3999999999999999
        ],
        "REB": [
            -3.5,
            0.09999999999999964,
            0.2999999999999998,
            0.5,
            -0.10000000000000009,
            -0.30000000000000027,
            -0.3999999999999999,
            0.20000000000000018,
            0.9000000000000001,
            0.8,
            0.20000000000000007
        ],
        "AST": [
            -1.1,
            -0.3999999999999999,
            0.4999999999999998,
            0.5,
            0.30000000000000004,
            0.0,
            0.0,
            0.09999999999999998,
            0.1,
            0.1,
            0.1
        ],
        "STL": [
            0.3999999999999999,
            0.40000000000000013,
            0.19999999999999996,
            0.0,
            0.09999999999999998,
            0.19999999999999996,
            0.09999999999999998,
            -0.2,
            -0.2,
            -0.1,
            0.0
        ],
        "BLK": [
            -0.6000000000000001,
            0.09999999999999998,
            0.3,
            0.2,
            0.10000000000000003,
            0.2,
            -0.1,
            -0.1,
            0.0,
            0.0,
            0.0
        ],
        "TO": [
            0.10000000000000009,
            0.6999999999999997,
            0.6999999999999997,
            0.5,
            0.2999999999999998,
            0.09999999999999987,
            0.30000000000000004,
            0.5,
            0.29999999999999993,
            0.2,
            0.5
        ],
        "FG%": [
            -7.5,
            -2.6000000000000014,
            -0.6000000000000014,
            -2.0,
            0.6000000000000014,
            0.5,
            4.0,
            7.800000000000004,
            7.199999999999996,
            4.599999999999994,
            -12.3
        ],
        "FT%": [
            -7.400000000000006,
            -4.700000000000003,
            -0.5999999999999943,
            -1.0999999999999943,
            -7.800000000000011,
            -5.200000000000003,
            -3.3999999999999915,
            -5.300000000000004,
            -16.700000000000003,
            -14.899999999999999,
            -46.7
        ],
        "3P%": [
            3.3000000000000043,
            0.09999999999999432,
            -1.8999999999999986,
            1.0,
            2.0,
            -1.6999999999999993,
            -2.0,
            -26.2,
            0.0,
            0.0,
            0.0
        ]
    },
    "score_diff": 8
}