{
    "team_diff": "Auburn Tigers vs Arizona Wildcats",
    "sorted_stats_diff": {
        "GP": [
            -2.0,
            -2.0,
            -2.0,
            -2.0,
            -1.0,
            -1.0,
            1.0,
            7.0,
            16.0,
            16.0,
            20.0
        ],
        "MIN": [
            -7.200000000000003,
            -0.5999999999999979,
            -2.900000000000002,
            -6.0,
            -6.299999999999997,
            -5.400000000000002,
            -5.699999999999999,
            -5.700000000000001,
            -8.1,
            -5.800000000000001,
            9.4
        ],
        "PTS": [
            2.200000000000001,
            -2.5,
            -2.299999999999999,
            -3.0999999999999996,
            -3.5999999999999996,
            -4.1,
            -3.0,
            -2.7,
            -1.0000000000000004,
            -2.6999999999999997,
            1.4
        ],
        "REB": [
            0.0,
            -0.5,
            -0.5,
            -0.20000000000000018,
            -0.6000000000000001,
            -0.5999999999999996,
            -0.3999999999999999,
            -0.2999999999999998,
            0.10000000000000009,
            0.5,
            1.4
        ],
        "AST": [
            0.19999999999999973,
            0.20000000000000018,
            0.0,
            -1.3000000000000003,
            -0.8,
            -0.5999999999999999,
            -0.5,
            -0.6000000000000001,
            -0.5,
            -0.39999999999999997,
            0.2
        ],
        "STL": [
            -1.6,
            -0.3999999999999999,
            0.30000000000000004,
            0.19999999999999996,
            0.0,
            -0.10000000000000009,
            -0.40000000000000013,
            -0.20000000000000007,
            -0.30000000000000004,
            -0.5,
            0.2
        ],
        "BLK": [
            -1.0,
            -0.20000000000000007,
            -0.20000000000000007,
            0.0,
            0.10000000000000003,
            0.2,
            0.09999999999999998,
            0.2,
            0.2,
            0.2,
            0.1
        ],
        "TO": [
            0.09999999999999964,
            -0.3999999999999999,
            -0.10000000000000009,
            -0.10000000000000009,
            -0.19999999999999996,
            -0.09999999999999987,
            -0.3999999999999999,
            -0.5999999999999999,
            -0.6000000000000001,
            -0.40000000000000013,
            0.7
        ],
        "FG%": [
            5.399999999999999,
            1.0,
            -0.29999999999999716,
            -1.8999999999999986,
            -3.3000000000000043,
            -3.3999999999999986,
            -2.200000000000003,
            -1.1000000000000014,
            2.0999999999999943,
            3.6999999999999957,
            36.7
        ],
        "FT%": [
            15.5,
            3.3000000000000114,
            -1.7999999999999972,
            -1.7999999999999972,
            -2.0999999999999943,
            -2.6999999999999886,
            -8.700000000000003,
            -9.000000000000007,
            3.5,
            10.600000000000001,
            60.0
        ],
        "3P%": [
            -4.100000000000001,
            -4.5,
            -4.099999999999998,
            -1.3000000000000007,
            -5.0,
            -12.8,
            -12.700000000000001,
            -26.1,
            -20.0,
            0.0,
            0.0
        ]
    },
    "score_diff": -10
}