{
    "team_diff": "Baylor Bears vs Vanderbilt Commodores",
    "sorted_stats_diff": {
        "GP": [
            1.0,
            1.0,
            1.0,
            1.0,
            1.0,
            0.0,
            0.0,
            2.0,
            3.0,
            2.0,
            2.0,
            4.0
        ],
        "MIN": [
            -5.0000000000000036,
            -5.300000000000001,
            -2.700000000000003,
            -1.5,
            2.1999999999999993,
            2.1999999999999993,
            -3.1999999999999993,
            1.5,
            1.299999999999999,
            1.4999999999999991,
            0.2999999999999998,
            1.9000000000000004
        ],
        "PTS": [
            -2.5999999999999996,
            -0.6999999999999993,
            -1.5,
            0.6999999999999993,
            1.5,
            1.6000000000000005,
            2.0,
            0.6999999999999997,
            0.7000000000000002,
            1.5,
            1.0,
            0.7
        ],
        "REB": [
            0.29999999999999893,
            1.2999999999999998,
            1.1000000000000005,
            0.09999999999999964,
            -1.1,
            0.0,
            0.6000000000000001,
            0.30000000000000004,
            0.7999999999999999,
            0.8,
            0.40000000000000013,
            0.4
        ],
        "AST": [
            -0.6000000000000001,
            0.3999999999999999,
            -0.09999999999999964,
            0.8,
            0.8,
            0.7,
            0.8,
            0.09999999999999998,
            -0.19999999999999996,
            0.0,
            -0.10000000000000003,
            0.3
        ],
        "STL": [
            -1.9,
            0.0,
            -0.09999999999999987,
            -0.19999999999999996,
            0.10000000000000009,
            -0.19999999999999996,
            0.29999999999999993,
            0.39999999999999997,
            0.0,
            0.0,
            0.1,
            0.2
        ],
        "BLK": [
            -0.6000000000000001,
            0.09999999999999998,
            -0.09999999999999998,
            -0.10000000000000003,
            -0.09999999999999998,
            -0.09999999999999998,
            0.0,
            0.0,
            0.0,
            0.0,
            0.0,
            0.0
        ],
        "TO": [
            -0.30000000000000027,
            -0.6000000000000001,
            -0.3999999999999999,
            0.19999999999999996,
            0.30000000000000004,
            0.30000000000000004,
            0.19999999999999996,
            0.30000000000000004,
            0.5,
            0.3,
            0.3,
            0.09999999999999998
        ],
        "FG%": [
            17.0,
            -2.0,
            -2.6000000000000014,
            6.700000000000003,
            6.899999999999999,
            4.399999999999999,
            4.900000000000006,
            6.600000000000001,
            7.399999999999999,
            7.399999999999999,
            4.800000000000004,
            22.200000000000003
        ],
        "FT%": [
            -2.4000000000000057,
            -2.4000000000000057,
            -1.5999999999999943,
            1.9000000000000057,
            1.0,
            4.700000000000003,
            4.3999999999999915,
            2.8999999999999915,
            0.7999999999999972,
            -3.0,
            -18.6,
            -30.0
        ],
        "3P%": [
            -11.399999999999999,
            -1.1000000000000014,
            -1.0,
            -1.0,
            -0.7999999999999972,
            -3.400000000000002,
            -2.3000000000000007,
            1.0,
            9.7,
            20.0,
            0.0,
            0.0
        ]
    },
    "score_diff": 17
}