{
    "team_diff": "Virginia Tech Hokies vs Baylor Bears",
    "sorted_stats_diff": {
        "GP": [
            -1.0,
            -1.0,
            -1.0,
            -1.0,
            -1.0,
            0.0,
            0.0,
            -3.0,
            -2.0,
            -6.0
        ],
        "MIN": [
            5.199999999999999,
            6.599999999999998,
            3.900000000000002,
            5.0,
            -1.5999999999999979,
            -4.899999999999999,
            -2.1999999999999993,
            -3.1999999999999993,
            3.6000000000000014,
            -1.299999999999999
        ],
        "PTS": [
            11.200000000000001,
            7.4,
            -0.09999999999999964,
            -2.5,
            -3.9000000000000004,
            -4.2,
            -3.2,
            -0.8999999999999995,
            0.3999999999999999,
            -0.8999999999999999
        ],
        "REB": [
            3.200000000000001,
            -0.10000000000000053,
            -2.3000000000000007,
            -1.4,
            1.0,
            0.8999999999999999,
            0.5,
            0.4999999999999998,
            -0.30000000000000004,
            -0.6
        ],
        "AST": [
            2.9,
            -0.8999999999999999,
            -0.9000000000000001,
            -0.40000000000000013,
            -0.5,
            -0.3999999999999999,
            -0.6,
            0.0,
            0.19999999999999996,
            -0.10000000000000003
        ],
        "STL": [
            -0.7000000000000001,
            -0.8,
            -0.7000000000000001,
            -0.7,
            -0.6000000000000001,
            -0.4,
            -0.39999999999999997,
            -0.49999999999999994,
            -0.19999999999999998,
            -0.19999999999999998
        ],
        "BLK": [
            1.4000000000000001,
            0.6,
            0.09999999999999998,
            0.10000000000000003,
            0.2,
            0.2,
            0.2,
            0.30000000000000004,
            0.2,
            0.0
        ],
        "TO": [
            1.0,
            0.0,
            -0.8,
            -0.7,
            -0.7,
            -0.6000000000000001,
            -0.3999999999999999,
            -0.30000000000000004,
            0.0,
            -0.19999999999999996
        ],
        "FG%": [
            -18.6,
            3.1000000000000014,
            4.200000000000003,
            -4.800000000000004,
            -4.899999999999999,
            -2.6999999999999957,
            -1.5,
            -1.8000000000000043,
            -3.299999999999997,
            -9.8
        ],
        "FT%": [
            7.900000000000006,
            5.900000000000006,
            7.599999999999994,
            7.299999999999997,
            4.700000000000003,
            4.699999999999989,
            3.9000000000000057,
            -4.599999999999994,
            -4.5,
            2.0
        ],
        "3P%": [
            28.1,
            4.0,
            4.100000000000001,
            3.5,
            1.0,
            4.4999999999999964,
            6.899999999999999,
            7.400000000000002,
            -22.2,
            -20.0
        ]
    },
    "score_diff": -3
}