{
    "team_diff": "Kansas State Wildcats vs Colorado Buffaloes",
    "sorted_stats_diff": {
        "GP": [
            0.0,
            0.0,
            0.0,
            0.0,
            0.0,
            0.0,
            -1.0,
            -4.0,
            -3.0,
            -9.0,
            1.0,
            -3.0,
            -2.0
        ],
        "MIN": [
            5.100000000000001,
            4.799999999999997,
            1.8999999999999986,
            2.5,
            -3.8000000000000007,
            -0.8999999999999986,
            -2.4999999999999982,
            -0.3000000000000007,
            -1.0999999999999996,
            2.4000000000000004,
            1.5999999999999996,
            2.0,
            2.5
        ],
        "PTS": [
            5.699999999999999,
            -0.7000000000000011,
            -3.0999999999999996,
            -1.9000000000000004,
            0.20000000000000018,
            0.39999999999999947,
            0.0,
            0.2999999999999998,
            0.2999999999999998,
            -0.09999999999999987,
            0.10000000000000009,
            -0.09999999999999987,
            0.5000000000000001
        ],
        "REB": [
            1.1999999999999993,
            -0.6999999999999993,
            -0.10000000000000009,
            0.3999999999999999,
            0.6000000000000001,
            1.0,
            0.19999999999999973,
            0.10000000000000009,
            0.20000000000000018,
            0.5,
            0.3999999999999999,
            -0.20000000000000007,
            -0.09999999999999998
        ],
        "AST": [
            0.5,
            -0.5,
            0.6000000000000001,
            0.0,
            0.0,
            0.0,
            0.0,
            -0.19999999999999996,
            -0.19999999999999996,
            0.0,
            0.1,
            0.1,
            0.0
        ],
        "STL": [
            -0.10000000000000009,
            -0.6000000000000001,
            -0.10000000000000009,
            0.0,
            0.0,
            -0.20000000000000007,
            0.0,
            -0.09999999999999998,
            0.2,
            0.10000000000000003,
            0.09999999999999998,
            0.09999999999999998,
            -0.1
        ],
        "BLK": [
            1.6999999999999997,
            0.29999999999999993,
            0.39999999999999997,
            0.2,
            0.2,
            0.2,
            0.19999999999999998,
            0.19999999999999998,
            0.1,
            0.0,
            -0.1,
            0.0,
            0.0
        ],
        "TO": [
            0.8000000000000003,
            -0.3999999999999999,
            -0.3999999999999999,
            -0.10000000000000009,
            -0.20000000000000018,
            0.5,
            0.19999999999999996,
            0.19999999999999996,
            0.20000000000000007,
            0.29999999999999993,
            0.09999999999999998,
            0.10000000000000003,
            0.0
        ],
        "FG%": [
            13.800000000000004,
            13.0,
            8.399999999999999,
            5.100000000000001,
            -4.200000000000003,
            -2.0999999999999943,
            -5.399999999999999,
            -5.899999999999999,
            -5.100000000000001,
            -5.700000000000003,
            -8.499999999999996,
            -5.800000000000001,
            7.400000000000002
        ],
        "FT%": [
            -19.0,
            -12.799999999999997,
            -7.700000000000003,
            -1.4000000000000057,
            -2.3999999999999915,
            5.099999999999994,
            7.599999999999994,
            7.800000000000004,
            7.5,
            10.5,
            7.300000000000004,
            20.200000000000003,
            -33.3
        ],
        "3P%": [
            57.1,
            57.9,
            17.4,
            7.299999999999997,
            3.299999999999997,
            2.0,
            6.600000000000001,
            6.0,
            9.2,
            9.2,
            4.699999999999999,
            -12.5,
            0.0
        ]
    },
    "score_diff": -13
}