{
    "team_diff": "Colorado Buffaloes vs Drake Bulldogs",
    "sorted_stats_diff": {
        "GP": [
            -1.0,
            -1.0,
            -1.0,
            -1.0,
            -1.0,
            -1.0,
            -1.0,
            -2.0,
            -3.0,
            2.0,
            0.0,
            4.0,
            3.0
        ],
        "MIN": [
            -3.1999999999999993,
            -2.6999999999999993,
            -2.5,
            -0.6999999999999993,
            -0.8999999999999986,
            4.999999999999998,
            3.6999999999999993,
            1.4000000000000004,
            -0.40000000000000036,
            -3.1999999999999993,
            -2.3,
            1.9,
            0.5
        ],
        "PTS": [
            -4.100000000000001,
            -3.8999999999999986,
            -0.8000000000000007,
            -1.0,
            -2.0999999999999996,
            2.8000000000000003,
            2.4,
            0.8000000000000003,
            0.20000000000000018,
            -0.8999999999999999,
            -0.40000000000000013,
            1.0999999999999999,
            0.3
        ],
        "REB": [
            -2.5,
            -1.6000000000000005,
            -1.2000000000000002,
            0.2999999999999998,
            0.10000000000000009,
            -0.19999999999999973,
            0.40000000000000013,
            0.5,
            0.5999999999999999,
            0.0,
            0.40000000000000013,
            0.6000000000000001,
            0.6
        ],
        "AST": [
            -1.8000000000000007,
            1.2999999999999998,
            0.0,
            -0.10000000000000009,
            -0.5,
            -0.30000000000000004,
            0.20000000000000007,
            0.30000000000000004,
            -0.09999999999999998,
            -0.2,
            -0.4,
            0.1,
            0.0
        ],
        "STL": [
            -0.2999999999999998,
            0.0,
            0.19999999999999996,
            0.0,
            0.30000000000000004,
            0.20000000000000007,
            0.09999999999999998,
            0.3,
            0.0,
            0.09999999999999998,
            0.0,
            0.2,
            0.2
        ],
        "BLK": [
            -1.5,
            -0.19999999999999996,
            -0.2,
            -0.10000000000000003,
            -0.09999999999999998,
            0.1,
            0.0,
            0.0,
            0.0,
            0.0,
            0.1,
            0.0,
            0.0
        ],
        "TO": [
            -0.5,
            -0.6000000000000001,
            -0.6000000000000001,
            -0.5,
            -0.3999999999999999,
            -0.5,
            -0.30000000000000004,
            -0.30000000000000004,
            -0.30000000000000004,
            -0.09999999999999998,
            -0.09999999999999998,
            0.19999999999999998,
            0.3
        ],
        "FG%": [
            -3.3999999999999986,
            -5.300000000000004,
            -5.199999999999996,
            -2.299999999999997,
            -2.5,
            -3.0,
            3.0,
            4.5,
            5.299999999999997,
            5.200000000000003,
            5.799999999999997,
            -2.4999999999999964,
            -5.699999999999999
        ],
        "FT%": [
            14.299999999999997,
            5.099999999999994,
            1.5999999999999943,
            -3.5999999999999943,
            -3.200000000000003,
            -9.799999999999997,
            -11.0,
            -3.6999999999999957,
            0.29999999999999716,
            -4.799999999999997,
            -4.200000000000003,
            33.3,
            33.3
        ],
        "3P%": [
            -7.100000000000001,
            -1.5,
            -9.0,
            -1.7999999999999972,
            -4.0,
            -4.299999999999997,
            -6.800000000000001,
            -8.5,
            -6.800000000000001,
            -7.900000000000002,
            -7.300000000000001,
            -9.7,
            0.0
        ]
    },
    "score_diff": 14
}