{
    "team_diff": "Creighton Bluejays vs UNLV Lady Rebels",
    "sorted_stats_diff": {
        "GP": [
            -1.0,
            -1.0,
            -1.0,
            -1.0,
            -1.0,
            -2.0,
            -1.0,
            0.0,
            -4.0,
            -2.0,
            -16.0
        ],
        "MIN": [
            3.4999999999999964,
            5.099999999999998,
            7.699999999999999,
            7.0,
            1.8000000000000007,
            -4.699999999999999,
            -3.6000000000000014,
            -3.4000000000000004,
            -0.6999999999999993,
            -2.999999999999999,
            -1.2999999999999998
        ],
        "PTS": [
            -0.9000000000000021,
            5.300000000000001,
            6.299999999999999,
            -0.7000000000000002,
            -2.8999999999999995,
            -3.3,
            -3.2,
            -3.4999999999999996,
            -0.7000000000000002,
            -0.8999999999999999,
            -2.5
        ],
        "REB": [
            -2.5999999999999996,
            -2.799999999999999,
            0.8999999999999995,
            0.7999999999999998,
            0.8000000000000003,
            -0.3999999999999999,
            -0.3999999999999999,
            0.10000000000000009,
            -0.40000000000000013,
            -0.5,
            -0.7999999999999999
        ],
        "AST": [
            -0.5,
            0.8000000000000003,
            0.5,
            0.5999999999999999,
            0.7000000000000002,
            0.40000000000000013,
            0.09999999999999998,
            0.30000000000000004,
            0.19999999999999996,
            -0.2,
            -0.3
        ],
        "STL": [
            0.5,
            0.0,
            0.0,
            0.0,
            0.10000000000000009,
            -0.09999999999999998,
            -0.09999999999999998,
            -0.2,
            -0.4,
            -0.19999999999999998,
            -0.3
        ],
        "BLK": [
            0.3999999999999999,
            0.5,
            0.29999999999999993,
            0.0,
            0.09999999999999998,
            -0.1,
            0.0,
            0.0,
            0.0,
            0.0,
            -0.1
        ],
        "TO": [
            -0.19999999999999973,
            0.3999999999999999,
            0.6000000000000001,
            0.7,
            0.6,
            0.30000000000000004,
            0.4,
            0.09999999999999998,
            0.0,
            0.0,
            -0.10000000000000003
        ],
        "FG%": [
            -31.4,
            -9.599999999999994,
            -4.200000000000003,
            -2.6000000000000014,
            -0.6999999999999957,
            -1.5,
            -1.5,
            -4.600000000000001,
            -6.100000000000001,
            -5.5,
            -38.5
        ],
        "FT%": [
            4.900000000000006,
            0.0,
            -2.200000000000003,
            1.1999999999999886,
            2.5,
            -1.5,
            -5.699999999999989,
            -4.0,
            -4.3999999999999915,
            -27.200000000000003,
            -65.4
        ],
        "3P%": [
            -2.0,
            1.7000000000000028,
            -0.8999999999999986,
            2.8000000000000043,
            1.4000000000000057,
            -0.19999999999999574,
            -2.5,
            -3.8000000000000007,
            -6.199999999999999,
            -13.999999999999998,
            -26.7
        ]
    },
    "score_diff": 14
}