{
    "team_diff": "Drake Bulldogs vs Missouri State Lady Bears",
    "sorted_stats_diff": {
        "GP": [
            2.0,
            2.0,
            2.0,
            2.0,
            3.0,
            3.0,
            4.0,
            7.0,
            5.0,
            10.0,
            1.0,
            -1.0,
            0.0
        ],
        "MIN": [
            -2.099999999999998,
            1.5,
            1.8000000000000007,
            -0.6000000000000014,
            1.8000000000000007,
            -4.700000000000001,
            -2.400000000000002,
            -3.4000000000000004,
            2.3000000000000007,
            3.6999999999999993,
            2.2,
            -2.4,
            -0.3999999999999999
        ],
        "PTS": [
            5.300000000000001,
            6.0,
            3.1000000000000014,
            0.8000000000000007,
            0.29999999999999893,
            -4.6,
            -1.3000000000000003,
            -0.7000000000000002,
            0.0,
            1.6999999999999997,
            0.9,
            -0.6000000000000001,
            -0.10000000000000003
        ],
        "REB": [
            2.8000000000000007,
            -0.09999999999999964,
            0.7000000000000002,
            -0.10000000000000009,
            0.10000000000000009,
            0.3999999999999999,
            -0.5999999999999999,
            -0.3999999999999999,
            0.0,
            -0.19999999999999996,
            -0.30000000000000004,
            -0.3,
            -0.3
        ],
        "AST": [
            2.3000000000000007,
            0.9000000000000001,
            0.5,
            0.5,
            0.5999999999999999,
            0.3999999999999999,
            -0.29999999999999993,
            -0.10000000000000009,
            0.09999999999999998,
            0.09999999999999998,
            0.4,
            -0.1,
            0.0
        ],
        "STL": [
            -0.20000000000000018,
            0.7,
            0.0,
            0.20000000000000007,
            0.09999999999999998,
            0.09999999999999998,
            -0.09999999999999998,
            -0.2,
            -0.2,
            -0.09999999999999998,
            -0.09999999999999998,
            -0.3,
            -0.1
        ],
        "BLK": [
            1.7000000000000002,
            -0.20000000000000007,
            -0.09999999999999998,
            0.10000000000000003,
            0.09999999999999998,
            -0.1,
            -0.1,
            0.0,
            0.0,
            0.1,
            0.0,
            0.0,
            0.0
        ],
        "TO": [
            0.6000000000000001,
            0.6000000000000001,
            0.8,
            0.40000000000000013,
            0.30000000000000004,
            0.0,
            0.0,
            0.20000000000000007,
            0.4,
            0.0,
            0.09999999999999998,
            -0.1,
            -0.1
        ],
        "FG%": [
            8.099999999999994,
            4.200000000000003,
            3.8999999999999986,
            2.3999999999999986,
            6.200000000000003,
            5.599999999999994,
            0.5,
            -0.5,
            -1.5,
            -0.7000000000000028,
            0.7000000000000028,
            1.1999999999999957,
            9.899999999999999
        ],
        "FT%": [
            1.1000000000000085,
            5.0,
            6.700000000000003,
            8.599999999999994,
            7.8999999999999915,
            7.099999999999994,
            5.400000000000006,
            0.5999999999999943,
            -3.0,
            9.299999999999997,
            7.100000000000001,
            -50.0,
            0.0
        ],
        "3P%": [
            -50.0,
            -23.1,
            -8.399999999999999,
            -2.700000000000003,
            -2.1000000000000014,
            -1.8000000000000043,
            -3.8000000000000007,
            4.300000000000001,
            -2.0,
            7.900000000000002,
            24.0,
            22.2,
            0.0
        ]
    },
    "score_diff": 1
}