{
    "team_diff": "Stony Brook Seawolves vs Drexel Dragons",
    "sorted_stats_diff": {
        "GP": [
            -1.0,
            -1.0,
            -1.0,
            -1.0,
            -1.0,
            0.0,
            2.0,
            3.0,
            3.0,
            17.0,
            10.0,
            11.0
        ],
        "MIN": [
            -1.8000000000000043,
            -3.1999999999999993,
            -4.399999999999999,
            -4.100000000000001,
            2.3000000000000007,
            3.0,
            4.199999999999999,
            2.700000000000001,
            -8.5,
            0.10000000000000009,
            -0.7000000000000002,
            -1.2000000000000002
        ],
        "PTS": [
            4.200000000000001,
            3.8000000000000007,
            4.0,
            2.299999999999999,
            2.7,
            1.9000000000000004,
            -2.2,
            -2.3000000000000003,
            -2.2,
            0.7,
            0.6,
            0.5
        ],
        "REB": [
            2.1000000000000005,
            1.9000000000000004,
            2.1000000000000005,
            -0.2999999999999998,
            0.20000000000000018,
            0.7999999999999998,
            0.6000000000000001,
            0.7999999999999998,
            -0.3999999999999999,
            -0.30000000000000004,
            0.2,
            0.1
        ],
        "AST": [
            1.0999999999999996,
            -1.4,
            -1.3,
            0.0,
            0.0,
            0.19999999999999996,
            0.40000000000000013,
            0.20000000000000007,
            -0.3,
            -0.19999999999999998,
            0.1,
            0.0
        ],
        "STL": [
            -0.20000000000000018,
            0.10000000000000009,
            0.0,
            0.0,
            0.20000000000000007,
            0.19999999999999996,
            0.19999999999999996,
            0.09999999999999998,
            -0.2,
            0.2,
            0.1,
            0.1
        ],
        "BLK": [
            0.5000000000000001,
            0.6,
            0.09999999999999998,
            0.0,
            0.0,
            0.0,
            0.1,
            0.0,
            0.1,
            0.0,
            0.0,
            0.0
        ],
        "TO": [
            1.1999999999999997,
            -0.10000000000000009,
            0.30000000000000004,
            0.19999999999999996,
            0.0,
            0.4999999999999999,
            0.5,
            0.10000000000000009,
            -0.39999999999999997,
            0.0,
            0.1,
            0.2
        ],
        "FG%": [
            52.6,
            10.399999999999999,
            4.399999999999999,
            7.0,
            6.600000000000001,
            5.399999999999999,
            7.699999999999996,
            8.300000000000004,
            7.100000000000001,
            25.499999999999996,
            33.0,
            27.8
        ],
        "FT%": [
            18.299999999999997,
            0.9000000000000057,
            3.5,
            1.7000000000000028,
            0.6000000000000085,
            0.8999999999999915,
            1.5999999999999943,
            0.8000000000000114,
            10.400000000000006,
            35.9,
            50.0,
            37.5
        ],
        "3P%": [
            11.899999999999999,
            3.200000000000003,
            3.5,
            4.0,
            4.600000000000001,
            4.800000000000001,
            21.099999999999998,
            26.3,
            23.9,
            23.0,
            0.0,
            0.0
        ]
    },
    "score_diff": -8
}