{
    "team_diff": "Ohio State Buckeyes vs Duke Blue Devils",
    "sorted_stats_diff": {
        "GP": [
            -2.0,
            -2.0,
            -2.0,
            -2.0,
            -3.0,
            -3.0,
            -4.0,
            -6.0,
            -9.0,
            9.0,
            13.0
        ],
        "MIN": [
            2.5,
            0.10000000000000142,
            -0.1999999999999993,
            2.6000000000000014,
            3.099999999999998,
            -4.399999999999999,
            -4.299999999999999,
            -4.5,
            -2.3999999999999986,
            4.8,
            6.5
        ],
        "PTS": [
            5.4,
            4.6,
            1.6000000000000014,
            0.9000000000000004,
            1.200000000000001,
            -1.8999999999999995,
            -1.0,
            -1.4000000000000004,
            0.0,
            1.3000000000000003,
            1.7999999999999998
        ],
        "REB": [
            0.20000000000000018,
            -0.40000000000000036,
            -1.5,
            -0.5999999999999996,
            -0.2999999999999998,
            -0.5,
            -0.3999999999999999,
            -0.8,
            0.09999999999999987,
            0.0,
            0.8
        ],
        "AST": [
            0.19999999999999973,
            0.7999999999999998,
            0.9000000000000001,
            0.5,
            0.10000000000000009,
            0.0,
            0.10000000000000009,
            0.5,
            -0.19999999999999996,
            -0.09999999999999998,
            0.09999999999999998
        ],
        "STL": [
            1.0,
            0.5,
            0.3999999999999999,
            0.10000000000000009,
            0.09999999999999998,
            0.30000000000000004,
            -0.19999999999999996,
            0.09999999999999998,
            0.0,
            0.0,
            0.0
        ],
        "BLK": [
            -0.4999999999999999,
            -0.8,
            -0.7,
            0.0,
            -0.10000000000000003,
            -0.09999999999999998,
            -0.09999999999999998,
            -0.09999999999999998,
            -0.1,
            -0.2,
            0.0
        ],
        "TO": [
            -0.10000000000000009,
            -0.10000000000000009,
            -0.20000000000000018,
            -0.7,
            -1.1,
            -1.0999999999999999,
            -0.5,
            -0.10000000000000009,
            0.0,
            0.09999999999999998,
            0.10000000000000003
        ],
        "FG%": [
            44.6,
            6.100000000000001,
            2.200000000000003,
            0.5,
            -1.1000000000000014,
            2.200000000000003,
            5.800000000000004,
            6.200000000000003,
            5.100000000000001,
            5.700000000000003,
            35.3
        ],
        "FT%": [
            12.5,
            3.0999999999999943,
            2.5,
            -4.300000000000011,
            -1.1999999999999886,
            -1.0,
            -3.200000000000003,
            -6.900000000000006,
            -5.700000000000003,
            5.399999999999999,
            22.9
        ],
        "3P%": [
            6.299999999999997,
            5.599999999999994,
            6.0,
            5.399999999999999,
            5.300000000000001,
            4.799999999999997,
            8.899999999999999,
            4.800000000000001,
            22.2,
            0.0,
            0.0
        ]
    },
    "score_diff": -12
}