{
    "team_diff": "Duke Blue Devils vs Richmond Spiders",
    "sorted_stats_diff": {
        "GP": [
            -1.0,
            -1.0,
            -1.0,
            -1.0,
            -1.0,
            -1.0,
            0.0,
            1.0,
            4.0,
            -9.0,
            -16.0
        ],
        "MIN": [
            -1.3999999999999986,
            -3.1000000000000014,
            -1.8999999999999986,
            -3.3000000000000007,
            -2.599999999999998,
            -2.3000000000000007,
            4.5,
            9.3,
            6.499999999999999,
            -0.2999999999999998,
            -2.4
        ],
        "PTS": [
            -3.0,
            -3.5999999999999996,
            -2.200000000000001,
            -2.0,
            -0.3000000000000007,
            1.3999999999999995,
            0.7000000000000002,
            2.4000000000000004,
            1.8,
            0.19999999999999996,
            -0.4
        ],
        "REB": [
            0.39999999999999947,
            0.7999999999999998,
            1.0999999999999996,
            -0.2999999999999998,
            -0.5,
            0.0,
            1.1,
            1.4,
            0.20000000000000007,
            0.20000000000000007,
            -0.49999999999999994
        ],
        "AST": [
            -1.6,
            0.10000000000000009,
            -0.5999999999999999,
            0.10000000000000009,
            0.19999999999999996,
            0.3999999999999999,
            0.6,
            0.19999999999999996,
            0.3,
            0.3,
            0.1
        ],
        "STL": [
            0.0,
            0.3999999999999999,
            0.5,
            0.19999999999999996,
            0.20000000000000007,
            0.09999999999999998,
            0.39999999999999997,
            0.10000000000000003,
            0.30000000000000004,
            0.19999999999999998,
            0.1
        ],
        "BLK": [
            -1.1,
            0.30000000000000004,
            0.5,
            -0.29999999999999993,
            0.10000000000000003,
            0.0,
            0.19999999999999998,
            0.19999999999999998,
            0.1,
            0.1,
            0.0
        ],
        "TO": [
            -0.5,
            0.0,
            0.5,
            0.7999999999999998,
            0.8,
            0.8999999999999999,
            0.3999999999999999,
            0.30000000000000004,
            0.19999999999999996,
            0.2,
            0.09999999999999998
        ],
        "FG%": [
            2.3999999999999986,
            3.1000000000000014,
            0.0,
            0.0,
            0.29999999999999716,
            -2.9000000000000057,
            -5.200000000000003,
            -3.700000000000003,
            -1.7000000000000028,
            -2.4000000000000057,
            -31.3
        ],
        "FT%": [
            -12.5,
            0.0,
            -3.700000000000003,
            -3.5,
            -5.800000000000011,
            -6.599999999999994,
            -7.3999999999999915,
            -7.0,
            -10.900000000000006,
            -15.100000000000001,
            -18.9
        ],
        "3P%": [
            -9.100000000000001,
            -10.799999999999997,
            -8.200000000000003,
            -10.5,
            -9.8,
            -7.100000000000001,
            -11.0,
            -9.5,
            -27.5,
            -13.3,
            -12.5
        ]
    },
    "score_diff": 11
}