{
    "team_diff": "Gonzaga Bulldogs vs UC Irvine Anteaters",
    "sorted_stats_diff": {
        "GP": [
            4.0,
            4.0,
            4.0,
            4.0,
            3.0,
            3.0,
            2.0,
            -1.0,
            2.0,
            -7.0,
            -8.0,
            -7.0
        ],
        "MIN": [
            -2.5,
            -2.3999999999999986,
            0.6999999999999993,
            4.300000000000001,
            5.800000000000001,
            -0.5,
            0.0,
            -3.299999999999999,
            5.0,
            3.3,
            2.8000000000000003,
            4.5
        ],
        "PTS": [
            5.799999999999999,
            2.1999999999999993,
            3.5,
            3.9000000000000004,
            3.700000000000001,
            1.2000000000000002,
            -1.1,
            -0.7999999999999998,
            1.9000000000000001,
            0.6,
            0.7,
            0.39999999999999997
        ],
        "REB": [
            1.5999999999999996,
            0.39999999999999947,
            -0.3999999999999999,
            -0.19999999999999973,
            -0.6000000000000001,
            0.0,
            0.0,
            0.09999999999999964,
            0.9999999999999998,
            1.1,
            0.7,
            0.7
        ],
        "AST": [
            2.0999999999999996,
            2.3000000000000003,
            0.5999999999999999,
            1.2000000000000002,
            0.5,
            0.6,
            0.4,
            0.6,
            0.6000000000000001,
            0.49999999999999994,
            0.6,
            0.6
        ],
        "STL": [
            -1.2000000000000002,
            -0.7,
            -0.5999999999999999,
            0.10000000000000009,
            0.0,
            0.0,
            0.09999999999999998,
            0.2,
            0.0,
            0.19999999999999998,
            0.2,
            0.1
        ],
        "BLK": [
            0.19999999999999996,
            0.09999999999999998,
            0.39999999999999997,
            0.10000000000000003,
            0.09999999999999998,
            0.09999999999999998,
            0.1,
            0.1,
            0.0,
            0.0,
            0.1,
            0.0
        ],
        "TO": [
            -0.10000000000000009,
            0.0,
            -0.19999999999999996,
            -0.09999999999999987,
            -0.40000000000000013,
            0.10000000000000009,
            0.20000000000000007,
            0.30000000000000004,
            0.20000000000000007,
            0.4,
            0.3,
            0.2
        ],
        "FG%": [
            -6.600000000000001,
            -1.2000000000000028,
            9.399999999999999,
            6.700000000000003,
            3.5,
            7.899999999999999,
            7.699999999999996,
            9.699999999999996,
            11.200000000000003,
            9.200000000000003,
            12.3,
            14.599999999999998
        ],
        "FT%": [
            0.0,
            -11.099999999999994,
            0.9000000000000057,
            5.5,
            6.5,
            9.799999999999997,
            7.799999999999997,
            7.099999999999994,
            7.799999999999997,
            17.700000000000003,
            0.0,
            50.0
        ],
        "3P%": [
            9.600000000000001,
            10.100000000000001,
            14.599999999999998,
            15.900000000000002,
            14.099999999999998,
            13.100000000000001,
            10.399999999999999,
            18.1,
            20.0,
            14.3,
            0.0,
            0.0
        ]
    },
    "score_diff": 19
}