{
    "team_diff": "Gonzaga Bulldogs vs Utah Utes",
    "sorted_stats_diff": {
        "GP": [
            2.0,
            2.0,
            2.0,
            2.0,
            1.0,
            1.0,
            3.0,
            3.0,
            2.0,
            6.0,
            1.0,
            1.0,
            -5.0
        ],
        "MIN": [
            -2.8999999999999986,
            -2.0,
            -2.0,
            -1.5,
            1.6999999999999993,
            -3.0,
            -3.1999999999999993,
            -1.200000000000001,
            1.9000000000000004,
            -2.5999999999999996,
            -1.5999999999999996,
            2.4000000000000004,
            1.6
        ],
        "PTS": [
            -1.6999999999999993,
            -3.6000000000000014,
            1.4000000000000004,
            2.5,
            2.200000000000001,
            -1.5,
            -3.8000000000000003,
            -2.2,
            -1.4,
            -1.3,
            -0.6000000000000001,
            -0.5,
            -0.09999999999999998
        ],
        "REB": [
            2.0999999999999996,
            1.5,
            -1.9,
            -0.6000000000000001,
            -0.8000000000000003,
            -1.2000000000000002,
            -1.1,
            0.0,
            0.4999999999999998,
            0.30000000000000004,
            -0.19999999999999996,
            0.30000000000000004,
            -0.10000000000000003
        ],
        "AST": [
            -0.10000000000000053,
            0.5000000000000004,
            -0.8000000000000003,
            -0.19999999999999973,
            -0.6000000000000001,
            -0.5,
            -0.5,
            -0.30000000000000004,
            0.20000000000000007,
            0.09999999999999998,
            0.3,
            0.5,
            0.1
        ],
        "STL": [
            -0.8999999999999999,
            -0.7,
            -0.19999999999999996,
            0.20000000000000007,
            0.0,
            0.10000000000000009,
            0.29999999999999993,
            0.09999999999999998,
            -0.10000000000000003,
            0.0,
            0.0,
            0.0,
            0.1
        ],
        "BLK": [
            0.19999999999999996,
            0.39999999999999997,
            0.39999999999999997,
            0.10000000000000003,
            0.0,
            0.09999999999999998,
            0.0,
            0.0,
            0.0,
            0.0,
            0.0,
            -0.1,
            -0.1
        ],
        "TO": [
            0.0,
            -0.2999999999999998,
            -0.19999999999999996,
            0.10000000000000009,
            -0.10000000000000009,
            -0.19999999999999996,
            -0.19999999999999996,
            -0.19999999999999996,
            -0.3999999999999999,
            0.20000000000000007,
            0.09999999999999998,
            0.10000000000000003,
            -0.1
        ],
        "FG%": [
            -3.1999999999999957,
            -2.0,
            1.6999999999999957,
            -0.20000000000000284,
            -3.799999999999997,
            -3.8999999999999986,
            0.5,
            1.5999999999999943,
            0.9000000000000057,
            -0.8999999999999986,
            -3.3999999999999986,
            -2.8999999999999986,
            -22.2
        ],
        "FT%": [
            14.299999999999997,
            6.900000000000006,
            6.900000000000006,
            5.299999999999997,
            3.1999999999999886,
            9.5,
            11.799999999999997,
            8.299999999999997,
            6.0,
            11.900000000000006,
            0.0,
            0.0,
            16.7
        ],
        "3P%": [
            -10.0,
            1.6000000000000014,
            0.5,
            0.8999999999999986,
            -0.5,
            -5.199999999999999,
            -5.299999999999997,
            -6.800000000000001,
            -10.0,
            -8.3,
            -14.3,
            -9.1,
            0.0
        ]
    },
    "score_diff": 11
}