{
    "team_diff": "Holy Cross Crusaders vs UT Martin Skyhawks",
    "sorted_stats_diff": {
        "GP": [
            2.0,
            2.0,
            2.0,
            2.0,
            3.0,
            4.0,
            6.0,
            8.0,
            7.0,
            5.0,
            4.0,
            2.0,
            5.0
        ],
        "MIN": [
            -4.699999999999996,
            -4.599999999999998,
            -2.8999999999999986,
            -6.600000000000001,
            -4.900000000000002,
            -8.5,
            -14.899999999999999,
            -10.4,
            5.0,
            2.5999999999999996,
            1.9000000000000004,
            3.3,
            1.5
        ],
        "PTS": [
            0.3000000000000007,
            -4.199999999999999,
            0.3000000000000007,
            -1.5,
            -1.0,
            -0.7000000000000002,
            -3.5999999999999996,
            -2.8999999999999995,
            -1.6999999999999997,
            -0.19999999999999996,
            0.8,
            0.7000000000000001,
            0.6
        ],
        "REB": [
            -0.3000000000000007,
            -1.3999999999999995,
            0.40000000000000036,
            1.2999999999999998,
            0.20000000000000018,
            -0.5999999999999996,
            0.5,
            0.0,
            0.7000000000000001,
            0.7,
            0.7,
            0.7,
            0.9
        ],
        "AST": [
            0.8000000000000003,
            0.20000000000000018,
            -1.0999999999999999,
            0.0,
            -0.40000000000000013,
            -0.19999999999999996,
            -0.10000000000000009,
            -0.40000000000000013,
            0.39999999999999997,
            0.2,
            0.19999999999999998,
            0.19999999999999998,
            0.0
        ],
        "STL": [
            -1.0,
            -0.6000000000000001,
            -0.6,
            -0.7,
            -1.0,
            -1.0,
            -0.6000000000000001,
            -0.39999999999999997,
            0.09999999999999998,
            0.19999999999999998,
            0.0,
            0.0,
            0.0
        ],
        "BLK": [
            -0.9,
            0.0,
            0.2,
            0.10000000000000003,
            0.09999999999999998,
            0.09999999999999998,
            0.19999999999999998,
            0.1,
            0.1,
            0.2,
            0.1,
            0.1,
            0.0
        ],
        "TO": [
            -1.3000000000000003,
            -0.8999999999999999,
            -0.9000000000000001,
            -0.6999999999999997,
            -0.9999999999999998,
            -0.9000000000000001,
            -0.7000000000000001,
            -0.9,
            -0.39999999999999997,
            -0.2,
            0.09999999999999998,
            0.09999999999999998,
            0.19999999999999998
        ],
        "FG%": [
            2.700000000000003,
            -0.8999999999999986,
            -0.6000000000000014,
            -0.7000000000000028,
            1.0,
            1.2999999999999972,
            0.5,
            0.7000000000000028,
            2.0999999999999943,
            1.9000000000000057,
            3.8000000000000007,
            2.1999999999999993,
            1.0
        ],
        "FT%": [
            17.0,
            -4.200000000000003,
            -1.2999999999999972,
            2.5,
            2.0,
            0.4000000000000057,
            1.5,
            0.09999999999999432,
            0.0,
            0.0,
            -10.0,
            -25.0,
            0.0
        ],
        "3P%": [
            50.0,
            23.5,
            2.8999999999999986,
            0.0,
            -3.0999999999999943,
            -4.5,
            -13.200000000000003,
            -15.099999999999998,
            -20.799999999999997,
            -27.3,
            -26.7,
            -25.9,
            -18.2
        ]
    },
    "score_diff": 27
}