{
    "team_diff": "Holy Cross Crusaders vs Boston University Terriers",
    "sorted_stats_diff": {
        "GP": [
            2.0,
            2.0,
            2.0,
            3.0,
            3.0,
            2.0,
            4.0,
            0.0,
            11.0,
            13.0,
            5.0,
            6.0
        ],
        "MIN": [
            -2.5,
            -1.5999999999999979,
            2.1999999999999993,
            -0.6000000000000014,
            0.7999999999999972,
            -1.8000000000000007,
            -10.7,
            -6.700000000000001,
            -2.9000000000000004,
            2.8,
            2.3,
            3.5999999999999996
        ],
        "PTS": [
            -1.8999999999999986,
            -3.299999999999999,
            2.3000000000000007,
            0.39999999999999947,
            0.0,
            0.40000000000000036,
            -2.0,
            -1.2,
            -1.0,
            0.30000000000000004,
            0.6000000000000001,
            0.7000000000000001
        ],
        "REB": [
            -2.0999999999999996,
            0.6000000000000005,
            1.3000000000000003,
            1.4999999999999996,
            0.6000000000000001,
            -0.09999999999999964,
            0.10000000000000009,
            -0.20000000000000018,
            0.7000000000000001,
            0.3999999999999999,
            0.8999999999999999,
            1.2
        ],
        "AST": [
            1.6000000000000005,
            0.2999999999999998,
            -0.9000000000000001,
            -0.3999999999999999,
            -0.19999999999999996,
            -0.19999999999999996,
            -0.19999999999999996,
            -0.40000000000000013,
            -0.20000000000000007,
            0.10000000000000003,
            0.3,
            0.3
        ],
        "STL": [
            -0.5999999999999999,
            -0.30000000000000004,
            -0.4,
            -0.09999999999999998,
            -0.19999999999999996,
            -0.39999999999999997,
            -0.3,
            -0.2,
            0.0,
            0.0,
            -0.19999999999999998,
            0.0
        ],
        "BLK": [
            -1.9,
            0.0,
            -0.09999999999999998,
            -0.19999999999999996,
            -0.2,
            0.0,
            0.19999999999999998,
            0.2,
            0.2,
            0.2,
            0.1,
            0.1
        ],
        "TO": [
            -0.3999999999999999,
            -0.5,
            -0.7,
            -0.6000000000000001,
            -0.9000000000000001,
            -0.5,
            -0.4999999999999999,
            -0.9,
            -0.7,
            -0.39999999999999997,
            0.09999999999999998,
            0.3
        ],
        "FG%": [
            -5.299999999999997,
            -3.799999999999997,
            -4.899999999999999,
            -0.9000000000000057,
            -1.0,
            1.8999999999999986,
            5.300000000000004,
            3.4000000000000057,
            3.299999999999997,
            1.9000000000000057,
            3.0,
            12.600000000000001
        ],
        "FT%": [
            14.299999999999997,
            -0.20000000000000284,
            5.5,
            7.5,
            7.099999999999994,
            5.799999999999997,
            9.799999999999997,
            6.799999999999997,
            11.100000000000001,
            16.700000000000003,
            50.0,
            25.0
        ],
        "3P%": [
            57.6,
            24.6,
            9.600000000000001,
            7.700000000000003,
            3.400000000000002,
            2.3999999999999986,
            -3.6000000000000014,
            3.400000000000002,
            12.5,
            0.0,
            0.0,
            0.0
        ]
    },
    "score_diff": 6
}