{
    "team_diff": "Indiana Hoosiers vs Fairfield Stags",
    "sorted_stats_diff": {
        "GP": [
            -1.0,
            -1.0,
            -1.0,
            -1.0,
            -1.0,
            0.0,
            -1.0,
            0.0,
            -5.0,
            -2.0,
            -6.0,
            -12.0
        ],
        "MIN": [
            4.399999999999999,
            5.0,
            4.600000000000001,
            4.199999999999999,
            4.399999999999999,
            -0.40000000000000213,
            -9.499999999999998,
            -4.800000000000001,
            -0.6999999999999993,
            -2.3,
            -3.4000000000000004,
            -2.3
        ],
        "PTS": [
            4.700000000000001,
            2.5,
            1.5999999999999996,
            1.0,
            2.0999999999999996,
            0.6999999999999997,
            0.10000000000000009,
            -0.20000000000000018,
            -1.2,
            -1.8000000000000003,
            -1.2,
            -1.4000000000000001
        ],
        "REB": [
            1.3999999999999995,
            0.7999999999999998,
            0.10000000000000053,
            -0.2999999999999998,
            0.3999999999999999,
            -0.2999999999999998,
            0.30000000000000027,
            -0.5,
            -1.5000000000000002,
            -1.4000000000000001,
            0.6,
            0.19999999999999998
        ],
        "AST": [
            1.2999999999999998,
            -0.5,
            0.09999999999999964,
            0.19999999999999973,
            0.7999999999999998,
            0.19999999999999996,
            -0.10000000000000009,
            -0.09999999999999998,
            -0.19999999999999996,
            -0.2,
            0.0,
            -0.1
        ],
        "STL": [
            -1.1,
            -0.7000000000000001,
            -0.4,
            0.0,
            0.09999999999999998,
            0.09999999999999998,
            -0.39999999999999997,
            -0.3,
            -0.09999999999999998,
            -0.1,
            0.0,
            -0.1
        ],
        "BLK": [
            0.20000000000000018,
            0.39999999999999997,
            0.3,
            0.3,
            0.30000000000000004,
            0.19999999999999998,
            0.1,
            0.0,
            0.0,
            -0.1,
            0.0,
            0.0
        ],
        "TO": [
            -0.8999999999999999,
            -0.10000000000000009,
            -0.30000000000000004,
            -0.19999999999999996,
            -0.40000000000000013,
            -0.6000000000000001,
            -0.4999999999999999,
            -0.30000000000000004,
            -0.5,
            -0.4,
            0.1,
            -0.1
        ],
        "FG%": [
            41.4,
            42.8,
            15.700000000000003,
            13.799999999999997,
            1.6000000000000014,
            0.10000000000000142,
            6.0,
            7.5,
            7.899999999999999,
            8.0,
            8.199999999999996,
            5.399999999999999
        ],
        "FT%": [
            -2.0,
            -5.3999999999999915,
            -7.6000000000000085,
            -10.400000000000006,
            -9.299999999999997,
            -4.400000000000006,
            -5.400000000000006,
            -9.600000000000001,
            1.3000000000000043,
            6.0,
            -21.9,
            0.0
        ],
        "3P%": [
            0.0,
            -2.3999999999999986,
            4.700000000000003,
            4.0,
            4.100000000000001,
            -2.799999999999997,
            -5.899999999999999,
            -5.900000000000002,
            -8.3,
            -8.599999999999998,
            -20.0,
            0.0
        ]
    },
    "score_diff": 33
}