{
    "team_diff": "Indiana Hoosiers vs Oklahoma Sooners",
    "sorted_stats_diff": {
        "GP": [
            -1.0,
            -1.0,
            -1.0,
            -1.0,
            -1.0,
            -1.0,
            -3.0,
            -3.0,
            -8.0,
            -9.0,
            -13.0
        ],
        "MIN": [
            3.799999999999997,
            3.299999999999997,
            2.0,
            1.8999999999999986,
            8.599999999999998,
            5.099999999999998,
            -3.0,
            -3.200000000000001,
            -2.4000000000000004,
            -4.1000000000000005,
            -3.3
        ],
        "PTS": [
            4.700000000000001,
            3.700000000000001,
            1.3999999999999986,
            2.4000000000000004,
            2.799999999999999,
            -2.3,
            -1.7000000000000002,
            -2.3,
            -1.2,
            -0.7999999999999999,
            -0.8
        ],
        "REB": [
            -0.20000000000000018,
            0.20000000000000018,
            -1.0,
            0.0,
            0.30000000000000027,
            -0.5999999999999996,
            -0.5,
            -0.7000000000000002,
            -1.3,
            -1.2,
            -0.6000000000000001
        ],
        "AST": [
            0.5,
            -0.7999999999999998,
            0.3999999999999999,
            0.10000000000000009,
            0.4999999999999998,
            -0.10000000000000009,
            -0.30000000000000004,
            -0.30000000000000004,
            -0.4,
            -0.39999999999999997,
            -0.30000000000000004
        ],
        "STL": [
            -0.10000000000000009,
            -0.4,
            -0.29999999999999993,
            -0.20000000000000007,
            0.0,
            0.20000000000000007,
            -0.39999999999999997,
            -0.3,
            -0.2,
            -0.19999999999999998,
            -0.19999999999999998
        ],
        "BLK": [
            0.5,
            -0.30000000000000004,
            0.0,
            0.0,
            0.2,
            0.09999999999999998,
            0.0,
            0.0,
            0.0,
            0.0,
            0.0
        ],
        "TO": [
            -0.10000000000000009,
            0.0,
            -0.4999999999999998,
            -0.2999999999999998,
            -0.5,
            -0.19999999999999996,
            -0.29999999999999993,
            -0.3999999999999999,
            -0.29999999999999993,
            -0.29999999999999993,
            -0.09999999999999998
        ],
        "FG%": [
            47.5,
            52.9,
            25.10000000000001,
            19.799999999999997,
            7.0,
            5.5,
            6.5,
            5.399999999999999,
            5.299999999999997,
            7.100000000000001,
            6.0
        ],
        "FT%": [
            10.600000000000009,
            1.4000000000000057,
            1.3999999999999915,
            -1.7000000000000028,
            -1.4000000000000057,
            0.6999999999999886,
            -2.0,
            -10.100000000000001,
            -7.600000000000001,
            -1.8000000000000043,
            -28.6
        ],
        "3P%": [
            11.0,
            7.400000000000006,
            7.200000000000003,
            7.799999999999997,
            10.899999999999999,
            2.0,
            -0.8999999999999986,
            2.6999999999999993,
            5.6,
            4.300000000000001,
            0.0
        ]
    },
    "score_diff": 7
}