{
    "team_diff": "Iowa Hawkeyes vs West Virginia Mountaineers",
    "sorted_stats_diff": {
        "GP": [
            3.0,
            3.0,
            3.0,
            3.0,
            2.0,
            2.0,
            1.0,
            4.0,
            9.0,
            9.0
        ],
        "MIN": [
            2.6000000000000014,
            -1.9000000000000021,
            -3.1000000000000014,
            -5.899999999999999,
            2.6999999999999993,
            4.599999999999998,
            0.0,
            -4.100000000000001,
            -2.0999999999999996,
            1.8999999999999995
        ],
        "PTS": [
            11.899999999999999,
            0.5,
            3.6000000000000014,
            0.09999999999999964,
            0.0,
            0.0,
            -0.2999999999999998,
            -0.5,
            0.7000000000000002,
            1.1
        ],
        "REB": [
            0.8999999999999995,
            2.7,
            3.5999999999999996,
            3.3999999999999995,
            0.0,
            -0.3999999999999999,
            -0.7000000000000002,
            -0.7000000000000002,
            -0.7,
            -0.30000000000000004
        ],
        "AST": [
            3.7,
            0.3999999999999999,
            0.5,
            0.6999999999999997,
            0.7,
            0.3999999999999999,
            0.4,
            0.29999999999999993,
            0.10000000000000003,
            0.19999999999999998
        ],
        "STL": [
            -1.0999999999999999,
            -1.7999999999999998,
            -1.2999999999999998,
            -1.4999999999999998,
            -0.19999999999999996,
            0.0,
            -0.10000000000000009,
            -0.2,
            0.0,
            0.0
        ],
        "BLK": [
            0.0,
            0.0,
            -0.09999999999999998,
            0.0,
            0.0,
            0.0,
            0.1,
            0.0,
            0.0,
            0.1
        ],
        "TO": [
            1.5,
            -0.8999999999999999,
            -0.10000000000000009,
            -0.5,
            -0.6,
            -0.30000000000000004,
            0.0,
            -0.09999999999999998,
            -0.19999999999999996,
            -0.29999999999999993
        ],
        "FG%": [
            9.100000000000001,
            11.5,
            11.5,
            7.300000000000004,
            9.800000000000004,
            7.699999999999996,
            5.199999999999996,
            2.6000000000000014,
            10.0,
            8.399999999999999
        ],
        "FT%": [
            5.200000000000003,
            7.5,
            15.900000000000006,
            14.600000000000009,
            15.299999999999997,
            15.400000000000006,
            16.200000000000003,
            18.4,
            13.400000000000006,
            26.0
        ],
        "3P%": [
            -16.700000000000003,
            11.700000000000003,
            6.5,
            7.5000000000000036,
            7.299999999999997,
            6.700000000000003,
            7.5,
            33.3,
            29.0,
            0.0
        ]
    },
    "score_diff": 10
}