{
    "team_diff": "Iowa Hawkeyes vs Colorado Buffaloes",
    "sorted_stats_diff": {
        "GP": [
            2.0,
            2.0,
            2.0,
            2.0,
            1.0,
            1.0,
            -2.0,
            -2.0,
            0.0,
            2.0,
            7.0,
            6.0,
            4.0
        ],
        "MIN": [
            7.0,
            2.099999999999998,
            1.2999999999999972,
            -0.5,
            0.3999999999999986,
            3.0,
            -3.8999999999999986,
            -4.100000000000001,
            -2.5,
            2.6999999999999993,
            0.20000000000000018,
            0.20000000000000018,
            1.0999999999999999
        ],
        "PTS": [
            17.7,
            1.1999999999999993,
            0.3000000000000007,
            -0.8000000000000007,
            -0.39999999999999947,
            0.1999999999999993,
            -1.0,
            0.39999999999999947,
            0.6000000000000001,
            0.8000000000000003,
            0.5,
            0.0,
            -0.09999999999999998
        ],
        "REB": [
            -0.10000000000000053,
            1.7000000000000002,
            2.8,
            3.1999999999999997,
            -0.10000000000000009,
            0.0,
            -0.20000000000000018,
            -0.7000000000000002,
            -0.5999999999999999,
            -0.10000000000000009,
            -0.30000000000000004,
            -0.20000000000000007,
            -0.3
        ],
        "AST": [
            3.8000000000000007,
            -0.7999999999999998,
            0.2999999999999998,
            0.2999999999999998,
            0.30000000000000004,
            -0.19999999999999996,
            -0.20000000000000007,
            -0.30000000000000004,
            -0.19999999999999996,
            0.0,
            0.1,
            0.1,
            0.2
        ],
        "STL": [
            -0.30000000000000004,
            -0.7,
            -0.19999999999999996,
            -0.30000000000000004,
            -0.19999999999999996,
            -0.09999999999999998,
            0.09999999999999998,
            -0.3,
            0.0,
            -0.09999999999999998,
            -0.1,
            -0.1,
            -0.1
        ],
        "BLK": [
            -0.5000000000000001,
            0.19999999999999996,
            0.2,
            0.2,
            0.3,
            0.2,
            0.1,
            0.0,
            0.0,
            0.0,
            0.0,
            0.1,
            0.0
        ],
        "TO": [
            2.4,
            -0.3999999999999999,
            -0.30000000000000004,
            -0.40000000000000013,
            -0.7000000000000001,
            0.0,
            0.0,
            -0.20000000000000007,
            -0.09999999999999998,
            0.0,
            0.0,
            0.0,
            -0.19999999999999998
        ],
        "FG%": [
            12.100000000000001,
            14.100000000000001,
            13.899999999999999,
            7.700000000000003,
            8.600000000000001,
            9.100000000000001,
            6.899999999999999,
            2.200000000000003,
            3.1000000000000014,
            1.7999999999999972,
            -1.8999999999999986,
            2.4999999999999964,
            14.5
        ],
        "FT%": [
            -13.799999999999997,
            -4.099999999999994,
            2.4000000000000057,
            7.799999999999997,
            7.200000000000003,
            8.900000000000006,
            11.0,
            11.399999999999999,
            3.9000000000000057,
            8.0,
            -2.8999999999999986,
            16.700000000000003,
            -33.3
        ],
        "3P%": [
            7.100000000000001,
            4.0,
            8.100000000000001,
            6.700000000000003,
            8.399999999999999,
            8.100000000000001,
            11.100000000000001,
            10.099999999999998,
            10.8,
            -16.7,
            -16.7,
            -12.5,
            0.0
        ]
    },
    "score_diff": 21
}