{
    "team_diff": "Iowa Hawkeyes vs Holy Cross Crusaders",
    "sorted_stats_diff": {
        "GP": [
            2.0,
            2.0,
            2.0,
            2.0,
            1.0,
            3.0,
            0.0,
            3.0,
            6.0,
            9.0,
            10.0,
            10.0,
            5.0
        ],
        "MIN": [
            1.3999999999999986,
            -2.6000000000000014,
            -3.6000000000000014,
            -1.5999999999999979,
            0.3000000000000007,
            3.8999999999999986,
            3.5,
            -0.9000000000000004,
            -1.1999999999999993,
            1.1999999999999993,
            -2.0,
            -2.5999999999999996,
            -1.4
        ],
        "PTS": [
            14.899999999999999,
            3.0999999999999996,
            2.5,
            1.0,
            -0.20000000000000018,
            0.09999999999999964,
            1.7999999999999998,
            2.3999999999999995,
            2.1,
            1.4000000000000001,
            0.5999999999999999,
            0.2999999999999998,
            -0.5
        ],
        "REB": [
            -1.2000000000000002,
            1.0999999999999996,
            1.8999999999999995,
            2.0,
            -0.5,
            -0.10000000000000009,
            -0.6000000000000001,
            -0.5,
            -0.30000000000000004,
            -0.19999999999999996,
            -0.3999999999999999,
            -0.6,
            -0.7
        ],
        "AST": [
            4.5,
            0.10000000000000009,
            0.7,
            0.6999999999999997,
            0.5,
            0.09999999999999987,
            -0.09999999999999998,
            0.0,
            -0.19999999999999996,
            -0.10000000000000003,
            -0.09999999999999998,
            -0.09999999999999998,
            0.1
        ],
        "STL": [
            0.7,
            0.10000000000000009,
            0.20000000000000007,
            0.0,
            0.30000000000000004,
            0.5,
            0.39999999999999997,
            0.0,
            0.0,
            -0.09999999999999998,
            0.0,
            0.1,
            0.1
        ],
        "BLK": [
            -0.30000000000000004,
            -0.20000000000000007,
            0.0,
            0.09999999999999998,
            0.2,
            0.10000000000000003,
            -0.09999999999999998,
            -0.1,
            -0.1,
            -0.1,
            0.0,
            0.0,
            0.0
        ],
        "TO": [
            2.4,
            -0.30000000000000027,
            -0.10000000000000009,
            -0.40000000000000013,
            -0.4,
            -0.3999999999999999,
            -0.09999999999999998,
            0.19999999999999996,
            0.2,
            0.10000000000000003,
            0.10000000000000003,
            0.0,
            -0.19999999999999998
        ],
        "FG%": [
            17.0,
            16.799999999999997,
            17.5,
            11.400000000000006,
            11.899999999999999,
            10.5,
            10.199999999999996,
            7.0,
            7.200000000000003,
            8.599999999999994,
            3.299999999999997,
            2.4999999999999964,
            7.699999999999999
        ],
        "FT%": [
            -13.799999999999997,
            8.200000000000003,
            8.200000000000003,
            6.700000000000003,
            6.299999999999997,
            1.9000000000000057,
            0.0,
            6.700000000000003,
            0.0,
            -4.200000000000003,
            0.0,
            25.0,
            0.0
        ],
        "3P%": [
            -50.0,
            -20.6,
            -2.1999999999999957,
            -0.7999999999999972,
            3.6999999999999957,
            4.700000000000003,
            12.100000000000001,
            11.999999999999996,
            16.5,
            0.0,
            0.0,
            0.0,
            0.0
        ]
    },
    "score_diff": 26
}