{
    "team_diff": "Iowa State Cyclones vs Maryland Terrapins",
    "sorted_stats_diff": {
        "GP": [
            0.0,
            0.0,
            0.0,
            0.0,
            0.0,
            1.0,
            0.0,
            9.0,
            8.0,
            -3.0,
            -5.0
        ],
        "MIN": [
            0.6000000000000014,
            0.6000000000000014,
            2.3000000000000007,
            0.3999999999999986,
            -2.6999999999999993,
            -2.3000000000000007,
            -2.6999999999999993,
            1.1999999999999993,
            -0.8999999999999986,
            -1.2999999999999998,
            -1.9000000000000004
        ],
        "PTS": [
            3.5999999999999996,
            -0.5,
            -1.0,
            0.10000000000000142,
            -3.0999999999999996,
            -3.3999999999999995,
            -1.5,
            -0.2999999999999998,
            1.9,
            -1.3,
            -1.1
        ],
        "REB": [
            1.799999999999999,
            2.0,
            -0.5,
            -0.2999999999999998,
            -0.19999999999999973,
            -0.3999999999999999,
            0.30000000000000027,
            -0.6999999999999997,
            0.30000000000000004,
            -1.3,
            -1.1
        ],
        "AST": [
            1.4000000000000004,
            2.0,
            -0.20000000000000018,
            0.30000000000000004,
            -0.19999999999999996,
            0.0,
            0.19999999999999996,
            0.30000000000000004,
            0.19999999999999996,
            0.09999999999999998,
            0.10000000000000003
        ],
        "STL": [
            -0.5,
            -0.5,
            -0.3999999999999999,
            -0.4,
            -0.4,
            -0.19999999999999996,
            -0.19999999999999996,
            -0.10000000000000003,
            -0.09999999999999998,
            0.1,
            0.0
        ],
        "BLK": [
            0.20000000000000007,
            -0.09999999999999998,
            0.2,
            0.2,
            0.09999999999999998,
            0.09999999999999998,
            0.0,
            0.0,
            -0.1,
            -0.1,
            0.0
        ],
        "TO": [
            0.6000000000000001,
            0.6000000000000001,
            0.20000000000000018,
            -0.5,
            0.09999999999999987,
            0.0,
            0.0,
            0.40000000000000013,
            0.20000000000000007,
            -0.29999999999999993,
            -0.30000000000000004
        ],
        "FG%": [
            16.700000000000003,
            -0.19999999999999574,
            0.19999999999999574,
            -0.7999999999999972,
            3.4000000000000057,
            3.299999999999997,
            -4.0,
            -4.0,
            -4.099999999999994,
            -4.200000000000003,
            -10.600000000000001
        ],
        "FT%": [
            0.0,
            -1.5,
            0.7999999999999972,
            -0.20000000000000284,
            -4.5,
            -2.0,
            -1.7000000000000028,
            0.5,
            -5.099999999999994,
            -19.400000000000006,
            -58.8
        ],
        "3P%": [
            47.4,
            4.399999999999999,
            2.799999999999997,
            1.3999999999999986,
            6.9999999999999964,
            7.199999999999996,
            12.899999999999999,
            12.5,
            29.9,
            0.0,
            0.0
        ]
    },
    "score_diff": 7
}