{
    "team_diff": "Kansas Jayhawks vs Michigan Wolverines",
    "sorted_stats_diff": {
        "GP": [
            -1.0,
            -1.0,
            -1.0,
            -1.0,
            -1.0,
            -1.0,
            0.0,
            -1.0,
            -13.0,
            -11.0,
            -15.0,
            -13.0
        ],
        "MIN": [
            -0.30000000000000426,
            4.200000000000003,
            2.700000000000003,
            2.8000000000000007,
            4.699999999999999,
            3.1000000000000014,
            -0.9000000000000004,
            -1.1999999999999993,
            -2.8999999999999995,
            -2.9000000000000004,
            -1.6000000000000005,
            -0.5999999999999996
        ],
        "PTS": [
            -1.4000000000000004,
            0.6999999999999993,
            2.0,
            3.8999999999999995,
            2.1999999999999993,
            -2.8000000000000003,
            -2.3,
            -0.5999999999999999,
            -0.5999999999999999,
            -0.7999999999999998,
            -0.6000000000000001,
            -0.10000000000000009
        ],
        "REB": [
            5.4,
            0.9000000000000004,
            -0.30000000000000027,
            -1.4000000000000004,
            -1.2000000000000002,
            -0.8999999999999999,
            0.09999999999999964,
            -0.30000000000000004,
            -0.5,
            -0.7999999999999999,
            -0.8,
            -0.7
        ],
        "AST": [
            -0.2999999999999998,
            0.10000000000000009,
            0.20000000000000018,
            -0.09999999999999987,
            -1.1,
            -0.09999999999999998,
            -0.39999999999999997,
            -0.3,
            -0.2,
            -0.3,
            -0.3,
            -0.30000000000000004
        ],
        "STL": [
            0.19999999999999996,
            0.19999999999999996,
            0.30000000000000004,
            0.4,
            0.4,
            0.0,
            0.09999999999999998,
            -0.10000000000000003,
            -0.2,
            -0.09999999999999998,
            -0.09999999999999998,
            -0.1
        ],
        "BLK": [
            2.5,
            0.10000000000000003,
            -0.09999999999999998,
            -0.09999999999999998,
            -0.19999999999999998,
            -0.1,
            -0.1,
            0.0,
            0.0,
            -0.1,
            -0.1,
            -0.1
        ],
        "TO": [
            0.5999999999999996,
            0.5,
            -0.10000000000000009,
            0.0,
            -0.19999999999999996,
            -0.3999999999999999,
            -0.09999999999999998,
            0.0,
            -0.19999999999999996,
            -0.29999999999999993,
            -0.5,
            -0.5
        ],
        "FG%": [
            3.5,
            6.5,
            -1.1000000000000014,
            -2.5,
            -2.200000000000003,
            0.4000000000000057,
            -4.599999999999994,
            -4.899999999999999,
            -5.199999999999996,
            -4.5,
            -4.399999999999999,
            -8.100000000000001
        ],
        "FT%": [
            14.5,
            17.799999999999997,
            5.5,
            3.200000000000003,
            4.799999999999997,
            5.8999999999999915,
            8.700000000000003,
            9.299999999999997,
            19.200000000000003,
            18.400000000000006,
            3.799999999999997,
            -45.5
        ],
        "3P%": [
            1.5999999999999943,
            2.0,
            -4.200000000000003,
            -3.6000000000000014,
            -4.300000000000001,
            -11.700000000000003,
            -10.3,
            -7.899999999999999,
            -18.2,
            0.0,
            0.0,
            0.0
        ]
    },
    "score_diff": 9
}