{
    "team_diff": "Kansas State Wildcats vs Portland Pilots",
    "sorted_stats_diff": {
        "GP": [
            0.0,
            0.0,
            0.0,
            0.0,
            0.0,
            0.0,
            0.0,
            -4.0,
            -3.0,
            -7.0,
            -5.0,
            -2.0,
            5.0
        ],
        "MIN": [
            3.5,
            5.399999999999999,
            2.3999999999999986,
            2.8000000000000007,
            -1.6000000000000014,
            -1.1999999999999993,
            -5.1,
            -5.800000000000001,
            -2.1999999999999993,
            -1.5,
            -3.4000000000000004,
            -2.8999999999999995,
            -3.5
        ],
        "PTS": [
            7.6,
            0.1999999999999993,
            -0.9000000000000004,
            -1.1999999999999993,
            -0.6000000000000005,
            1.2999999999999998,
            1.0999999999999996,
            0.10000000000000009,
            0.5,
            -0.8,
            -0.6000000000000001,
            0.0,
            0.6000000000000001
        ],
        "REB": [
            2.3,
            -1.0,
            -0.30000000000000027,
            0.0,
            0.7000000000000002,
            1.2000000000000002,
            0.6999999999999997,
            0.6000000000000001,
            0.5,
            0.20000000000000018,
            0.19999999999999996,
            -0.5000000000000001,
            -0.5
        ],
        "AST": [
            2.0999999999999996,
            0.3999999999999999,
            -0.09999999999999964,
            -0.6000000000000001,
            -0.7000000000000002,
            -0.20000000000000018,
            -0.19999999999999996,
            -0.3999999999999999,
            -0.29999999999999993,
            -0.39999999999999997,
            -0.3,
            -0.09999999999999998,
            -0.3
        ],
        "STL": [
            -0.20000000000000018,
            -0.30000000000000004,
            -0.19999999999999996,
            -0.09999999999999987,
            -0.10000000000000009,
            -0.40000000000000013,
            -0.4,
            -0.30000000000000004,
            -0.19999999999999996,
            -0.29999999999999993,
            -0.10000000000000003,
            0.0,
            -0.19999999999999998
        ],
        "BLK": [
            -0.30000000000000027,
            -0.20000000000000007,
            0.29999999999999993,
            0.2,
            0.10000000000000003,
            0.2,
            0.09999999999999998,
            0.09999999999999998,
            0.0,
            0.1,
            0.0,
            0.0,
            0.0
        ],
        "TO": [
            0.20000000000000018,
            -0.30000000000000027,
            -0.5,
            -0.5,
            -0.5,
            -0.5999999999999999,
            -0.8,
            -0.30000000000000004,
            -0.30000000000000004,
            -0.30000000000000004,
            -0.19999999999999996,
            -0.19999999999999996,
            0.09999999999999998
        ],
        "FG%": [
            19.800000000000004,
            15.399999999999999,
            11.800000000000004,
            8.600000000000001,
            -0.9000000000000057,
            -0.29999999999999716,
            -2.3999999999999986,
            -2.6000000000000014,
            0.29999999999999716,
            0.19999999999999574,
            -0.5,
            5.0,
            7.400000000000002
        ],
        "FT%": [
            -6.5,
            -1.6000000000000085,
            -0.30000000000001137,
            1.7000000000000028,
            1.7000000000000028,
            3.799999999999997,
            2.3999999999999915,
            3.8000000000000114,
            8.899999999999999,
            4.5,
            7.800000000000004,
            3.5,
            0.0
        ],
        "3P%": [
            64.0,
            66.7,
            17.1,
            7.0,
            2.8999999999999986,
            1.3000000000000007,
            2.400000000000002,
            1.3999999999999986,
            2.3999999999999986,
            15.899999999999999,
            12.299999999999999,
            -9.1,
            -8.3
        ]
    },
    "score_diff": 13
}