{
    "team_diff": "LSU Tigers vs Rice Owls",
    "sorted_stats_diff": {
        "GP": [
            2.0,
            3.0,
            2.0,
            3.0,
            1.0,
            1.0,
            1.0,
            4.0,
            -4.0,
            4.0,
            1.0,
            -11.0,
            -1.0
        ],
        "MIN": [
            1.9000000000000021,
            2.8999999999999986,
            3.1000000000000014,
            10.3,
            10.400000000000002,
            5.100000000000001,
            2.8000000000000007,
            -4.0,
            -4.9,
            -7.5,
            -7.199999999999999,
            -5.0,
            -0.3999999999999999
        ],
        "PTS": [
            5.6,
            5.1,
            3.3999999999999986,
            7.300000000000001,
            4.8999999999999995,
            5.199999999999999,
            -0.6999999999999993,
            -0.6000000000000005,
            -2.8,
            -0.7999999999999998,
            -0.9000000000000001,
            -1.0,
            -1.0
        ],
        "REB": [
            6.299999999999999,
            4.9,
            2.8,
            1.7000000000000002,
            1.1999999999999997,
            0.10000000000000009,
            -0.2999999999999998,
            -0.19999999999999996,
            -0.3999999999999999,
            -0.5999999999999999,
            -0.7,
            -0.7000000000000001,
            -0.30000000000000004
        ],
        "AST": [
            0.20000000000000018,
            1.4,
            1.4,
            1.0,
            0.7999999999999998,
            0.30000000000000004,
            0.30000000000000004,
            -0.29999999999999993,
            0.09999999999999998,
            -0.09999999999999998,
            -0.3,
            -0.5,
            -0.3
        ],
        "STL": [
            0.9000000000000001,
            0.5,
            0.3999999999999999,
            0.19999999999999996,
            0.29999999999999993,
            0.5000000000000001,
            0.0,
            -0.09999999999999998,
            -0.10000000000000003,
            0.0,
            0.0,
            0.0,
            0.1
        ],
        "BLK": [
            0.9000000000000001,
            0.6,
            0.6,
            0.5,
            0.5,
            0.3,
            0.2,
            0.2,
            0.19999999999999998,
            0.19999999999999998,
            0.0,
            0.1,
            0.0
        ],
        "TO": [
            -0.10000000000000009,
            0.30000000000000027,
            0.5999999999999999,
            0.7999999999999998,
            0.6000000000000001,
            0.6000000000000001,
            0.6000000000000001,
            0.5999999999999999,
            -0.19999999999999996,
            0.0,
            -0.4,
            -0.49999999999999994,
            -0.4
        ],
        "FG%": [
            -3.0,
            17.700000000000003,
            14.799999999999997,
            10.300000000000004,
            7.200000000000003,
            9.0,
            8.899999999999999,
            9.5,
            13.400000000000006,
            8.900000000000006,
            5.799999999999997,
            9.199999999999996,
            8.5
        ],
        "FT%": [
            -14.299999999999997,
            -3.299999999999997,
            -2.8000000000000114,
            -3.799999999999997,
            -2.700000000000003,
            -2.799999999999997,
            0.0,
            -0.30000000000001137,
            -12.0,
            -8.5,
            -9.700000000000003,
            -12.500000000000007,
            -11.799999999999997
        ],
        "3P%": [
            10.399999999999999,
            2.5,
            2.0999999999999943,
            1.5,
            1.8999999999999986,
            -0.6000000000000014,
            -1.8000000000000007,
            -9.399999999999999,
            -10.6,
            0.0,
            0.0,
            0.0,
            0.0
        ]
    },
    "score_diff": 10
}