{
    "team_diff": "UCLA Bruins vs LSU Tigers",
    "sorted_stats_diff": {
        "GP": [
            -2.0,
            -2.0,
            -1.0,
            -1.0,
            1.0,
            1.0,
            -2.0,
            -3.0,
            1.0,
            -4.0,
            -8.0,
            -6.0
        ],
        "MIN": [
            0.3999999999999986,
            -1.1999999999999957,
            -4.199999999999999,
            -4.199999999999999,
            -6.100000000000001,
            0.6999999999999993,
            2.8000000000000007,
            1.5,
            1.6999999999999993,
            3.5999999999999996,
            2.6999999999999993,
            0.5
        ],
        "PTS": [
            -3.799999999999999,
            -2.5999999999999996,
            -1.5,
            -2.5999999999999996,
            -1.6999999999999993,
            -3.0,
            1.0999999999999996,
            -1.0999999999999996,
            0.0,
            0.09999999999999987,
            0.40000000000000013,
            -0.20000000000000007
        ],
        "REB": [
            -3.8999999999999986,
            -3.4000000000000004,
            -1.8999999999999995,
            0.09999999999999964,
            0.40000000000000036,
            0.3999999999999999,
            0.5,
            0.19999999999999996,
            0.5,
            0.5999999999999999,
            0.7,
            0.9
        ],
        "AST": [
            0.7999999999999998,
            1.0,
            0.10000000000000009,
            -0.3999999999999999,
            -0.3999999999999999,
            -0.09999999999999987,
            -0.19999999999999996,
            0.09999999999999998,
            0.20000000000000007,
            0.29999999999999993,
            0.49999999999999994,
            0.4
        ],
        "STL": [
            -0.6000000000000001,
            -0.5,
            -0.5,
            -0.10000000000000009,
            -0.19999999999999996,
            -0.30000000000000004,
            0.09999999999999998,
            0.09999999999999998,
            0.10000000000000003,
            0.2,
            0.09999999999999998,
            0.0
        ],
        "BLK": [
            0.3999999999999999,
            -0.3999999999999999,
            -0.4,
            -0.30000000000000004,
            -0.30000000000000004,
            -0.09999999999999998,
            -0.10000000000000003,
            -0.2,
            -0.19999999999999998,
            -0.19999999999999998,
            0.0,
            -0.1
        ],
        "TO": [
            -0.10000000000000009,
            -0.20000000000000018,
            -0.2999999999999998,
            -0.3999999999999999,
            -0.20000000000000018,
            -0.6000000000000001,
            -1.0,
            -0.9999999999999999,
            0.09999999999999998,
            -0.10000000000000009,
            0.29999999999999993,
            0.2
        ],
        "FG%": [
            -2.4000000000000057,
            -11.799999999999997,
            -10.0,
            -4.100000000000001,
            -2.3000000000000043,
            -4.5,
            -2.8999999999999986,
            -6.5,
            -7.600000000000001,
            -5.400000000000006,
            -2.3999999999999986,
            2.200000000000003
        ],
        "FT%": [
            14.299999999999997,
            6.5,
            7.5,
            3.5,
            -1.5999999999999943,
            -2.299999999999997,
            -3.5999999999999943,
            -2.299999999999997,
            -0.5,
            -8.799999999999997,
            -7.0,
            -12.899999999999999
        ],
        "3P%": [
            -13.399999999999999,
            -6.200000000000003,
            -5.099999999999994,
            -3.3999999999999986,
            -2.099999999999998,
            -0.8000000000000007,
            -0.8999999999999986,
            -1.9000000000000004,
            -11.1,
            0.0,
            0.0,
            0.0
        ]
    },
    "score_diff": -9
}