{
    "team_diff": "LSU Tigers vs Middle Tennessee Blue Raiders",
    "sorted_stats_diff": {
        "GP": [
            1.0,
            1.0,
            0.0,
            0.0,
            -2.0,
            -2.0,
            4.0,
            11.0,
            11.0,
            17.0,
            16.0,
            3.0,
            2.0
        ],
        "MIN": [
            -5.5,
            -4.800000000000004,
            -5.300000000000001,
            -3.9999999999999964,
            1.0,
            13.400000000000002,
            11.6,
            4.300000000000001,
            5.2,
            4.2,
            2.4000000000000004,
            2.3,
            0.10000000000000009
        ],
        "PTS": [
            1.1999999999999993,
            2.0,
            2.299999999999999,
            2.200000000000001,
            2.5999999999999996,
            8.399999999999999,
            2.4000000000000004,
            2.9,
            1.0,
            1.3,
            0.8999999999999999,
            0.8,
            0.3
        ],
        "REB": [
            4.699999999999999,
            3.3000000000000007,
            2.0,
            1.0999999999999996,
            1.4,
            0.3999999999999999,
            0.7,
            0.7,
            1.0,
            0.6000000000000001,
            0.7000000000000001,
            0.6,
            0.5
        ],
        "AST": [
            -1.2999999999999998,
            0.20000000000000018,
            0.6000000000000001,
            1.0,
            1.4,
            1.2,
            1.1,
            0.6000000000000001,
            0.39999999999999997,
            0.30000000000000004,
            0.2,
            0.0,
            0.0
        ],
        "STL": [
            0.9000000000000001,
            0.5,
            0.5999999999999999,
            0.4,
            0.5,
            0.7000000000000001,
            0.2,
            0.2,
            0.09999999999999998,
            0.2,
            0.2,
            0.2,
            0.1
        ],
        "BLK": [
            -1.2999999999999998,
            0.09999999999999987,
            0.7,
            0.6000000000000001,
            0.5,
            0.3,
            0.30000000000000004,
            0.4,
            0.3,
            0.3,
            0.1,
            0.1,
            0.0
        ],
        "TO": [
            0.20000000000000018,
            0.5,
            0.5,
            0.7,
            0.6000000000000001,
            0.5,
            1.3,
            1.2,
            0.5,
            0.6000000000000001,
            0.30000000000000004,
            0.2,
            0.1
        ],
        "FG%": [
            -33.3,
            5.0,
            0.5,
            4.100000000000001,
            5.800000000000004,
            7.100000000000001,
            7.199999999999996,
            11.799999999999997,
            11.400000000000006,
            13.400000000000002,
            21.7,
            33.3,
            31.7
        ],
        "FT%": [
            -5.200000000000003,
            -3.299999999999997,
            3.1999999999999886,
            4.0,
            9.899999999999991,
            10.099999999999994,
            10.700000000000003,
            17.39999999999999,
            11.5,
            58.8,
            57.0,
            52.9,
            50.0
        ],
        "3P%": [
            4.299999999999997,
            2.3999999999999986,
            0.19999999999999574,
            -0.9000000000000057,
            2.9999999999999964,
            -1.9000000000000021,
            5.0,
            13.0,
            11.1,
            0.0,
            0.0,
            0.0,
            0.0
        ]
    },
    "score_diff": 27
}