{
    "team_diff": "Louisville Cardinals vs Middle Tennessee Blue Raiders",
    "sorted_stats_diff": {
        "GP": [
            -1.0,
            -1.0,
            -1.0,
            -1.0,
            -1.0,
            0.0,
            6.0,
            12.0,
            19.0,
            18.0,
            11.0
        ],
        "MIN": [
            -10.8,
            -9.900000000000002,
            -11.700000000000003,
            -10.999999999999996,
            -7.400000000000002,
            12.3,
            9.200000000000001,
            7.899999999999999,
            6.499999999999999,
            1.6000000000000005,
            2.5999999999999996
        ],
        "PTS": [
            -5.199999999999999,
            -3.6999999999999993,
            -1.5999999999999996,
            -1.799999999999999,
            0.09999999999999964,
            3.7,
            2.5999999999999996,
            1.9,
            1.6,
            1.3,
            1.2
        ],
        "REB": [
            -1.9000000000000004,
            0.0,
            -1.0999999999999996,
            -0.8000000000000003,
            -0.6000000000000001,
            -0.5,
            0.8,
            1.1,
            1.2,
            1.2,
            0.7000000000000001
        ],
        "AST": [
            -2.6,
            -0.5,
            -0.09999999999999964,
            0.3999999999999999,
            0.4999999999999999,
            0.5,
            0.5,
            0.39999999999999997,
            0.2,
            0.19999999999999998,
            0.1
        ],
        "STL": [
            -0.30000000000000004,
            -0.5,
            -0.19999999999999996,
            0.09999999999999998,
            0.20000000000000007,
            0.5,
            0.6000000000000001,
            0.49999999999999994,
            0.09999999999999998,
            0.3,
            0.1
        ],
        "BLK": [
            -2.3,
            -0.9000000000000001,
            -0.09999999999999998,
            -0.09999999999999998,
            -0.19999999999999998,
            -0.1,
            0.0,
            0.1,
            0.1,
            0.1,
            0.0
        ],
        "TO": [
            -0.2999999999999998,
            0.0,
            0.20000000000000018,
            0.19999999999999996,
            0.30000000000000004,
            0.19999999999999996,
            0.7,
            0.40000000000000013,
            0.6000000000000001,
            0.3,
            0.19999999999999998
        ],
        "FG%": [
            -37.5,
            -4.700000000000003,
            -9.200000000000003,
            -0.29999999999999716,
            2.3000000000000043,
            2.5,
            -1.1000000000000014,
            3.6999999999999957,
            3.8000000000000043,
            8.599999999999998,
            20.3
        ],
        "FT%": [
            -2.5,
            -9.400000000000006,
            -1.9000000000000057,
            1.2000000000000028,
            6.200000000000003,
            6.5,
            5.700000000000003,
            13.200000000000003,
            16.700000000000003,
            60.0,
            50.0
        ],
        "3P%": [
            -6.900000000000006,
            -0.7000000000000028,
            -2.200000000000003,
            -4.900000000000002,
            0.5,
            -0.20000000000000284,
            5.5,
            14.3,
            0.0,
            0.0,
            0.0
        ]
    },
    "score_diff": -2
}