{
    "team_diff": "NC State Wolfpack vs Tennessee Lady Volunteers",
    "sorted_stats_diff": {
        "GP": [
            3.0,
            3.0,
            3.0,
            2.0,
            1.0,
            1.0,
            1.0,
            0.0,
            -4.0,
            -1.0,
            -2.0,
            -2.0
        ],
        "MIN": [
            3.5,
            1.8999999999999986,
            2.1000000000000014,
            1.2000000000000028,
            5.0,
            5.699999999999999,
            -5.699999999999999,
            -6.199999999999999,
            -7.800000000000001,
            -8.5,
            0.3000000000000007,
            -1.7999999999999998
        ],
        "PTS": [
            -3.8000000000000007,
            -0.40000000000000036,
            0.7999999999999989,
            1.299999999999999,
            3.2,
            2.1000000000000005,
            -1.7000000000000002,
            -2.9,
            -3.3,
            -3.2,
            0.0,
            -0.6000000000000001
        ],
        "REB": [
            -1.1999999999999993,
            2.0999999999999996,
            1.5999999999999996,
            1.7999999999999998,
            0.1999999999999993,
            0.09999999999999964,
            -1.4,
            -1.3,
            -1.5,
            -1.1999999999999997,
            -0.30000000000000004,
            -0.5
        ],
        "AST": [
            -0.5999999999999996,
            0.0,
            0.6000000000000001,
            -0.9000000000000001,
            -0.7000000000000001,
            -0.8,
            -0.6000000000000001,
            -0.29999999999999993,
            -0.3,
            -0.4,
            -0.30000000000000004,
            -0.3
        ],
        "STL": [
            1.3000000000000003,
            0.7,
            0.5000000000000001,
            0.09999999999999998,
            0.0,
            -0.09999999999999998,
            -0.09999999999999998,
            -0.19999999999999998,
            -0.19999999999999998,
            -0.19999999999999998,
            -0.3,
            -0.1
        ],
        "BLK": [
            -0.30000000000000004,
            0.5,
            0.09999999999999998,
            0.3,
            0.2,
            0.30000000000000004,
            0.19999999999999998,
            0.1,
            0.1,
            0.0,
            0.0,
            0.0
        ],
        "TO": [
            -0.3999999999999999,
            -0.20000000000000018,
            -0.6000000000000001,
            0.20000000000000018,
            -0.09999999999999987,
            -0.2999999999999998,
            -0.8,
            -0.7,
            -0.7999999999999999,
            -0.5,
            -0.10000000000000003,
            -0.4
        ],
        "FG%": [
            0.7000000000000028,
            4.600000000000001,
            -0.8999999999999986,
            0.5,
            -0.29999999999999716,
            0.5,
            2.3999999999999986,
            0.8000000000000043,
            -3.5,
            -7.800000000000004,
            -8.100000000000001,
            -13.8
        ],
        "FT%": [
            -20.0,
            -6.5,
            -5.5,
            -3.4000000000000057,
            -3.700000000000003,
            -5.400000000000006,
            -5.900000000000006,
            -5.700000000000003,
            -10.400000000000006,
            -10.0,
            -7.100000000000001,
            -48.7
        ],
        "3P%": [
            3.700000000000003,
            3.3999999999999986,
            -1.2999999999999972,
            -1.0999999999999979,
            -1.0,
            -0.8000000000000007,
            0.5,
            1.1999999999999993,
            0.8000000000000007,
            -15.8,
            0.0,
            0.0
        ]
    },
    "score_diff": 7
}