{
    "team_diff": "NC State Wolfpack vs Chattanooga Mocs",
    "sorted_stats_diff": {
        "GP": [
            3.0,
            3.0,
            3.0,
            2.0,
            1.0,
            0.0,
            1.0,
            0.0,
            0.0,
            9.0,
            6.0
        ],
        "MIN": [
            -0.5,
            -1.8999999999999986,
            -0.3000000000000007,
            -1.0999999999999979,
            8.2,
            7.5,
            -6.199999999999999,
            -0.5,
            0.5999999999999996,
            2.3000000000000003,
            2.9000000000000004
        ],
        "PTS": [
            -3.1000000000000014,
            -1.5,
            3.0999999999999996,
            4.8999999999999995,
            5.4,
            3.9000000000000004,
            -0.5999999999999996,
            -0.19999999999999973,
            -0.3999999999999999,
            -0.40000000000000013,
            0.9000000000000001
        ],
        "REB": [
            0.0,
            0.09999999999999964,
            0.7999999999999998,
            3.6999999999999997,
            2.3,
            1.5999999999999996,
            0.5,
            0.5,
            0.20000000000000007,
            0.7000000000000001,
            0.3
        ],
        "AST": [
            1.2000000000000002,
            1.5,
            1.2,
            -0.19999999999999996,
            0.0,
            0.19999999999999996,
            0.09999999999999998,
            0.10000000000000003,
            0.09999999999999998,
            0.0,
            0.1
        ],
        "STL": [
            1.0000000000000002,
            0.2999999999999998,
            0.10000000000000009,
            -0.30000000000000004,
            -0.09999999999999998,
            -0.09999999999999998,
            0.10000000000000003,
            -0.1,
            -0.1,
            0.0,
            0.0
        ],
        "BLK": [
            0.6000000000000001,
            0.6000000000000001,
            0.2,
            0.2,
            0.2,
            0.30000000000000004,
            0.19999999999999998,
            0.1,
            0.2,
            0.1,
            0.0
        ],
        "TO": [
            0.3999999999999999,
            0.2999999999999998,
            0.19999999999999996,
            0.0,
            0.19999999999999996,
            0.20000000000000007,
            -0.30000000000000004,
            -0.19999999999999996,
            -0.09999999999999998,
            0.2,
            0.3
        ],
        "FG%": [
            -8.600000000000001,
            -2.299999999999997,
            -4.600000000000001,
            -4.799999999999997,
            -4.0,
            -3.1000000000000014,
            -3.1000000000000014,
            -4.799999999999997,
            -2.6000000000000014,
            -6.600000000000001,
            -5.100000000000001
        ],
        "FT%": [
            -10.0,
            -2.0,
            -1.2000000000000028,
            -2.200000000000003,
            -3.799999999999997,
            -4.200000000000003,
            -4.6000000000000085,
            -10.0,
            -13.299999999999997,
            0.0,
            50.0
        ],
        "3P%": [
            -59.0,
            -14.699999999999996,
            -13.799999999999997,
            -7.300000000000001,
            -4.600000000000001,
            -5.599999999999998,
            -6.400000000000002,
            -7.300000000000001,
            -6.0,
            0.0,
            0.0
        ]
    },
    "score_diff": 19
}