{
    "team_diff": "Stanford Cardinal vs NC State Wolfpack",
    "sorted_stats_diff": {
        "GP": [
            0.0,
            0.0,
            0.0,
            1.0,
            2.0,
            1.0,
            1.0,
            3.0,
            13.0,
            12.0,
            6.0,
            7.0
        ],
        "MIN": [
            -0.5,
            -0.8999999999999986,
            -3.6000000000000014,
            -3.200000000000003,
            -6.600000000000001,
            -8.5,
            1.8000000000000007,
            3.299999999999999,
            5.4,
            4.799999999999999,
            -1.3000000000000003,
            -0.30000000000000027
        ],
        "PTS": [
            3.0,
            4.699999999999999,
            -0.09999999999999964,
            -3.8999999999999995,
            -4.1000000000000005,
            -3.5,
            1.2999999999999998,
            1.7999999999999998,
            1.9000000000000001,
            0.8,
            -1.1,
            -0.3
        ],
        "REB": [
            4.9,
            4.0,
            -2.6999999999999997,
            -2.8,
            -1.6999999999999997,
            -1.9,
            -0.10000000000000009,
            0.09999999999999987,
            0.09999999999999987,
            -0.20000000000000007,
            -0.09999999999999998,
            0.0
        ],
        "AST": [
            0.39999999999999947,
            -0.7000000000000002,
            -0.6000000000000001,
            0.9000000000000001,
            0.7999999999999999,
            0.9000000000000001,
            0.8,
            0.7999999999999999,
            0.8999999999999999,
            0.5,
            0.0,
            0.1
        ],
        "STL": [
            -1.4000000000000001,
            -0.7,
            -0.40000000000000013,
            -0.09999999999999998,
            0.09999999999999998,
            0.19999999999999996,
            0.0,
            0.30000000000000004,
            0.1,
            0.1,
            0.2,
            0.0
        ],
        "BLK": [
            2.4000000000000004,
            -0.30000000000000004,
            -0.09999999999999998,
            -0.3,
            -0.2,
            -0.30000000000000004,
            -0.19999999999999998,
            -0.1,
            -0.1,
            0.0,
            0.0,
            0.0
        ],
        "TO": [
            -0.10000000000000009,
            0.0,
            -0.19999999999999996,
            -0.5,
            -0.4,
            -0.20000000000000007,
            0.19999999999999996,
            0.19999999999999996,
            0.29999999999999993,
            0.29999999999999993,
            -0.19999999999999998,
            0.1
        ],
        "FG%": [
            -3.5,
            -1.8000000000000043,
            3.5,
            0.09999999999999432,
            0.19999999999999574,
            -0.3999999999999986,
            -3.0,
            -2.200000000000003,
            0.7999999999999972,
            6.200000000000003,
            -25.0,
            -12.5
        ],
        "FT%": [
            6.400000000000006,
            4.400000000000006,
            4.799999999999997,
            -0.29999999999999716,
            0.7000000000000028,
            -1.2000000000000028,
            -2.3999999999999915,
            -0.7000000000000028,
            -2.5,
            2.6000000000000014,
            -50.0,
            0.0
        ],
        "3P%": [
            -1.5,
            -1.3999999999999986,
            4.700000000000003,
            5.800000000000001,
            5.299999999999997,
            6.599999999999998,
            9.3,
            11.100000000000001,
            11.399999999999999,
            10.0,
            0.0,
            0.0
        ]
    },
    "score_diff": -10
}