{
    "team_diff": "Nebraska Cornhuskers vs Texas A&M Aggies",
    "sorted_stats_diff": {
        "GP": [
            3.0,
            3.0,
            4.0,
            4.0,
            4.0,
            5.0,
            5.0,
            6.0,
            6.0,
            6.0,
            12.0
        ],
        "MIN": [
            3.400000000000002,
            1.5,
            -2.3000000000000007,
            -5.600000000000001,
            -6.099999999999998,
            0.1999999999999993,
            1.299999999999999,
            0.10000000000000142,
            -2.0999999999999996,
            -2.200000000000001,
            2.6000000000000005
        ],
        "PTS": [
            2.0999999999999996,
            1.200000000000001,
            -2.0,
            -2.0999999999999996,
            -0.20000000000000018,
            1.0999999999999996,
            -0.2999999999999998,
            0.2999999999999998,
            0.10000000000000009,
            -0.40000000000000036,
            0.30000000000000004
        ],
        "REB": [
            2.5999999999999996,
            -2.0999999999999996,
            -1.4000000000000004,
            -1.7999999999999998,
            -1.1,
            -1.0,
            0.0,
            -0.19999999999999996,
            0.40000000000000013,
            0.5,
            0.4
        ],
        "AST": [
            1.9000000000000004,
            0.10000000000000009,
            -0.30000000000000027,
            -0.3999999999999999,
            -0.19999999999999996,
            -0.19999999999999996,
            -0.09999999999999987,
            -0.09999999999999998,
            0.0,
            -0.4,
            -0.09999999999999998
        ],
        "STL": [
            -0.6999999999999997,
            -0.4,
            -0.5,
            -0.5000000000000001,
            -0.09999999999999998,
            -0.19999999999999996,
            -0.09999999999999998,
            0.09999999999999998,
            -0.09999999999999998,
            -0.09999999999999998,
            -0.1
        ],
        "BLK": [
            -1.0,
            -0.39999999999999997,
            -0.10000000000000003,
            -0.10000000000000003,
            -0.19999999999999998,
            -0.1,
            -0.1,
            -0.1,
            -0.1,
            -0.1,
            0.0
        ],
        "TO": [
            0.09999999999999964,
            0.0,
            -0.19999999999999996,
            -0.19999999999999996,
            -0.30000000000000004,
            -0.3999999999999999,
            -0.29999999999999993,
            -0.19999999999999996,
            0.10000000000000009,
            0.09999999999999998,
            0.5
        ],
        "FG%": [
            -3.5,
            -2.299999999999997,
            -1.3999999999999986,
            -1.8999999999999986,
            7.0,
            5.5,
            3.799999999999997,
            4.399999999999999,
            5.099999999999994,
            3.0999999999999943,
            -2.3000000000000007
        ],
        "FT%": [
            -10.0,
            0.09999999999999432,
            0.10000000000000853,
            4.0,
            4.0,
            5.5,
            5.799999999999997,
            -1.5,
            4.0,
            0.0,
            1.3999999999999986
        ],
        "3P%": [
            -7.899999999999999,
            5.600000000000001,
            5.399999999999999,
            4.700000000000003,
            8.700000000000003,
            5.800000000000001,
            8.8,
            6.399999999999999,
            5.200000000000003,
            23.1,
            22.9
        ]
    },
    "score_diff": 2
}