{
    "team_diff": "North Carolina Tar Heels vs Michigan State Spartans",
    "sorted_stats_diff": {
        "GP": [
            2.0,
            2.0,
            2.0,
            2.0,
            2.0,
            0.0,
            -7.0,
            -2.0,
            4.0,
            6.0,
            8.0,
            4.0
        ],
        "MIN": [
            4.5,
            4.399999999999999,
            8.0,
            -1.6000000000000014,
            -3.8000000000000007,
            -3.1999999999999993,
            -4.300000000000001,
            -0.3000000000000007,
            0.6000000000000014,
            1.0,
            1.0,
            -3.0
        ],
        "PTS": [
            0.9000000000000004,
            -2.1999999999999993,
            -1.8000000000000007,
            -2.0,
            -3.1999999999999993,
            -2.799999999999999,
            -3.0999999999999996,
            -2.9000000000000004,
            -4.1000000000000005,
            -1.5,
            -0.19999999999999973,
            -0.20000000000000018
        ],
        "REB": [
            2.2,
            0.6000000000000005,
            -0.40000000000000036,
            -0.8000000000000003,
            -1.0999999999999996,
            -1.5,
            -0.10000000000000009,
            -0.5,
            -0.5000000000000002,
            -0.3999999999999999,
            0.0,
            0.09999999999999998
        ],
        "AST": [
            -1.6,
            0.5,
            -0.7000000000000002,
            -0.7999999999999998,
            -0.6000000000000001,
            -0.5,
            -0.30000000000000004,
            -0.8,
            -0.9,
            -0.7,
            -0.6,
            -0.4
        ],
        "STL": [
            0.0,
            0.0,
            0.0,
            -0.30000000000000004,
            -0.29999999999999993,
            -0.6,
            -0.5,
            -0.5,
            -0.5,
            -0.49999999999999994,
            0.0,
            0.2
        ],
        "BLK": [
            -0.6000000000000001,
            0.6000000000000001,
            0.0,
            0.19999999999999996,
            0.2,
            0.09999999999999998,
            0.1,
            0.1,
            0.0,
            0.0,
            0.0,
            0.0
        ],
        "TO": [
            1.0,
            0.9000000000000001,
            -0.10000000000000009,
            -0.19999999999999996,
            -0.3999999999999999,
            -0.3999999999999999,
            -0.3999999999999999,
            -0.30000000000000004,
            -0.30000000000000004,
            -0.19999999999999996,
            0.09999999999999998,
            0.0
        ],
        "FG%": [
            -2.0999999999999943,
            -1.3999999999999986,
            -2.200000000000003,
            -4.0,
            -3.5999999999999943,
            -3.6000000000000014,
            -9.600000000000001,
            -10.100000000000001,
            -5.899999999999999,
            -6.599999999999994,
            1.8999999999999986,
            3.299999999999997
        ],
        "FT%": [
            -8.399999999999991,
            -1.0,
            -2.4000000000000057,
            -1.5999999999999943,
            -1.5,
            -6.299999999999997,
            -6.5,
            -2.200000000000003,
            -1.6000000000000014,
            4.900000000000006,
            7.100000000000001,
            5.600000000000001
        ],
        "3P%": [
            -4.200000000000003,
            -5.700000000000003,
            -3.0,
            -6.199999999999999,
            -6.199999999999996,
            -7.099999999999998,
            -8.299999999999997,
            -7.800000000000001,
            0.0,
            -21.4,
            0.0,
            0.0
        ]
    },
    "score_diff": 3
}