{
    "team_diff": "Notre Dame Fighting Irish vs Kent State Golden Flashes",
    "sorted_stats_diff": {
        "GP": [
            3.0,
            3.0,
            2.0,
            3.0,
            3.0,
            1.0,
            -4.0,
            -7.0,
            -7.0,
            -14.0,
            -15.0
        ],
        "MIN": [
            2.6000000000000014,
            3.9999999999999964,
            3.3000000000000043,
            1.8999999999999986,
            4.0,
            5.100000000000001,
            6.199999999999999,
            8.6,
            3.9000000000000004,
            -0.6000000000000005,
            -4.8999999999999995
        ],
        "PTS": [
            7.400000000000002,
            4.0,
            4.6,
            -1.0,
            0.0,
            -0.10000000000000053,
            1.2999999999999998,
            2.0,
            2.0999999999999996,
            0.30000000000000027,
            -0.7999999999999998
        ],
        "REB": [
            0.9999999999999991,
            -1.0999999999999996,
            1.2000000000000002,
            1.2999999999999998,
            0.6000000000000001,
            1.1999999999999997,
            1.0,
            0.6000000000000001,
            -0.5999999999999999,
            0.5,
            -0.7
        ],
        "AST": [
            1.2999999999999998,
            -0.09999999999999964,
            0.6000000000000001,
            0.19999999999999996,
            0.30000000000000004,
            0.19999999999999996,
            0.30000000000000004,
            0.40000000000000013,
            0.09999999999999998,
            -0.30000000000000004,
            -0.19999999999999998
        ],
        "STL": [
            3.1999999999999997,
            0.40000000000000013,
            0.8,
            0.6,
            0.29999999999999993,
            0.4,
            0.20000000000000007,
            -0.09999999999999998,
            0.0,
            0.0,
            -0.19999999999999998
        ],
        "BLK": [
            0.5999999999999999,
            0.5000000000000001,
            0.4,
            0.19999999999999996,
            0.09999999999999998,
            0.19999999999999996,
            0.10000000000000003,
            0.1,
            0.0,
            0.0,
            -0.1
        ],
        "TO": [
            0.8999999999999999,
            0.2999999999999998,
            0.3999999999999999,
            0.5,
            0.30000000000000004,
            0.19999999999999996,
            0.19999999999999996,
            0.19999999999999996,
            -0.19999999999999996,
            -0.19999999999999996,
            -0.5
        ],
        "FG%": [
            2.299999999999997,
            1.5,
            0.0,
            -1.7000000000000028,
            4.799999999999997,
            4.599999999999994,
            5.399999999999999,
            6.100000000000001,
            2.200000000000003,
            1.5,
            0.7999999999999972
        ],
        "FT%": [
            14.299999999999997,
            9.700000000000003,
            1.2000000000000028,
            0.0,
            4.200000000000003,
            5.1000000000000085,
            7.0,
            8.399999999999991,
            0.8999999999999915,
            -8.100000000000009,
            -29.5
        ],
        "3P%": [
            -23.800000000000004,
            1.1000000000000014,
            0.6000000000000014,
            3.5,
            3.1999999999999957,
            2.1000000000000014,
            -7.5,
            -7.699999999999999,
            -20.0,
            -19.4,
            -16.7
        ]
    },
    "score_diff": 14
}