{
    "team_diff": "Notre Dame Fighting Irish vs Ole Miss Rebels",
    "sorted_stats_diff": {
        "GP": [
            2.0,
            2.0,
            1.0,
            1.0,
            1.0,
            -1.0,
            -4.0,
            -13.0,
            -13.0,
            -14.0,
            -15.0
        ],
        "MIN": [
            4.899999999999999,
            6.599999999999998,
            6.100000000000001,
            4.099999999999998,
            4.899999999999999,
            5.300000000000001,
            2.1999999999999993,
            4.399999999999999,
            0.3000000000000007,
            -1.700000000000001,
            -5.8
        ],
        "PTS": [
            8.600000000000001,
            4.5,
            3.8000000000000007,
            -0.9000000000000004,
            -1.1000000000000014,
            1.0,
            1.2999999999999998,
            0.7999999999999998,
            1.9999999999999996,
            0.40000000000000036,
            -0.7
        ],
        "REB": [
            2.299999999999999,
            0.40000000000000036,
            0.09999999999999964,
            0.09999999999999964,
            -0.5,
            0.10000000000000009,
            0.6000000000000001,
            1.3,
            0.10000000000000009,
            0.30000000000000004,
            -1.0
        ],
        "AST": [
            1.7000000000000002,
            -0.6999999999999997,
            0.20000000000000018,
            0.30000000000000004,
            0.5,
            0.4999999999999999,
            0.6000000000000001,
            0.5000000000000001,
            0.19999999999999996,
            -0.4,
            -0.30000000000000004
        ],
        "STL": [
            3.0999999999999996,
            0.5,
            0.5,
            0.7,
            0.3999999999999999,
            0.19999999999999996,
            0.20000000000000007,
            -0.19999999999999996,
            -0.3,
            -0.2,
            -0.30000000000000004
        ],
        "BLK": [
            -0.20000000000000018,
            0.40000000000000013,
            0.30000000000000004,
            0.09999999999999998,
            0.0,
            0.0,
            -0.19999999999999996,
            -0.3,
            -0.1,
            -0.1,
            -0.2
        ],
        "TO": [
            1.0,
            0.5999999999999999,
            0.4999999999999998,
            0.30000000000000004,
            -0.09999999999999987,
            -0.10000000000000009,
            -0.30000000000000004,
            -0.19999999999999996,
            -0.9999999999999999,
            -0.4,
            -0.5
        ],
        "FG%": [
            11.799999999999997,
            3.3999999999999986,
            5.0,
            3.0999999999999943,
            1.6000000000000014,
            1.7999999999999972,
            2.3999999999999986,
            3.200000000000003,
            1.0,
            0.5,
            -0.7000000000000028
        ],
        "FT%": [
            12.5,
            8.400000000000006,
            -0.29999999999999716,
            0.0,
            1.2000000000000028,
            2.200000000000003,
            7.6000000000000085,
            7.199999999999989,
            -1.6000000000000085,
            -12.400000000000006,
            -41.7
        ],
        "3P%": [
            -57.1,
            -10.0,
            3.9000000000000057,
            3.5,
            7.899999999999999,
            7.199999999999999,
            -2.8000000000000007,
            -5.0,
            -23.9,
            -22.2,
            -20.7
        ]
    },
    "score_diff": 15
}