{
    "team_diff": "Ohio State Buckeyes vs Maine Black Bears",
    "sorted_stats_diff": {
        "GP": [
            -2.0,
            -2.0,
            -2.0,
            -2.0,
            -3.0,
            -2.0,
            -1.0,
            0.0,
            -2.0,
            3.0,
            8.0,
            5.0,
            0.0,
            1.0
        ],
        "MIN": [
            -2.0,
            -4.899999999999999,
            -4.199999999999999,
            0.9000000000000021,
            4.599999999999998,
            2.3000000000000007,
            -1.6999999999999993,
            -2.6999999999999993,
            -2.3999999999999986,
            5.699999999999999,
            5.300000000000001,
            1.7000000000000002,
            0.2999999999999998,
            -0.9000000000000001
        ],
        "PTS": [
            -1.0999999999999979,
            -1.9999999999999982,
            4.000000000000001,
            3.5999999999999996,
            3.1000000000000005,
            1.4000000000000004,
            1.1,
            0.20000000000000018,
            1.8,
            1.9000000000000001,
            1.5999999999999999,
            0.30000000000000004,
            0.30000000000000004,
            0.6
        ],
        "REB": [
            -4.500000000000001,
            -1.9000000000000004,
            -1.4000000000000004,
            1.0,
            1.3000000000000003,
            0.5999999999999999,
            0.9000000000000001,
            0.5999999999999999,
            0.09999999999999987,
            0.30000000000000004,
            0.30000000000000004,
            0.20000000000000007,
            0.19999999999999996,
            0.4
        ],
        "AST": [
            -0.9000000000000004,
            0.19999999999999973,
            0.9000000000000001,
            0.6000000000000001,
            0.6000000000000001,
            0.5,
            0.6000000000000001,
            0.7999999999999999,
            0.0,
            0.10000000000000003,
            0.09999999999999998,
            0.19999999999999998,
            0.1,
            0.2
        ],
        "STL": [
            0.0,
            0.5,
            0.8999999999999999,
            0.30000000000000004,
            0.4,
            0.5,
            0.09999999999999998,
            0.2,
            0.30000000000000004,
            0.19999999999999998,
            0.2,
            0.0,
            0.0,
            0.0
        ],
        "BLK": [
            0.20000000000000007,
            0.09999999999999998,
            0.2,
            0.2,
            0.09999999999999998,
            0.1,
            0.1,
            0.1,
            0.0,
            0.0,
            0.0,
            0.0,
            0.0,
            0.0
        ],
        "TO": [
            -0.5,
            -0.5,
            0.8999999999999999,
            0.5999999999999999,
            0.09999999999999998,
            0.0,
            -0.10000000000000009,
            0.09999999999999998,
            0.09999999999999998,
            0.09999999999999998,
            0.10000000000000003,
            0.0,
            0.0,
            0.1
        ],
        "FG%": [
            50.0,
            17.200000000000003,
            7.100000000000001,
            6.5,
            5.799999999999997,
            6.0,
            5.400000000000006,
            8.400000000000006,
            7.600000000000001,
            7.0,
            7.9999999999999964,
            16.8,
            33.3,
            30.3
        ],
        "FT%": [
            0.0,
            -9.400000000000006,
            2.5,
            -3.8000000000000114,
            -3.299999999999997,
            -0.8999999999999915,
            -2.299999999999997,
            -6.900000000000006,
            -5.700000000000003,
            0.6000000000000014,
            1.6999999999999957,
            23.800000000000004,
            0.0,
            0.0
        ],
        "3P%": [
            4.399999999999999,
            5.099999999999994,
            5.899999999999999,
            3.1999999999999957,
            3.1000000000000014,
            4.699999999999996,
            6.399999999999999,
            -2.5,
            3.1999999999999993,
            -11.8,
            0.0,
            0.0,
            0.0,
            0.0
        ]
    },
    "score_diff": 23
}