{
    "team_diff": "Oklahoma Sooners vs Florida Gulf Coast Eagles",
    "sorted_stats_diff": {
        "GP": [
            -1.0,
            -1.0,
            -1.0,
            -1.0,
            0.0,
            0.0,
            0.0,
            1.0,
            4.0,
            5.0,
            0.0
        ],
        "MIN": [
            -3.1000000000000014,
            -1.5,
            0.0,
            -0.3999999999999986,
            -7.5,
            -9.399999999999999,
            -5.1,
            -4.300000000000001,
            -2.299999999999999,
            -2.5,
            -4.6000000000000005
        ],
        "PTS": [
            -1.299999999999999,
            -0.5999999999999996,
            -1.5999999999999996,
            -0.7999999999999989,
            -0.9000000000000004,
            -1.4000000000000004,
            -1.5,
            -0.7999999999999998,
            -1.0999999999999996,
            -2.0999999999999996,
            -2.0
        ],
        "REB": [
            -0.5,
            0.0,
            1.0,
            -0.2999999999999998,
            -0.10000000000000009,
            0.6999999999999997,
            0.8000000000000003,
            0.30000000000000027,
            0.0,
            0.19999999999999996,
            0.19999999999999996
        ],
        "AST": [
            0.7000000000000002,
            0.8999999999999999,
            -0.5,
            -0.40000000000000036,
            0.0,
            0.30000000000000004,
            -0.10000000000000009,
            -0.09999999999999998,
            0.09999999999999998,
            0.0,
            -0.09999999999999998
        ],
        "STL": [
            -0.5,
            -0.30000000000000004,
            -0.19999999999999996,
            -0.09999999999999987,
            -0.09999999999999998,
            -0.30000000000000004,
            -0.4,
            -0.4,
            -0.4,
            -0.39999999999999997,
            -0.3
        ],
        "BLK": [
            0.5000000000000001,
            0.5,
            0.19999999999999996,
            0.2,
            -0.09999999999999998,
            0.0,
            0.0,
            0.0,
            0.0,
            0.0,
            0.0
        ],
        "TO": [
            -0.2999999999999998,
            0.7,
            0.6999999999999997,
            0.5999999999999999,
            0.5,
            0.09999999999999987,
            0.09999999999999987,
            0.3999999999999999,
            0.0,
            0.09999999999999998,
            -0.2
        ],
        "FG%": [
            -3.6000000000000014,
            -5.699999999999996,
            -0.20000000000000284,
            -1.1999999999999957,
            -0.6999999999999957,
            -0.7999999999999972,
            -2.5,
            -0.8000000000000043,
            -0.19999999999999574,
            -2.700000000000003,
            -0.6000000000000014
        ],
        "FT%": [
            -20.900000000000006,
            -11.100000000000009,
            -4.700000000000003,
            -5.799999999999997,
            -6.199999999999989,
            -4.299999999999997,
            -3.4000000000000057,
            -4.200000000000003,
            -5.599999999999994,
            -13.199999999999996,
            -32.5
        ],
        "3P%": [
            1.1000000000000014,
            -2.200000000000003,
            -1.7999999999999972,
            -2.299999999999997,
            -6.299999999999997,
            -6.600000000000001,
            -3.8000000000000007,
            -8.8,
            -15.9,
            -11.399999999999999,
            -20.0
        ]
    },
    "score_diff": 3
}