{
    "team_diff": "Ole Miss Rebels vs Marquette Golden Eagles",
    "sorted_stats_diff": {
        "GP": [
            1.0,
            1.0,
            1.0,
            1.0,
            0.0,
            0.0,
            -1.0,
            6.0,
            7.0,
            6.0,
            8.0
        ],
        "MIN": [
            -1.6000000000000014,
            -2.1000000000000014,
            -4.0,
            -5.199999999999999,
            -4.100000000000001,
            2.400000000000002,
            5.299999999999999,
            6.4,
            3.999999999999999,
            2.3000000000000007,
            3.4000000000000004
        ],
        "PTS": [
            -3.6999999999999993,
            -1.1999999999999993,
            -2.0999999999999996,
            2.3,
            2.200000000000001,
            1.0999999999999996,
            1.4000000000000004,
            2.5,
            1.2000000000000002,
            1.0999999999999999,
            0.8
        ],
        "REB": [
            -1.5,
            -1.2000000000000002,
            0.8000000000000007,
            1.0000000000000004,
            2.1,
            1.5999999999999996,
            1.0,
            0.10000000000000009,
            0.5,
            0.6,
            1.2
        ],
        "AST": [
            -0.9000000000000004,
            -0.20000000000000018,
            -0.10000000000000009,
            -0.40000000000000013,
            -0.40000000000000013,
            -0.20000000000000007,
            -0.40000000000000013,
            -0.4,
            -0.19999999999999996,
            0.09999999999999998,
            0.2
        ],
        "STL": [
            -0.19999999999999996,
            0.0,
            0.10000000000000009,
            0.0,
            0.10000000000000009,
            0.30000000000000004,
            0.19999999999999996,
            0.3,
            0.39999999999999997,
            0.4,
            0.4
        ],
        "BLK": [
            0.40000000000000013,
            -0.30000000000000004,
            0.19999999999999996,
            0.19999999999999996,
            0.3,
            0.39999999999999997,
            0.39999999999999997,
            0.4,
            0.1,
            0.2,
            0.2
        ],
        "TO": [
            -1.0,
            -0.5999999999999999,
            -0.09999999999999987,
            -0.09999999999999987,
            0.0,
            0.19999999999999996,
            0.5,
            0.8999999999999999,
            0.9999999999999999,
            0.5,
            0.3
        ],
        "FG%": [
            0.29999999999999716,
            1.1000000000000014,
            -2.5,
            -2.0,
            -1.1000000000000014,
            0.10000000000000142,
            1.6999999999999957,
            2.0,
            1.8999999999999986,
            6.5,
            3.8000000000000007
        ],
        "FT%": [
            -12.5,
            -17.200000000000003,
            -0.10000000000000853,
            1.2000000000000028,
            0.20000000000000284,
            0.5,
            -4.200000000000003,
            -4.099999999999994,
            -4.599999999999994,
            2.0,
            66.7
        ],
        "3P%": [
            57.5,
            11.700000000000003,
            -3.5,
            -2.4000000000000057,
            -5.299999999999997,
            1.8000000000000007,
            1.5,
            6.800000000000001,
            8.099999999999998,
            7.199999999999999,
            20.7
        ]
    },
    "score_diff": 12
}