{
    "team_diff": "Oregon State Beavers vs Nebraska Cornhuskers",
    "sorted_stats_diff": {
        "GP": [
            -1.0,
            -1.0,
            -1.0,
            -1.0,
            -1.0,
            -1.0,
            -2.0,
            -3.0,
            -4.0,
            -6.0,
            -5.0
        ],
        "MIN": [
            -5.300000000000004,
            -1.2999999999999972,
            2.3000000000000007,
            5.700000000000003,
            1.8000000000000007,
            2.5,
            0.8000000000000007,
            1.8000000000000007,
            -2.1999999999999993,
            -1.5,
            2.0
        ],
        "PTS": [
            1.8000000000000007,
            -1.8000000000000007,
            0.6000000000000014,
            -0.2999999999999998,
            -1.0,
            -0.8999999999999995,
            1.2999999999999998,
            1.1000000000000005,
            0.3999999999999999,
            0.40000000000000036,
            -0.3999999999999999
        ],
        "REB": [
            -0.1999999999999993,
            1.2999999999999998,
            0.10000000000000053,
            0.5999999999999996,
            -0.2999999999999998,
            0.2999999999999998,
            0.10000000000000009,
            0.19999999999999996,
            0.19999999999999996,
            -0.10000000000000009,
            -0.30000000000000004
        ],
        "AST": [
            -0.7000000000000002,
            1.2000000000000002,
            -0.19999999999999996,
            0.3999999999999999,
            0.19999999999999996,
            0.2999999999999998,
            0.09999999999999987,
            0.30000000000000004,
            0.0,
            0.29999999999999993,
            0.0
        ],
        "STL": [
            -0.30000000000000004,
            0.09999999999999998,
            0.0,
            0.0,
            -0.19999999999999996,
            -0.2,
            -0.3,
            -0.3,
            0.0,
            -0.1,
            0.0
        ],
        "BLK": [
            0.5,
            0.7,
            0.39999999999999997,
            0.3,
            0.4,
            0.4,
            0.1,
            0.1,
            0.1,
            0.0,
            0.0
        ],
        "TO": [
            -0.3999999999999999,
            0.3999999999999999,
            0.10000000000000009,
            0.10000000000000009,
            0.10000000000000009,
            0.10000000000000009,
            0.20000000000000007,
            0.0,
            -0.10000000000000009,
            -0.19999999999999996,
            -0.19999999999999996
        ],
        "FG%": [
            17.800000000000004,
            16.39999999999999,
            2.299999999999997,
            -0.29999999999999716,
            -0.5,
            3.3000000000000043,
            2.4000000000000057,
            1.5,
            1.4000000000000057,
            1.8000000000000043,
            11.899999999999999
        ],
        "FT%": [
            10.0,
            1.5,
            5.199999999999989,
            -4.200000000000003,
            -0.9000000000000057,
            -7.499999999999993,
            -8.199999999999996,
            -0.7999999999999972,
            -10.0,
            0.0,
            -8.799999999999997
        ],
        "3P%": [
            3.299999999999997,
            0.10000000000000142,
            -0.3999999999999986,
            0.0,
            -1.1000000000000014,
            1.5,
            1.3999999999999986,
            5.400000000000002,
            -8.8,
            -10.600000000000001,
            -22.9
        ]
    },
    "score_diff": 10
}