{
    "team_diff": "Notre Dame Fighting Irish vs Oregon State Beavers",
    "sorted_stats_diff": {
        "GP": [
            1.0,
            1.0,
            0.0,
            0.0,
            -1.0,
            -3.0,
            -7.0,
            -16.0,
            -15.0,
            -19.0,
            -15.0
        ],
        "MIN": [
            8.0,
            8.199999999999996,
            6.400000000000002,
            3.299999999999997,
            5.299999999999997,
            5.300000000000001,
            5.399999999999999,
            3.599999999999998,
            2.0999999999999996,
            -2.0,
            -6.2
        ],
        "PTS": [
            5.100000000000001,
            5.700000000000001,
            3.5999999999999996,
            1.9999999999999991,
            2.5999999999999996,
            1.5999999999999996,
            1.1000000000000005,
            0.09999999999999964,
            1.0999999999999996,
            0.0,
            -0.5
        ],
        "REB": [
            -1.6000000000000014,
            -0.5999999999999996,
            1.0999999999999996,
            0.9000000000000004,
            1.7000000000000002,
            1.5,
            1.6,
            1.2000000000000002,
            0.0,
            0.30000000000000004,
            -0.5
        ],
        "AST": [
            0.5,
            -0.8999999999999999,
            0.8,
            0.30000000000000004,
            0.30000000000000004,
            0.0,
            0.10000000000000009,
            0.0,
            -0.10000000000000009,
            -0.6,
            -0.1
        ],
        "STL": [
            3.3,
            0.8,
            1.1,
            0.9,
            0.7999999999999999,
            0.7,
            0.6000000000000001,
            0.2,
            0.09999999999999998,
            0.19999999999999998,
            0.0
        ],
        "BLK": [
            0.19999999999999996,
            0.10000000000000009,
            0.30000000000000004,
            0.09999999999999998,
            0.09999999999999998,
            0.09999999999999998,
            0.2,
            0.0,
            0.0,
            0.1,
            0.0
        ],
        "TO": [
            1.0,
            0.10000000000000009,
            0.6999999999999997,
            0.5,
            0.10000000000000009,
            0.2999999999999998,
            0.09999999999999987,
            0.3999999999999999,
            -0.29999999999999993,
            -0.09999999999999998,
            -0.30000000000000004
        ],
        "FG%": [
            -4.900000000000006,
            -11.699999999999996,
            1.0,
            2.0999999999999943,
            1.0,
            1.5999999999999943,
            4.099999999999994,
            4.600000000000001,
            0.7999999999999972,
            1.3999999999999986,
            -2.0
        ],
        "FT%": [
            0.0,
            2.6000000000000085,
            -6.299999999999997,
            5.0,
            6.1000000000000085,
            14.800000000000004,
            16.000000000000007,
            16.89999999999999,
            17.599999999999994,
            6.299999999999997,
            -16.200000000000003
        ],
        "3P%": [
            -2.5,
            0.0,
            -0.8999999999999986,
            -0.9000000000000057,
            3.299999999999997,
            1.8999999999999986,
            -8.8,
            -10.8,
            -14.3,
            -12.5,
            0.0
        ]
    },
    "score_diff": -5
}