{
    "team_diff": "Sacred Heart Pioneers vs Presbyterian Blue Hose",
    "sorted_stats_diff": {
        "GP": [
            -2.0,
            -2.0,
            -2.0,
            -2.0,
            -2.0,
            -5.0,
            -5.0,
            -8.0,
            -6.0,
            -3.0,
            6.0,
            2.0,
            2.0
        ],
        "MIN": [
            -1.5,
            3.6999999999999993,
            3.400000000000002,
            3.3000000000000007,
            3.6999999999999993,
            -2.0,
            -4.199999999999999,
            -0.5,
            -3.8000000000000007,
            -3.5,
            -4.3999999999999995,
            -3.7,
            -5.9
        ],
        "PTS": [
            6.5,
            -1.8999999999999986,
            -2.299999999999999,
            -0.1999999999999993,
            2.1999999999999993,
            1.9000000000000004,
            0.10000000000000009,
            -1.3000000000000003,
            -1.7,
            -0.19999999999999996,
            -0.7999999999999999,
            -0.5,
            -1.1
        ],
        "REB": [
            2.5,
            0.7999999999999998,
            1.1000000000000005,
            -0.3999999999999999,
            -0.19999999999999973,
            -0.3999999999999999,
            -0.3999999999999999,
            -0.09999999999999964,
            -0.30000000000000027,
            -1.0,
            -1.0,
            -1.1,
            -1.2
        ],
        "AST": [
            1.0,
            -0.9000000000000001,
            -0.2999999999999998,
            -0.40000000000000013,
            -0.10000000000000009,
            -0.3999999999999999,
            -0.6,
            -0.20000000000000007,
            -0.39999999999999997,
            -0.39999999999999997,
            -0.39999999999999997,
            -0.30000000000000004,
            -0.1
        ],
        "STL": [
            1.7999999999999998,
            0.40000000000000013,
            0.09999999999999987,
            -0.10000000000000009,
            0.0,
            0.19999999999999996,
            0.10000000000000003,
            0.10000000000000003,
            0.09999999999999998,
            0.19999999999999998,
            0.0,
            0.0,
            0.0
        ],
        "BLK": [
            0.09999999999999998,
            0.30000000000000004,
            0.30000000000000004,
            0.19999999999999998,
            0.19999999999999998,
            0.19999999999999998,
            0.1,
            0.1,
            0.1,
            0.1,
            0.1,
            0.1,
            0.0
        ],
        "TO": [
            -1.2999999999999998,
            -0.2999999999999998,
            -0.3999999999999999,
            -0.6000000000000001,
            -0.5,
            -0.3999999999999999,
            -0.30000000000000004,
            -0.3999999999999999,
            -0.30000000000000004,
            -0.30000000000000004,
            -0.4,
            -0.4,
            -0.39999999999999997
        ],
        "FG%": [
            2.3000000000000043,
            -1.3000000000000043,
            2.1999999999999957,
            0.0,
            -3.8999999999999986,
            -0.10000000000000142,
            -0.30000000000000426,
            -1.1000000000000014,
            -1.5,
            -2.1000000000000014,
            -2.0,
            -4.900000000000002,
            -16.599999999999998
        ],
        "FT%": [
            -12.5,
            2.9000000000000057,
            -2.9000000000000057,
            -5.099999999999994,
            -5.0,
            -1.0999999999999943,
            0.5999999999999943,
            0.0,
            3.9000000000000057,
            0.20000000000000284,
            2.3999999999999986,
            -12.400000000000006,
            -17.1
        ],
        "3P%": [
            -3.0,
            1.0999999999999979,
            1.3999999999999986,
            0.1999999999999993,
            -0.7999999999999972,
            -3.700000000000003,
            -5.0,
            -8.3,
            -19.4,
            0.0,
            0.0,
            0.0,
            0.0
        ]
    },
    "score_diff": -7
}