{
    "team_diff": "Sacred Heart Pioneers vs Le Moyne Dolphins",
    "sorted_stats_diff": {
        "GP": [
            1.0,
            1.0,
            1.0,
            1.0,
            1.0,
            -3.0,
            -3.0,
            -7.0,
            -7.0,
            7.0,
            9.0,
            5.0,
            -1.0
        ],
        "MIN": [
            -0.6999999999999957,
            0.3999999999999986,
            0.9000000000000021,
            2.5,
            7.300000000000001,
            1.4000000000000021,
            -2.900000000000002,
            0.8999999999999986,
            0.7999999999999989,
            5.499999999999999,
            3.6,
            2.7,
            0.10000000000000009
        ],
        "PTS": [
            4.5,
            0.9000000000000004,
            0.8000000000000007,
            0.5999999999999996,
            1.0,
            2.1000000000000005,
            0.3999999999999999,
            -0.3999999999999999,
            0.8,
            0.7000000000000001,
            0.09999999999999998,
            0.4,
            0.2
        ],
        "REB": [
            -1.5,
            0.5,
            0.6000000000000005,
            0.0,
            0.20000000000000018,
            0.7000000000000002,
            0.0,
            1.1,
            1.2,
            0.30000000000000004,
            0.29999999999999993,
            0.09999999999999998,
            -0.19999999999999998
        ],
        "AST": [
            1.6,
            -0.9000000000000001,
            -0.2999999999999998,
            -0.40000000000000013,
            0.29999999999999993,
            0.20000000000000007,
            0.19999999999999996,
            0.19999999999999996,
            0.0,
            -0.09999999999999998,
            0.1,
            0.0,
            0.1
        ],
        "STL": [
            1.7999999999999998,
            0.19999999999999996,
            -0.40000000000000013,
            -0.8,
            -0.20000000000000007,
            -0.20000000000000007,
            -0.19999999999999996,
            0.10000000000000003,
            0.0,
            0.09999999999999998,
            0.0,
            0.1,
            0.1
        ],
        "BLK": [
            -0.09999999999999998,
            -0.29999999999999993,
            -0.19999999999999996,
            -0.2,
            0.0,
            0.19999999999999998,
            0.1,
            0.1,
            0.0,
            0.0,
            0.1,
            0.1,
            0.0
        ],
        "TO": [
            -0.6000000000000001,
            -0.10000000000000009,
            -0.10000000000000009,
            -0.7000000000000002,
            0.0,
            0.10000000000000009,
            0.19999999999999996,
            0.20000000000000007,
            0.29999999999999993,
            0.3,
            0.2,
            0.30000000000000004,
            0.1
        ],
        "FG%": [
            -4.899999999999999,
            -0.20000000000000284,
            1.1000000000000014,
            1.5,
            -2.0,
            -0.30000000000000426,
            3.1999999999999957,
            2.0,
            1.6000000000000014,
            0.7999999999999972,
            3.799999999999997,
            4.300000000000001,
            16.7
        ],
        "FT%": [
            -0.29999999999999716,
            2.0,
            -4.5,
            -1.0999999999999943,
            0.4000000000000057,
            -0.19999999999998863,
            -0.4000000000000057,
            0.0,
            -1.7999999999999972,
            -7.299999999999997,
            2.3999999999999986,
            33.3,
            25.0
        ],
        "3P%": [
            -13.600000000000001,
            -10.899999999999999,
            -9.700000000000003,
            -3.299999999999997,
            0.20000000000000284,
            -2.200000000000003,
            0.8999999999999986,
            3.3999999999999986,
            -7.1,
            0.0,
            0.0,
            0.0,
            0.0
        ]
    },
    "score_diff": 21
}