{
    "team_diff": "South Carolina Gamecocks vs North Carolina Tar Heels",
    "sorted_stats_diff": {
        "GP": [
            2.0,
            2.0,
            2.0,
            1.0,
            1.0,
            4.0,
            11.0,
            11.0,
            9.0,
            15.0,
            4.0
        ],
        "MIN": [
            -8.400000000000002,
            -8.399999999999999,
            -7.799999999999997,
            1.4000000000000021,
            -1.0,
            -1.3000000000000007,
            0.1999999999999993,
            -0.6999999999999993,
            2.799999999999999,
            -0.20000000000000107,
            -1.4000000000000004
        ],
        "PTS": [
            -2.1000000000000014,
            -0.40000000000000036,
            0.5999999999999996,
            0.3000000000000007,
            3.0999999999999996,
            3.5,
            3.499999999999999,
            2.1000000000000005,
            3.1000000000000005,
            0.3999999999999999,
            -0.10000000000000009
        ],
        "REB": [
            -0.09999999999999964,
            1.0,
            1.7999999999999998,
            1.4,
            0.5999999999999996,
            0.20000000000000018,
            0.3999999999999999,
            0.8000000000000003,
            0.30000000000000004,
            0.19999999999999996,
            0.10000000000000009
        ],
        "AST": [
            1.3000000000000003,
            0.5,
            0.30000000000000027,
            0.7000000000000002,
            0.0,
            0.09999999999999987,
            -0.10000000000000009,
            0.6000000000000001,
            0.6,
            0.3,
            0.0
        ],
        "STL": [
            0.40000000000000013,
            0.30000000000000004,
            0.0,
            -0.19999999999999996,
            -0.20000000000000007,
            0.0,
            0.09999999999999998,
            0.0,
            0.2,
            0.2,
            0.09999999999999998
        ],
        "BLK": [
            1.1,
            1.0999999999999999,
            0.09999999999999998,
            0.09999999999999998,
            0.09999999999999998,
            0.2,
            0.2,
            0.0,
            0.0,
            0.1,
            0.1
        ],
        "TO": [
            -1.2,
            -1.1,
            -0.09999999999999987,
            0.10000000000000009,
            0.3999999999999999,
            0.3999999999999999,
            0.10000000000000009,
            0.10000000000000009,
            0.20000000000000007,
            0.0,
            0.2
        ],
        "FG%": [
            -7.300000000000004,
            -6.600000000000001,
            5.5,
            7.700000000000003,
            4.0,
            0.0,
            7.399999999999999,
            7.699999999999996,
            8.0,
            8.0,
            1.6000000000000014
        ],
        "FT%": [
            0.5,
            -1.7000000000000028,
            -4.5,
            -2.5999999999999943,
            -6.099999999999994,
            -0.8000000000000114,
            1.0,
            2.700000000000003,
            -0.29999999999999716,
            -1.4000000000000057,
            -23.800000000000004
        ],
        "3P%": [
            60.0,
            14.700000000000003,
            13.700000000000003,
            12.400000000000002,
            10.699999999999996,
            8.499999999999996,
            10.200000000000003,
            -3.8999999999999986,
            -7.099999999999998,
            0.0,
            0.0
        ]
    },
    "score_diff": 47
}