{
    "team_diff": "South Carolina Gamecocks vs Indiana Hoosiers",
    "sorted_stats_diff": {
        "GP": [
            3.0,
            3.0,
            3.0,
            2.0,
            2.0,
            2.0,
            4.0,
            2.0,
            5.0,
            7.0,
            4.0
        ],
        "MIN": [
            -5.199999999999999,
            -4.399999999999999,
            -3.3999999999999986,
            -3.099999999999998,
            -7.099999999999998,
            -2.6999999999999993,
            8.299999999999999,
            7.700000000000001,
            5.6,
            2.499999999999999,
            4.9
        ],
        "PTS": [
            -5.600000000000001,
            -4.200000000000001,
            -0.5999999999999996,
            -1.3000000000000007,
            -0.6999999999999993,
            5.1000000000000005,
            4.499999999999999,
            3.7,
            4.1000000000000005,
            2.2,
            1.3
        ],
        "REB": [
            2.6000000000000005,
            0.9000000000000004,
            1.6999999999999993,
            1.5,
            0.19999999999999973,
            0.2999999999999998,
            0.19999999999999973,
            0.8000000000000003,
            1.3,
            1.0,
            0.6000000000000001
        ],
        "AST": [
            -0.09999999999999964,
            0.6000000000000001,
            -0.5999999999999996,
            -0.19999999999999973,
            -0.8999999999999999,
            0.0,
            0.5,
            0.5000000000000001,
            0.5,
            0.3,
            0.0
        ],
        "STL": [
            0.7000000000000002,
            0.7999999999999999,
            0.4,
            -0.09999999999999998,
            -0.20000000000000007,
            -0.30000000000000004,
            0.39999999999999997,
            0.3,
            0.3,
            0.30000000000000004,
            0.19999999999999998
        ],
        "BLK": [
            1.0,
            1.7,
            0.09999999999999998,
            0.19999999999999996,
            0.19999999999999996,
            0.2,
            0.2,
            0.1,
            0.0,
            0.1,
            0.1
        ],
        "TO": [
            -0.7,
            -0.7999999999999998,
            -0.19999999999999996,
            0.0,
            0.30000000000000004,
            0.5,
            0.20000000000000007,
            0.30000000000000004,
            0.5,
            0.09999999999999998,
            0.3
        ],
        "FG%": [
            -40.6,
            -44.0,
            -15.900000000000006,
            -9.799999999999997,
            -0.3999999999999986,
            -2.700000000000003,
            -0.5,
            -0.5,
            -0.3999999999999986,
            0.20000000000000284,
            -4.199999999999996
        ],
        "FT%": [
            -3.5,
            4.099999999999994,
            2.700000000000003,
            2.3000000000000114,
            -1.0999999999999943,
            -1.0,
            1.7000000000000028,
            10.100000000000001,
            6.100000000000001,
            2.5,
            33.3
        ],
        "3P%": [
            50.0,
            7.299999999999997,
            5.399999999999999,
            1.7000000000000028,
            -0.7000000000000028,
            5.299999999999997,
            10.200000000000003,
            -2.6999999999999993,
            -2.3999999999999986,
            -14.3,
            0.0
        ]
    },
    "score_diff": 4
}