{
    "team_diff": "South Carolina Gamecocks vs Presbyterian Blue Hose",
    "sorted_stats_diff": {
        "GP": [
            -1.0,
            -1.0,
            -1.0,
            -2.0,
            -2.0,
            -1.0,
            -1.0,
            -1.0,
            -1.0,
            5.0,
            0.0
        ],
        "MIN": [
            -6.400000000000002,
            0.0,
            -1.2999999999999972,
            -1.0999999999999979,
            -2.8000000000000007,
            -2.6000000000000014,
            -0.6999999999999993,
            3.1000000000000014,
            2.0999999999999996,
            -3.5,
            -3.1999999999999993
        ],
        "PTS": [
            2.0,
            -0.09999999999999964,
            -0.09999999999999964,
            1.3000000000000007,
            4.1,
            4.6000000000000005,
            4.299999999999999,
            3.0,
            2.4000000000000004,
            1.3,
            0.30000000000000004
        ],
        "REB": [
            4.800000000000001,
            2.5,
            2.0,
            1.2999999999999998,
            0.0,
            -0.3999999999999999,
            0.2999999999999998,
            0.40000000000000036,
            -0.20000000000000018,
            -0.10000000000000009,
            -0.3999999999999999
        ],
        "AST": [
            1.4000000000000004,
            1.1,
            0.30000000000000027,
            0.6000000000000001,
            0.09999999999999987,
            0.19999999999999996,
            0.0,
            0.30000000000000004,
            0.30000000000000004,
            0.0,
            -0.5
        ],
        "STL": [
            0.5,
            0.30000000000000004,
            0.19999999999999996,
            0.0,
            0.0,
            0.19999999999999996,
            0.3,
            0.2,
            0.3,
            0.30000000000000004,
            0.19999999999999998
        ],
        "BLK": [
            1.8,
            2.3,
            0.6,
            0.6,
            0.5,
            0.4,
            0.30000000000000004,
            0.1,
            0.1,
            0.1,
            0.1
        ],
        "TO": [
            -1.7,
            -0.7999999999999998,
            -0.7999999999999998,
            -0.3999999999999999,
            -0.3999999999999999,
            -0.19999999999999996,
            -0.5,
            -0.09999999999999987,
            -0.09999999999999998,
            -0.4,
            -0.4
        ],
        "FG%": [
            6.600000000000001,
            4.899999999999999,
            11.299999999999997,
            12.300000000000004,
            8.800000000000004,
            8.0,
            9.299999999999997,
            8.699999999999996,
            8.899999999999999,
            8.300000000000004,
            0.9000000000000057
        ],
        "FT%": [
            -13.799999999999997,
            0.0,
            -2.700000000000003,
            -5.099999999999994,
            -7.799999999999997,
            -3.4000000000000057,
            -2.0,
            0.5,
            2.4000000000000057,
            3.799999999999997,
            -16.700000000000003
        ],
        "3P%": [
            60.6,
            18.7,
            17.5,
            12.8,
            9.899999999999999,
            7.699999999999996,
            10.200000000000003,
            -5.0,
            -5.099999999999998,
            0.0,
            0.0
        ]
    },
    "score_diff": 52
}