{
    "team_diff": "Stanford Cardinal vs Iowa State Cyclones",
    "sorted_stats_diff": {
        "GP": [
            3.0,
            3.0,
            3.0,
            3.0,
            3.0,
            1.0,
            2.0,
            4.0,
            10.0,
            21.0,
            12.0
        ],
        "MIN": [
            1.6000000000000014,
            -0.8000000000000007,
            -1.8000000000000007,
            -0.8000000000000007,
            -2.200000000000003,
            -3.8000000000000007,
            -5.399999999999999,
            -2.5,
            0.1999999999999993,
            4.499999999999999,
            0.8000000000000003
        ],
        "PTS": [
            0.1999999999999993,
            4.399999999999999,
            -1.0,
            -2.6000000000000005,
            0.39999999999999947,
            0.10000000000000053,
            -0.2999999999999998,
            -0.8999999999999999,
            -1.2999999999999998,
            1.2,
            -0.6
        ],
        "REB": [
            3.700000000000001,
            3.2,
            -0.8999999999999999,
            -0.20000000000000018,
            -0.8000000000000003,
            -1.6,
            -1.2000000000000002,
            -0.20000000000000018,
            -0.6000000000000001,
            0.7,
            0.2
        ],
        "AST": [
            -2.8000000000000007,
            -2.0,
            0.0,
            0.10000000000000009,
            0.5999999999999999,
            0.5,
            0.30000000000000004,
            0.29999999999999993,
            0.5,
            0.0,
            -0.30000000000000004
        ],
        "STL": [
            -0.3999999999999999,
            -0.10000000000000009,
            -0.10000000000000009,
            0.09999999999999998,
            0.09999999999999998,
            0.19999999999999996,
            0.0,
            0.10000000000000003,
            0.0,
            0.0,
            0.1
        ],
        "BLK": [
            2.9000000000000004,
            0.09999999999999998,
            -0.09999999999999998,
            -0.3,
            -0.09999999999999998,
            -0.19999999999999998,
            -0.1,
            -0.1,
            0.1,
            0.1,
            0.0
        ],
        "TO": [
            -1.6,
            -0.9000000000000004,
            -0.8,
            -0.3999999999999999,
            -0.4999999999999999,
            -0.29999999999999993,
            -0.5,
            -0.40000000000000013,
            -0.20000000000000007,
            0.29999999999999993,
            0.0
        ],
        "FG%": [
            -45.4,
            -5.800000000000004,
            -2.299999999999997,
            -3.4000000000000057,
            -4.900000000000006,
            -5.899999999999999,
            -0.8999999999999986,
            -0.8999999999999986,
            -2.9000000000000057,
            -2.3999999999999986,
            -28.6
        ],
        "FT%": [
            -13.599999999999994,
            -4.299999999999997,
            -2.1000000000000085,
            -3.5,
            -0.7999999999999972,
            -4.6000000000000085,
            -7.3999999999999915,
            -10.200000000000003,
            -11.700000000000003,
            2.6000000000000014,
            0.0
        ],
        "3P%": [
            -60.5,
            -6.299999999999997,
            -4.099999999999994,
            -1.7999999999999972,
            -3.5,
            -5.5,
            -5.899999999999999,
            -0.1999999999999993,
            0.5,
            10.0,
            0.0
        ]
    },
    "score_diff": 6
}