{
    "team_diff": "Stanford Cardinal vs Norfolk State Spartans",
    "sorted_stats_diff": {
        "GP": [
            3.0,
            3.0,
            4.0,
            4.0,
            4.0,
            2.0,
            4.0,
            11.0,
            12.0,
            10.0,
            2.0,
            14.0
        ],
        "MIN": [
            1.3999999999999986,
            -0.8000000000000007,
            -2.900000000000002,
            -0.5,
            -2.8000000000000007,
            -3.5,
            -4.899999999999999,
            -4.600000000000001,
            -1.3000000000000007,
            -1.0,
            -5.800000000000001,
            2.4
        ],
        "PTS": [
            -0.8000000000000007,
            -0.20000000000000284,
            3.5,
            0.0,
            -0.20000000000000018,
            -1.0,
            -1.5,
            0.8999999999999999,
            1.0,
            0.19999999999999996,
            -1.5,
            0.0
        ],
        "REB": [
            2.200000000000001,
            5.6,
            -1.6999999999999997,
            -0.2999999999999998,
            -0.3999999999999999,
            -0.8999999999999999,
            -0.6000000000000001,
            -0.3999999999999999,
            -0.40000000000000013,
            -0.4999999999999999,
            -0.6,
            0.3
        ],
        "AST": [
            0.09999999999999964,
            -0.10000000000000009,
            0.6999999999999997,
            0.7000000000000002,
            0.5999999999999999,
            0.6000000000000001,
            0.4,
            0.6,
            0.7999999999999999,
            0.3,
            0.0,
            0.1
        ],
        "STL": [
            -3.0,
            -1.8,
            -0.9000000000000001,
            -0.7999999999999999,
            -0.7999999999999999,
            -0.5000000000000001,
            -0.7000000000000001,
            -0.19999999999999996,
            -0.39999999999999997,
            -0.2,
            -0.09999999999999998,
            0.0
        ],
        "BLK": [
            2.1,
            0.19999999999999996,
            0.0,
            -0.09999999999999998,
            0.0,
            -0.1,
            -0.1,
            0.0,
            0.0,
            0.1,
            0.0,
            0.0
        ],
        "TO": [
            0.19999999999999973,
            0.3999999999999999,
            -0.19999999999999996,
            -0.7,
            -0.9,
            -0.7000000000000001,
            -0.7,
            -0.30000000000000004,
            -0.20000000000000007,
            0.29999999999999993,
            -0.1,
            0.1
        ],
        "FG%": [
            4.600000000000001,
            8.600000000000001,
            10.200000000000003,
            4.899999999999999,
            5.0,
            4.399999999999999,
            2.6000000000000014,
            2.0,
            2.6999999999999957,
            5.900000000000002,
            -27.7,
            0.0
        ],
        "FT%": [
            -13.599999999999994,
            0.6000000000000085,
            3.5999999999999943,
            0.5,
            0.0,
            -4.5,
            -4.200000000000003,
            -8.099999999999994,
            -16.799999999999997,
            -12.499999999999993,
            -64.4,
            0.0
        ],
        "3P%": [
            -27.200000000000003,
            -1.0999999999999943,
            -0.7999999999999972,
            5.100000000000001,
            6.899999999999999,
            6.599999999999998,
            8.2,
            9.3,
            12.799999999999997,
            10.0,
            0.0,
            0.0
        ]
    },
    "score_diff": 29
}