{
    "team_diff": "Syracuse Orange vs Arizona Wildcats",
    "sorted_stats_diff": {
        "GP": [
            -2.0,
            -2.0,
            -2.0,
            -2.0,
            -2.0,
            -2.0,
            -1.0,
            6.0,
            4.0,
            3.0,
            4.0
        ],
        "MIN": [
            0.8999999999999986,
            3.700000000000003,
            1.6999999999999993,
            0.10000000000000142,
            -2.8999999999999986,
            -3.6999999999999993,
            -4.5,
            -6.200000000000001,
            -9.9,
            -8.200000000000001,
            3.3
        ],
        "PTS": [
            7.200000000000001,
            2.700000000000001,
            -0.3999999999999986,
            -1.0999999999999996,
            -3.4000000000000004,
            -3.8,
            -2.7,
            -2.6000000000000005,
            -2.3000000000000003,
            -3.6999999999999997,
            0.8
        ],
        "REB": [
            0.7000000000000002,
            1.5,
            0.5999999999999996,
            1.0999999999999996,
            1.1999999999999997,
            0.7000000000000002,
            0.30000000000000027,
            0.5,
            -0.5999999999999999,
            -0.5,
            0.7
        ],
        "AST": [
            0.0,
            0.6000000000000001,
            -0.09999999999999964,
            -1.1,
            -0.6000000000000001,
            -0.5999999999999999,
            -0.5,
            -0.40000000000000013,
            -0.30000000000000004,
            -0.3,
            0.3
        ],
        "STL": [
            -0.8000000000000003,
            -0.10000000000000009,
            0.09999999999999987,
            -0.10000000000000009,
            -0.3999999999999999,
            -0.30000000000000004,
            -0.6000000000000001,
            -0.5,
            -0.5,
            -0.6000000000000001,
            0.0
        ],
        "BLK": [
            -0.5,
            0.20000000000000007,
            -0.10000000000000009,
            0.0,
            0.10000000000000003,
            0.09999999999999998,
            0.09999999999999998,
            0.2,
            0.2,
            0.1,
            0.0
        ],
        "TO": [
            0.7999999999999998,
            -0.10000000000000009,
            -0.10000000000000009,
            -0.10000000000000009,
            -0.30000000000000004,
            -0.4999999999999999,
            -0.4999999999999999,
            -0.4999999999999999,
            -0.4,
            -0.40000000000000013,
            0.3
        ],
        "FG%": [
            5.099999999999994,
            3.6000000000000014,
            0.8999999999999986,
            -1.8999999999999986,
            -5.899999999999999,
            -7.899999999999999,
            -4.299999999999997,
            -4.0,
            -3.9000000000000057,
            -1.9000000000000057,
            22.2
        ],
        "FT%": [
            15.5,
            3.0,
            -1.5,
            -3.299999999999997,
            -3.0999999999999943,
            -5.3999999999999915,
            -8.5,
            -8.100000000000009,
            -7.5,
            -4.5,
            33.3
        ],
        "3P%": [
            -2.299999999999997,
            -6.0,
            -5.399999999999999,
            -1.3999999999999986,
            -3.1000000000000014,
            -3.6000000000000014,
            -2.3000000000000007,
            -6.100000000000001,
            -20.0,
            0.0,
            0.0
        ]
    },
    "score_diff": 5
}