{
    "team_diff": "Tennessee Lady Volunteers vs Green Bay Phoenix",
    "sorted_stats_diff": {
        "GP": [
            -1.0,
            -1.0,
            -1.0,
            -1.0,
            -1.0,
            -1.0,
            0.0,
            0.0,
            -5.0,
            -7.0,
            -4.0
        ],
        "MIN": [
            1.3000000000000007,
            1.1000000000000014,
            1.8999999999999986,
            2.099999999999998,
            0.1999999999999993,
            0.8000000000000007,
            -1.4000000000000021,
            2.6999999999999993,
            2.9000000000000004,
            6.1000000000000005,
            0.8999999999999995
        ],
        "PTS": [
            7.0,
            1.0,
            0.0,
            1.3000000000000007,
            -0.5999999999999996,
            -0.7000000000000002,
            -0.8999999999999995,
            0.0,
            0.5999999999999996,
            2.3000000000000003,
            0.20000000000000007
        ],
        "REB": [
            1.3999999999999995,
            0.10000000000000053,
            0.5,
            0.5,
            1.6000000000000005,
            0.9000000000000004,
            1.4,
            1.4000000000000001,
            1.1,
            1.5999999999999999,
            0.4
        ],
        "AST": [
            -1.1000000000000005,
            0.8999999999999999,
            0.0,
            0.20000000000000018,
            -0.2999999999999998,
            0.19999999999999996,
            -0.09999999999999987,
            -0.40000000000000013,
            -0.4,
            -0.19999999999999996,
            0.2
        ],
        "STL": [
            -1.3000000000000003,
            -0.5,
            -0.09999999999999998,
            -0.09999999999999998,
            -0.19999999999999996,
            -0.09999999999999998,
            -0.09999999999999998,
            -0.2,
            0.0,
            0.09999999999999998,
            0.19999999999999998
        ],
        "BLK": [
            0.7000000000000001,
            0.2,
            0.2,
            0.0,
            0.1,
            0.0,
            0.0,
            0.0,
            0.0,
            0.1,
            0.0
        ],
        "TO": [
            1.0,
            1.0,
            1.1,
            0.09999999999999987,
            0.19999999999999996,
            0.4999999999999999,
            0.5,
            0.6,
            0.7,
            0.6000000000000001,
            0.10000000000000003
        ],
        "FG%": [
            -4.0,
            -6.199999999999996,
            -3.1000000000000014,
            -6.5,
            -7.0,
            -5.800000000000004,
            -7.100000000000001,
            -5.899999999999999,
            -4.799999999999997,
            -6.0,
            -3.5
        ],
        "FT%": [
            0.0,
            -8.0,
            -0.5,
            -3.5999999999999943,
            -3.799999999999997,
            -4.599999999999994,
            -3.5999999999999943,
            -4.199999999999989,
            -6.0,
            -10.599999999999994,
            -6.5
        ],
        "3P%": [
            -5.0,
            -4.799999999999997,
            -5.300000000000004,
            -5.800000000000004,
            -6.0,
            -4.899999999999999,
            -8.0,
            -8.5,
            -8.5,
            4.0,
            0.0
        ]
    },
    "score_diff": 29
}