{
    "team_diff": "Texas Longhorns vs Gonzaga Bulldogs",
    "sorted_stats_diff": {
        "GP": [
            1.0,
            1.0,
            1.0,
            0.0,
            -1.0,
            -3.0,
            -2.0,
            -2.0,
            -3.0,
            6.0,
            3.0,
            3.0,
            8.0
        ],
        "MIN": [
            2.3999999999999986,
            3.8999999999999986,
            3.3999999999999986,
            0.29999999999999716,
            -5.199999999999999,
            0.6999999999999993,
            0.8999999999999986,
            3.5000000000000018,
            -0.8000000000000007,
            2.5,
            3.499999999999999,
            -0.9000000000000004,
            -0.10000000000000009
        ],
        "PTS": [
            -3.1999999999999993,
            -0.09999999999999964,
            0.3000000000000007,
            -0.09999999999999964,
            -0.7000000000000011,
            2.1000000000000005,
            3.6,
            2.4000000000000004,
            2.9999999999999996,
            2.5,
            1.8,
            1.5999999999999999,
            1.2
        ],
        "REB": [
            -2.299999999999999,
            -1.0999999999999996,
            1.9999999999999996,
            1.3000000000000003,
            1.5000000000000004,
            1.8000000000000003,
            1.2000000000000002,
            1.1,
            0.5,
            -0.19999999999999996,
            0.10000000000000009,
            -0.20000000000000007,
            0.2
        ],
        "AST": [
            2.0,
            0.5999999999999996,
            0.40000000000000036,
            -0.10000000000000009,
            -0.30000000000000004,
            -0.3999999999999999,
            -0.4,
            -0.4,
            -0.4,
            -0.29999999999999993,
            -0.3,
            -0.39999999999999997,
            0.0
        ],
        "STL": [
            1.7000000000000002,
            0.30000000000000004,
            0.19999999999999996,
            0.0,
            0.0,
            0.0,
            0.10000000000000009,
            0.30000000000000004,
            0.3,
            0.0,
            0.09999999999999998,
            0.0,
            0.0
        ],
        "BLK": [
            0.8999999999999999,
            0.20000000000000007,
            0.0,
            0.19999999999999996,
            0.10000000000000003,
            -0.09999999999999998,
            0.0,
            0.0,
            0.1,
            0.1,
            0.0,
            0.1,
            0.1
        ],
        "TO": [
            0.5,
            -0.19999999999999996,
            -0.10000000000000009,
            -0.40000000000000013,
            0.0,
            -0.10000000000000009,
            0.09999999999999987,
            0.10000000000000009,
            0.19999999999999996,
            0.19999999999999996,
            0.0,
            -0.2,
            0.0
        ],
        "FG%": [
            6.600000000000001,
            9.5,
            7.200000000000003,
            3.8999999999999986,
            7.599999999999994,
            9.199999999999996,
            9.100000000000001,
            8.5,
            8.799999999999997,
            9.199999999999996,
            10.399999999999999,
            14.300000000000004,
            42.2
        ],
        "FT%": [
            -12.5,
            -10.300000000000011,
            -8.5,
            -10.799999999999997,
            -14.0,
            -14.299999999999997,
            -12.5,
            -13.5,
            -12.100000000000001,
            -11.700000000000003,
            7.600000000000001,
            0.0,
            33.3
        ],
        "3P%": [
            22.700000000000003,
            20.4,
            -2.3999999999999986,
            -1.6000000000000014,
            -0.8999999999999986,
            1.9999999999999964,
            3.8000000000000007,
            6.100000000000001,
            8.600000000000001,
            -14.3,
            0.0,
            0.0,
            0.0
        ]
    },
    "score_diff": 22
}