{
    "team_diff": "Texas Longhorns vs Drexel Dragons",
    "sorted_stats_diff": {
        "GP": [
            3.0,
            3.0,
            3.0,
            2.0,
            0.0,
            -1.0,
            2.0,
            -1.0,
            4.0,
            17.0,
            8.0,
            11.0
        ],
        "MIN": [
            -0.20000000000000284,
            0.1999999999999993,
            0.3000000000000007,
            -0.6000000000000014,
            0.9000000000000021,
            1.0,
            1.8999999999999986,
            2.5000000000000018,
            -0.5999999999999996,
            7.0,
            6.699999999999999,
            2.4
        ],
        "PTS": [
            4.800000000000001,
            3.9000000000000004,
            3.8000000000000007,
            4.9,
            4.3,
            3.3000000000000007,
            2.5,
            1.2999999999999998,
            2.3999999999999995,
            3.4000000000000004,
            2.9,
            2.3
        ],
        "REB": [
            1.1000000000000005,
            0.9000000000000004,
            1.5,
            0.8000000000000007,
            1.1000000000000005,
            1.7000000000000002,
            1.2000000000000002,
            1.4,
            1.0999999999999999,
            0.30000000000000004,
            0.8,
            0.7
        ],
        "AST": [
            4.1,
            1.5,
            -0.3999999999999999,
            0.6000000000000001,
            -0.19999999999999996,
            0.10000000000000009,
            0.20000000000000007,
            0.0,
            0.0,
            0.10000000000000003,
            0.3,
            0.2
        ],
        "STL": [
            1.5,
            0.40000000000000013,
            0.30000000000000004,
            0.30000000000000004,
            0.30000000000000004,
            0.30000000000000004,
            0.4,
            0.4,
            0.19999999999999996,
            0.3,
            0.3,
            0.1
        ],
        "BLK": [
            1.2999999999999998,
            0.5,
            0.29999999999999993,
            0.3,
            0.2,
            0.0,
            0.1,
            0.1,
            0.2,
            0.2,
            0.1,
            0.1
        ],
        "TO": [
            0.19999999999999973,
            -0.7,
            -0.10000000000000009,
            -0.20000000000000018,
            0.0,
            0.29999999999999993,
            0.3999999999999999,
            0.40000000000000013,
            0.30000000000000004,
            0.7,
            0.5,
            0.2
        ],
        "FG%": [
            19.300000000000004,
            15.899999999999999,
            14.399999999999999,
            10.899999999999999,
            12.799999999999997,
            13.599999999999994,
            16.299999999999997,
            19.0,
            18.200000000000003,
            33.099999999999994,
            46.0,
            44.7
        ],
        "FT%": [
            5.799999999999997,
            -2.700000000000003,
            0.30000000000001137,
            1.2000000000000028,
            -5.0,
            -4.5,
            -4.299999999999997,
            -9.099999999999994,
            0.6000000000000014,
            33.5,
            57.6,
            50.0
        ],
        "3P%": [
            28.6,
            25.0,
            4.700000000000003,
            6.0,
            9.7,
            6.899999999999999,
            26.5,
            31.1,
            28.6,
            0.0,
            0.0,
            0.0
        ]
    },
    "score_diff": 40
}