{
    "team_diff": "Texas Longhorns vs Alabama Crimson Tide",
    "sorted_stats_diff": {
        "GP": [
            3.0,
            3.0,
            3.0,
            2.0,
            0.0,
            -1.0,
            -1.0,
            -4.0,
            -6.0,
            7.0,
            -1.0
        ],
        "MIN": [
            1.1000000000000014,
            1.1999999999999993,
            0.8999999999999986,
            0.29999999999999716,
            -1.0,
            -2.3000000000000007,
            7.299999999999999,
            7.200000000000001,
            3.1999999999999993,
            1.9000000000000004,
            4.6
        ],
        "PTS": [
            -0.3000000000000007,
            0.0,
            1.200000000000001,
            1.5,
            1.4000000000000004,
            3.3000000000000007,
            3.9,
            3.3000000000000003,
            3.3,
            2.3000000000000003,
            2.2
        ],
        "REB": [
            -0.09999999999999964,
            -0.2999999999999998,
            1.0999999999999996,
            1.0000000000000004,
            1.3000000000000003,
            1.3000000000000003,
            0.8999999999999999,
            0.7999999999999998,
            0.6999999999999997,
            0.0,
            0.30000000000000004
        ],
        "AST": [
            4.699999999999999,
            2.1,
            0.40000000000000036,
            0.20000000000000018,
            -0.10000000000000009,
            0.20000000000000007,
            0.5,
            0.3,
            0.3,
            0.30000000000000004,
            0.19999999999999998
        ],
        "STL": [
            1.2000000000000002,
            -0.19999999999999996,
            0.30000000000000004,
            0.10000000000000009,
            0.20000000000000007,
            0.10000000000000009,
            0.20000000000000007,
            0.5,
            0.39999999999999997,
            0.19999999999999998,
            0.19999999999999998
        ],
        "BLK": [
            -0.10000000000000009,
            0.30000000000000004,
            0.09999999999999998,
            0.09999999999999998,
            0.0,
            -0.2,
            0.1,
            0.1,
            0.1,
            0.2,
            0.1
        ],
        "TO": [
            -0.20000000000000018,
            -0.4999999999999998,
            -0.5999999999999999,
            -0.40000000000000013,
            0.0,
            0.0,
            0.09999999999999987,
            0.20000000000000007,
            0.30000000000000004,
            0.5,
            0.09999999999999998
        ],
        "FG%": [
            17.6,
            15.100000000000001,
            13.100000000000001,
            8.799999999999997,
            9.399999999999999,
            11.0,
            12.0,
            11.199999999999996,
            10.600000000000001,
            10.600000000000001,
            30.2
        ],
        "FT%": [
            -5.099999999999994,
            -2.0,
            -1.0,
            -3.5,
            -3.0,
            -3.5999999999999943,
            -1.2000000000000028,
            0.10000000000000142,
            10.600000000000001,
            10.399999999999999,
            57.6
        ],
        "3P%": [
            25.0,
            27.200000000000003,
            7.100000000000001,
            6.600000000000001,
            5.099999999999998,
            6.799999999999997,
            6.800000000000001,
            31.1,
            28.6,
            0.0,
            0.0
        ]
    },
    "score_diff": 11
}