{
    "team_diff": "UCLA Bruins vs California Baptist Lancers",
    "sorted_stats_diff": {
        "GP": [
            2.0,
            2.0,
            3.0,
            4.0,
            4.0,
            5.0,
            6.0,
            6.0,
            2.0,
            0.0,
            2.0
        ],
        "MIN": [
            1.6999999999999993,
            -0.1999999999999993,
            -2.799999999999997,
            -2.6999999999999993,
            -0.9000000000000021,
            -1.0999999999999979,
            -0.6999999999999993,
            -5.099999999999998,
            -0.7000000000000011,
            -0.40000000000000036,
            2.5
        ],
        "PTS": [
            -5.799999999999999,
            1.5999999999999996,
            1.0999999999999996,
            0.20000000000000107,
            -1.0,
            -0.9000000000000004,
            -1.0,
            -2.8,
            -2.0,
            -0.7,
            0.7000000000000001
        ],
        "REB": [
            1.4000000000000004,
            -0.7000000000000002,
            0.40000000000000036,
            0.5,
            0.2999999999999998,
            -0.40000000000000036,
            -0.3999999999999999,
            -0.7000000000000002,
            0.0,
            0.5,
            0.9
        ],
        "AST": [
            -0.09999999999999964,
            -0.2999999999999998,
            -0.3999999999999999,
            -0.6999999999999997,
            0.0,
            -0.09999999999999987,
            0.30000000000000004,
            0.19999999999999996,
            0.10000000000000009,
            0.09999999999999998,
            0.29999999999999993
        ],
        "STL": [
            -0.3999999999999999,
            -0.6000000000000001,
            -0.6000000000000001,
            -0.30000000000000004,
            0.09999999999999998,
            0.10000000000000009,
            0.09999999999999998,
            0.09999999999999998,
            0.10000000000000003,
            0.2,
            0.19999999999999998
        ],
        "BLK": [
            1.6,
            0.5,
            0.3,
            0.3,
            0.2,
            0.10000000000000003,
            0.19999999999999998,
            0.2,
            0.1,
            0.1,
            0.1
        ],
        "TO": [
            0.10000000000000009,
            0.19999999999999973,
            0.0,
            0.0,
            0.0,
            -0.20000000000000018,
            -0.5,
            0.0,
            0.0,
            0.09999999999999998,
            0.19999999999999996
        ],
        "FG%": [
            14.299999999999997,
            5.300000000000004,
            4.899999999999999,
            5.700000000000003,
            8.0,
            5.799999999999997,
            5.899999999999999,
            6.600000000000001,
            5.899999999999999,
            4.5,
            11.0
        ],
        "FT%": [
            15.799999999999997,
            8.0,
            7.599999999999994,
            4.0,
            -2.0,
            -2.8999999999999915,
            -0.5,
            4.599999999999994,
            11.0,
            6.200000000000003,
            50.0
        ],
        "3P%": [
            -0.10000000000000142,
            -1.2000000000000028,
            -2.299999999999997,
            -2.200000000000003,
            -1.8000000000000007,
            -4.200000000000003,
            -9.2,
            -18.299999999999997,
            -25.0,
            -22.0,
            -14.3
        ]
    },
    "score_diff": 29
}