{
    "team_diff": "UCLA Bruins vs Creighton Bluejays",
    "sorted_stats_diff": {
        "GP": [
            2.0,
            2.0,
            2.0,
            2.0,
            2.0,
            2.0,
            0.0,
            2.0,
            4.0,
            0.0,
            11.0
        ],
        "MIN": [
            -1.7999999999999972,
            -2.799999999999997,
            -4.299999999999997,
            -3.5,
            1.0999999999999979,
            7.600000000000001,
            7.300000000000001,
            2.4000000000000004,
            4.1,
            5.3999999999999995,
            2.1999999999999993
        ],
        "PTS": [
            -2.4999999999999982,
            -2.9000000000000004,
            -2.0,
            4.1000000000000005,
            5.1,
            4.699999999999999,
            2.8,
            1.1,
            -0.2999999999999998,
            -0.19999999999999996,
            1.6
        ],
        "REB": [
            2.8000000000000007,
            1.0999999999999996,
            0.40000000000000036,
            0.5,
            1.5,
            1.6,
            0.8999999999999999,
            0.0,
            0.6000000000000001,
            0.7,
            0.9
        ],
        "AST": [
            0.20000000000000018,
            0.8999999999999999,
            0.2999999999999998,
            -0.2999999999999998,
            -0.20000000000000018,
            0.0,
            0.30000000000000004,
            0.09999999999999998,
            0.10000000000000009,
            0.39999999999999997,
            0.49999999999999994
        ],
        "STL": [
            0.19999999999999996,
            0.5,
            0.3999999999999999,
            0.3999999999999999,
            0.19999999999999996,
            0.30000000000000004,
            0.19999999999999996,
            0.2,
            0.30000000000000004,
            0.30000000000000004,
            0.3
        ],
        "BLK": [
            0.8,
            -0.09999999999999998,
            -0.09999999999999998,
            0.3,
            0.2,
            0.30000000000000004,
            0.19999999999999998,
            0.1,
            0.0,
            0.0,
            0.1
        ],
        "TO": [
            0.3999999999999999,
            0.3999999999999999,
            0.10000000000000009,
            0.19999999999999996,
            0.3999999999999999,
            0.2999999999999998,
            0.09999999999999998,
            0.30000000000000004,
            0.4,
            0.29999999999999993,
            0.39999999999999997
        ],
        "FG%": [
            13.899999999999999,
            7.0,
            4.0,
            5.700000000000003,
            3.6999999999999957,
            3.1000000000000014,
            2.6000000000000014,
            2.5,
            2.3000000000000043,
            2.299999999999997,
            36.0
        ],
        "FT%": [
            0.0,
            -4.099999999999994,
            -3.1000000000000085,
            -8.099999999999994,
            -13.200000000000003,
            -9.099999999999994,
            -2.5,
            -0.10000000000000853,
            -4.200000000000003,
            8.799999999999997,
            50.0
        ],
        "3P%": [
            -5.799999999999997,
            -8.900000000000006,
            -6.899999999999999,
            -5.200000000000003,
            -3.5000000000000036,
            -7.200000000000003,
            -8.8,
            -16.200000000000003,
            -23.5,
            -15.4,
            0.0
        ]
    },
    "score_diff": 4
}