{
    "team_diff": "UConn Huskies vs Syracuse Orange",
    "sorted_stats_diff": {
        "GP": [
            5.0,
            5.0,
            5.0,
            6.0,
            6.0,
            5.0,
            6.0,
            -1.0,
            6.0,
            2.0,
            -2.0
        ],
        "MIN": [
            -5.800000000000001,
            -2.1000000000000014,
            1.3999999999999986,
            2.8999999999999986,
            8.7,
            11.5,
            5.100000000000001,
            2.299999999999999,
            3.4000000000000004,
            3.299999999999999,
            1.7999999999999998
        ],
        "PTS": [
            -0.40000000000000213,
            3.6999999999999993,
            1.5999999999999996,
            2.4000000000000004,
            3.4000000000000004,
            3.2,
            1.7999999999999998,
            0.5,
            1.6999999999999997,
            2.9,
            0.19999999999999996
        ],
        "REB": [
            2.3000000000000007,
            -0.7999999999999998,
            -0.20000000000000018,
            -0.8999999999999999,
            -1.1999999999999997,
            -0.7000000000000002,
            -0.10000000000000009,
            -0.19999999999999973,
            1.4,
            1.2,
            0.10000000000000009
        ],
        "AST": [
            2.8000000000000003,
            0.7999999999999998,
            1.0,
            1.4,
            1.1,
            0.7,
            0.5999999999999999,
            0.40000000000000013,
            0.09999999999999998,
            0.2,
            0.2
        ],
        "STL": [
            -0.10000000000000009,
            0.30000000000000027,
            0.20000000000000018,
            0.30000000000000004,
            0.3999999999999999,
            0.19999999999999996,
            0.5,
            0.4,
            0.09999999999999998,
            0.2,
            0.3
        ],
        "BLK": [
            0.09999999999999987,
            -0.10000000000000009,
            0.20000000000000007,
            -0.09999999999999998,
            -0.10000000000000003,
            0.0,
            0.0,
            -0.1,
            -0.1,
            0.0,
            0.1
        ],
        "TO": [
            -0.8999999999999999,
            0.0,
            -0.20000000000000018,
            -0.3999999999999999,
            0.30000000000000004,
            0.29999999999999993,
            0.20000000000000007,
            0.09999999999999998,
            0.0,
            0.0,
            0.39999999999999997
        ],
        "FG%": [
            2.9000000000000057,
            2.1000000000000014,
            4.700000000000003,
            2.8999999999999986,
            5.199999999999996,
            6.099999999999994,
            3.299999999999997,
            2.5,
            4.200000000000003,
            -1.2999999999999972,
            9.100000000000001
        ],
        "FT%": [
            0.0,
            15.900000000000006,
            11.700000000000003,
            7.799999999999997,
            1.5999999999999943,
            3.5999999999999943,
            2.799999999999997,
            3.4000000000000057,
            10.0,
            14.0,
            19.6
        ],
        "3P%": [
            3.799999999999997,
            8.0,
            6.899999999999999,
            6.799999999999997,
            6.800000000000004,
            3.6000000000000014,
            3.3000000000000007,
            5.0,
            22.7,
            0.0,
            0.0
        ]
    },
    "score_diff": 8
}