{
    "team_diff": "UConn Huskies vs Duke Blue Devils",
    "sorted_stats_diff": {
        "GP": [
            3.0,
            3.0,
            3.0,
            3.0,
            2.0,
            1.0,
            1.0,
            -5.0,
            -10.0,
            0.0,
            -1.0
        ],
        "MIN": [
            0.6999999999999993,
            2.5,
            2.3999999999999986,
            6.0,
            7.899999999999999,
            8.700000000000003,
            5.300000000000001,
            2.3999999999999986,
            2.3000000000000007,
            7.3999999999999995,
            3.1999999999999997
        ],
        "PTS": [
            9.499999999999998,
            7.699999999999999,
            1.700000000000001,
            1.8000000000000007,
            1.3000000000000007,
            2.6000000000000005,
            1.7999999999999998,
            0.6999999999999993,
            1.2999999999999998,
            2.6,
            0.4
        ],
        "REB": [
            3.200000000000001,
            0.2999999999999998,
            -0.5,
            0.10000000000000009,
            -0.10000000000000009,
            0.3999999999999999,
            0.6000000000000001,
            0.10000000000000009,
            1.4,
            0.8999999999999999,
            0.6000000000000001
        ],
        "AST": [
            2.8000000000000003,
            1.1999999999999997,
            1.5000000000000002,
            0.8999999999999999,
            0.6000000000000001,
            0.0,
            0.19999999999999996,
            0.40000000000000013,
            0.0,
            0.0,
            0.3
        ],
        "STL": [
            0.7999999999999998,
            0.8000000000000003,
            0.30000000000000004,
            0.5,
            0.29999999999999993,
            0.30000000000000004,
            0.30000000000000004,
            0.4,
            0.09999999999999998,
            0.10000000000000003,
            0.09999999999999998
        ],
        "BLK": [
            0.0,
            -0.30000000000000004,
            -0.29999999999999993,
            0.0,
            -0.10000000000000003,
            0.0,
            0.0,
            -0.19999999999999998,
            -0.1,
            -0.1,
            0.1
        ],
        "TO": [
            0.0,
            0.0,
            -0.6000000000000001,
            -0.8999999999999999,
            -0.6000000000000001,
            -0.7,
            -0.09999999999999987,
            0.19999999999999996,
            0.30000000000000004,
            0.29999999999999993,
            0.39999999999999997
        ],
        "FG%": [
            4.300000000000004,
            -0.19999999999999574,
            5.300000000000004,
            1.1000000000000014,
            -1.0,
            1.5,
            4.100000000000001,
            2.8999999999999986,
            1.7000000000000028,
            -1.2999999999999972,
            31.3
        ],
        "FT%": [
            12.5,
            12.5,
            8.0,
            0.19999999999998863,
            -1.5,
            -1.4000000000000057,
            -7.700000000000003,
            -8.299999999999997,
            -10.0,
            2.3999999999999986,
            13.5
        ],
        "3P%": [
            3.0,
            3.299999999999997,
            1.0,
            3.5,
            3.5000000000000036,
            0.10000000000000142,
            4.199999999999999,
            6.800000000000001,
            22.7,
            0.0,
            0.0
        ]
    },
    "score_diff": 8
}