{
    "team_diff": "UConn Huskies vs Jackson State Lady Tigers",
    "sorted_stats_diff": {
        "GP": [
            4.0,
            4.0,
            4.0,
            4.0,
            4.0,
            4.0,
            4.0,
            -3.0,
            -6.0,
            -11.0,
            -20.0,
            -18.0
        ],
        "MIN": [
            5.300000000000001,
            5.5,
            6.199999999999999,
            7.199999999999999,
            11.899999999999999,
            11.8,
            5.600000000000001,
            3.099999999999998,
            1.8000000000000007,
            1.5999999999999996,
            -4.5,
            -4.300000000000001
        ],
        "PTS": [
            9.7,
            5.4,
            -0.09999999999999964,
            1.0,
            0.9000000000000004,
            2.1000000000000005,
            1.7000000000000002,
            1.2999999999999998,
            1.0999999999999996,
            1.1,
            -1.9,
            -2.0
        ],
        "REB": [
            2.500000000000001,
            -0.2999999999999998,
            0.6999999999999993,
            -0.19999999999999973,
            -0.5,
            -0.20000000000000018,
            0.0,
            0.10000000000000009,
            0.0,
            0.19999999999999996,
            -0.8,
            -0.9000000000000001
        ],
        "AST": [
            2.6000000000000005,
            1.6999999999999997,
            1.7000000000000002,
            1.1,
            1.2000000000000002,
            0.7,
            0.5999999999999999,
            0.6000000000000001,
            0.09999999999999998,
            0.09999999999999998,
            0.2,
            0.09999999999999998
        ],
        "STL": [
            0.7999999999999998,
            1.2000000000000002,
            0.7000000000000001,
            0.7,
            0.3999999999999999,
            0.30000000000000004,
            0.30000000000000004,
            0.20000000000000007,
            0.0,
            0.0,
            -0.10000000000000003,
            -0.19999999999999998
        ],
        "BLK": [
            -1.5,
            0.0,
            0.30000000000000004,
            0.10000000000000003,
            0.0,
            0.0,
            0.09999999999999998,
            -0.1,
            0.0,
            0.0,
            0.0,
            -0.1
        ],
        "TO": [
            -0.3999999999999999,
            0.6000000000000001,
            0.3999999999999999,
            0.10000000000000009,
            0.10000000000000009,
            -0.19999999999999996,
            -0.19999999999999996,
            -0.19999999999999996,
            0.09999999999999998,
            -0.10000000000000009,
            0.0,
            -0.09999999999999998
        ],
        "FG%": [
            -2.299999999999997,
            -5.299999999999997,
            -5.699999999999996,
            1.7999999999999972,
            -0.3999999999999986,
            2.799999999999997,
            3.1000000000000014,
            1.8999999999999986,
            -0.8999999999999986,
            -6.0,
            -6.300000000000001,
            -9.700000000000003
        ],
        "FT%": [
            15.400000000000006,
            18.799999999999997,
            12.5,
            4.799999999999997,
            -1.2000000000000028,
            1.2000000000000028,
            -3.299999999999997,
            -3.0999999999999943,
            -3.6000000000000014,
            4.200000000000003,
            2.8999999999999986,
            0.0
        ],
        "3P%": [
            -8.5,
            6.799999999999997,
            4.799999999999997,
            4.599999999999998,
            4.300000000000004,
            -0.3999999999999986,
            0.40000000000000213,
            0.0,
            5.199999999999999,
            -15.4,
            -12.5,
            0.0
        ]
    },
    "score_diff": 22
}