{
    "team_diff": "USC Trojans vs Texas A&M-Corpus Christi Islanders",
    "sorted_stats_diff": {
        "GP": [
            2.0,
            2.0,
            1.0,
            1.0,
            0.0,
            -1.0,
            -3.0,
            -6.0,
            -5.0,
            -4.0,
            -3.0,
            -8.0,
            -7.0
        ],
        "MIN": [
            5.300000000000001,
            7.5,
            5.5,
            4.5,
            3.599999999999998,
            2.1999999999999993,
            -5.399999999999999,
            -4.5,
            -4.800000000000001,
            -3.1000000000000014,
            -0.6000000000000014,
            -0.7999999999999998,
            -2.8
        ],
        "PTS": [
            15.6,
            2.9000000000000004,
            0.09999999999999964,
            -1.5999999999999996,
            -1.0,
            -0.7000000000000002,
            -2.5,
            -2.5,
            -1.5,
            -2.2,
            -1.6,
            -0.5999999999999999,
            0.20000000000000007
        ],
        "REB": [
            3.0,
            0.20000000000000018,
            0.7000000000000002,
            -1.4999999999999996,
            -1.0999999999999996,
            -1.4,
            -0.7999999999999998,
            -0.8999999999999999,
            -0.5,
            0.09999999999999987,
            0.0,
            0.0,
            -0.6
        ],
        "AST": [
            0.5999999999999996,
            0.6999999999999997,
            0.10000000000000009,
            0.0,
            0.0,
            0.19999999999999996,
            -0.09999999999999998,
            -0.20000000000000007,
            -0.30000000000000004,
            -0.09999999999999998,
            -0.09999999999999998,
            -0.2,
            -0.3
        ],
        "STL": [
            0.19999999999999973,
            -0.7,
            -0.9,
            -0.8999999999999999,
            -0.30000000000000004,
            -0.20000000000000007,
            0.0,
            0.09999999999999998,
            0.10000000000000003,
            0.10000000000000003,
            0.2,
            0.19999999999999998,
            0.1
        ],
        "BLK": [
            0.8,
            0.40000000000000013,
            0.30000000000000004,
            0.39999999999999997,
            0.10000000000000003,
            0.0,
            0.0,
            0.0,
            0.0,
            0.0,
            -0.1,
            -0.1,
            0.0
        ],
        "TO": [
            1.7999999999999998,
            0.0,
            -0.8,
            -0.7,
            -0.8,
            -0.8999999999999999,
            -0.8,
            -0.20000000000000007,
            -0.30000000000000004,
            -0.19999999999999996,
            -0.09999999999999998,
            -0.09999999999999998,
            0.0
        ],
        "FG%": [
            -1.7999999999999972,
            5.200000000000003,
            -0.3999999999999986,
            6.599999999999994,
            6.600000000000001,
            7.399999999999999,
            6.699999999999996,
            7.0,
            5.100000000000001,
            4.299999999999997,
            7.699999999999999,
            6.800000000000001,
            0.3999999999999986
        ],
        "FT%": [
            7.799999999999997,
            0.6000000000000085,
            1.0999999999999943,
            0.7000000000000028,
            0.8000000000000114,
            -0.29999999999999716,
            -3.799999999999997,
            -3.200000000000003,
            -4.399999999999999,
            -1.3999999999999986,
            -21.4,
            -25.0,
            0.0
        ],
        "3P%": [
            10.100000000000001,
            4.400000000000006,
            3.8999999999999986,
            2.9999999999999964,
            5.799999999999997,
            6.199999999999999,
            2.8000000000000007,
            1.1000000000000014,
            4.199999999999999,
            -17.9,
            -16.7,
            0.0,
            0.0
        ]
    },
    "score_diff": 32
}