{
    "team_diff": "USC Trojans vs Kansas Jayhawks",
    "sorted_stats_diff": {
        "GP": [
            1.0,
            1.0,
            0.0,
            1.0,
            0.0,
            -1.0,
            -3.0,
            -6.0,
            5.0,
            7.0,
            10.0,
            1.0
        ],
        "MIN": [
            -0.29999999999999716,
            0.6999999999999957,
            -0.5,
            -1.9000000000000021,
            -1.1999999999999993,
            -0.10000000000000142,
            0.7000000000000011,
            2.9000000000000004,
            2.7,
            2.799999999999999,
            2.8999999999999995,
            0.5999999999999996
        ],
        "PTS": [
            11.6,
            1.4000000000000004,
            -1.6000000000000014,
            -3.5999999999999996,
            -3.5999999999999996,
            1.4,
            0.7000000000000002,
            0.7,
            0.9000000000000001,
            0.3999999999999999,
            0.3999999999999999,
            0.10000000000000009
        ],
        "REB": [
            0.5,
            2.0,
            1.8000000000000003,
            0.30000000000000027,
            0.6000000000000001,
            -0.5,
            -0.6999999999999997,
            -0.30000000000000004,
            0.19999999999999996,
            0.4999999999999999,
            0.6000000000000001,
            0.4
        ],
        "AST": [
            0.5999999999999996,
            0.8999999999999999,
            0.3999999999999999,
            0.19999999999999996,
            0.9,
            0.6,
            0.5,
            0.3,
            0.2,
            0.2,
            0.2,
            0.1
        ],
        "STL": [
            0.8999999999999999,
            -0.19999999999999996,
            -0.20000000000000007,
            -0.19999999999999996,
            -0.19999999999999996,
            0.19999999999999996,
            0.09999999999999998,
            0.2,
            0.2,
            0.2,
            0.2,
            0.19999999999999998
        ],
        "BLK": [
            -0.8999999999999999,
            1.2000000000000002,
            0.7,
            0.49999999999999994,
            0.30000000000000004,
            0.19999999999999998,
            0.1,
            0.0,
            0.0,
            0.1,
            0.0,
            0.0
        ],
        "TO": [
            1.2999999999999998,
            -0.3999999999999999,
            -0.7,
            -0.7,
            -0.30000000000000004,
            -0.30000000000000004,
            0.0,
            -0.09999999999999998,
            0.0,
            0.0,
            0.30000000000000004,
            0.4
        ],
        "FG%": [
            3.200000000000003,
            -1.1999999999999957,
            4.0,
            4.099999999999994,
            1.7000000000000028,
            1.6999999999999957,
            5.599999999999994,
            5.799999999999997,
            4.0,
            6.100000000000001,
            6.100000000000001,
            9.899999999999999
        ],
        "FT%": [
            -15.299999999999997,
            -22.599999999999994,
            -9.300000000000011,
            -10.0,
            -11.199999999999989,
            -9.799999999999997,
            -15.400000000000006,
            -10.299999999999997,
            -10.700000000000003,
            -16.700000000000003,
            -20.699999999999996,
            25.0
        ],
        "3P%": [
            3.8000000000000043,
            -2.299999999999997,
            3.1000000000000014,
            0.5,
            1.9999999999999964,
            11.5,
            10.900000000000002,
            10.7,
            22.7,
            0.0,
            0.0,
            0.0
        ]
    },
    "score_diff": 18
}