{
    "team_diff": "USC Trojans vs Baylor Bears",
    "sorted_stats_diff": {
        "GP": [
            0.0,
            0.0,
            -1.0,
            -1.0,
            -2.0,
            -2.0,
            -3.0,
            -7.0,
            -2.0,
            2.0,
            2.0,
            -8.0,
            3.0
        ],
        "MIN": [
            4.800000000000001,
            6.199999999999999,
            4.200000000000003,
            3.099999999999998,
            2.3000000000000007,
            -1.1000000000000014,
            -4.699999999999999,
            -4.799999999999999,
            0.8000000000000007,
            0.5,
            1.6999999999999993,
            0.39999999999999947,
            -3.8
        ],
        "PTS": [
            15.4,
            2.5999999999999996,
            -0.3000000000000007,
            -1.5999999999999996,
            -2.3000000000000007,
            -3.6000000000000005,
            -4.6,
            -2.0999999999999996,
            -0.7999999999999998,
            -0.8999999999999999,
            -0.20000000000000018,
            -0.09999999999999987,
            -0.20000000000000007
        ],
        "REB": [
            2.3000000000000007,
            0.0,
            -0.7000000000000002,
            -1.9,
            0.6000000000000001,
            -0.30000000000000027,
            -0.5,
            -0.40000000000000013,
            -0.30000000000000004,
            -0.10000000000000009,
            0.0,
            -0.09999999999999998,
            -0.8
        ],
        "AST": [
            -0.6000000000000001,
            0.0,
            -0.10000000000000009,
            -0.30000000000000004,
            -0.5,
            -0.30000000000000004,
            -0.7,
            -0.09999999999999998,
            0.09999999999999998,
            0.0,
            0.10000000000000003,
            -0.09999999999999998,
            -0.2
        ],
        "STL": [
            0.6999999999999997,
            -0.40000000000000013,
            -0.4,
            -0.3999999999999999,
            -0.30000000000000004,
            -0.10000000000000009,
            -0.09999999999999998,
            -0.19999999999999996,
            0.10000000000000003,
            0.10000000000000003,
            0.2,
            0.09999999999999998,
            0.0
        ],
        "BLK": [
            1.4000000000000001,
            1.0,
            0.5,
            0.39999999999999997,
            0.2,
            0.09999999999999998,
            0.0,
            0.0,
            0.1,
            0.1,
            0.0,
            0.0,
            0.0
        ],
        "TO": [
            1.6999999999999997,
            0.10000000000000009,
            -0.8,
            -0.7999999999999998,
            -0.8,
            -0.8,
            -0.5999999999999999,
            -0.7000000000000001,
            -0.30000000000000004,
            -0.19999999999999996,
            -0.09999999999999998,
            0.10000000000000003,
            0.0
        ],
        "FG%": [
            -13.5,
            3.700000000000003,
            0.0,
            -1.9000000000000057,
            -4.199999999999996,
            0.0,
            0.5999999999999943,
            0.6999999999999957,
            -1.6999999999999957,
            -2.1000000000000014,
            0.3999999999999986,
            0.29999999999999716,
            -1.4000000000000021
        ],
        "FT%": [
            4.400000000000006,
            -2.5999999999999943,
            0.09999999999999432,
            -3.6000000000000085,
            -1.2999999999999972,
            -3.9000000000000057,
            -11.099999999999994,
            -9.599999999999994,
            -9.0,
            -8.5,
            -14.299999999999997,
            5.0,
            0.0
        ],
        "3P%": [
            5.5,
            1.3000000000000043,
            0.5,
            -1.4000000000000057,
            0.7999999999999972,
            3.099999999999998,
            2.6000000000000014,
            1.8000000000000007,
            0.5,
            -20.0,
            0.0,
            0.0,
            0.0
        ]
    },
    "score_diff": 4
}