{
    "team_diff": "Utah Utes vs South Dakota State Jackrabbits",
    "sorted_stats_diff": {
        "GP": [
            1.0,
            1.0,
            1.0,
            1.0,
            1.0,
            1.0,
            1.0,
            6.0,
            9.0,
            -2.0,
            2.0
        ],
        "MIN": [
            2.1000000000000014,
            -0.09999999999999787,
            -0.3000000000000007,
            -0.6999999999999993,
            -2.8999999999999986,
            -2.1999999999999993,
            1.6000000000000014,
            -1.6999999999999993,
            7.0,
            6.799999999999999,
            5.8
        ],
        "PTS": [
            4.599999999999998,
            2.6000000000000014,
            -0.8000000000000007,
            0.8000000000000007,
            0.39999999999999947,
            0.5999999999999996,
            2.8,
            1.2000000000000002,
            1.9,
            1.4,
            1.5
        ],
        "REB": [
            -1.0,
            -1.1000000000000005,
            0.09999999999999964,
            -0.7999999999999998,
            0.0,
            0.20000000000000018,
            0.8999999999999999,
            -0.10000000000000009,
            1.2000000000000002,
            1.1,
            0.8999999999999999
        ],
        "AST": [
            1.9000000000000004,
            1.2999999999999998,
            0.6000000000000001,
            0.5999999999999999,
            0.6000000000000001,
            0.6000000000000001,
            0.7,
            0.4,
            0.49999999999999994,
            0.5,
            0.19999999999999998
        ],
        "STL": [
            0.7999999999999998,
            1.1,
            0.6,
            0.0,
            0.30000000000000004,
            0.19999999999999996,
            0.0,
            0.0,
            0.30000000000000004,
            0.3,
            0.2
        ],
        "BLK": [
            -1.0,
            -0.8,
            -0.8,
            0.19999999999999998,
            0.19999999999999998,
            0.1,
            0.1,
            0.2,
            0.1,
            0.1,
            0.1
        ],
        "TO": [
            -0.7000000000000002,
            -0.40000000000000036,
            -0.10000000000000009,
            0.19999999999999996,
            0.0,
            0.10000000000000009,
            0.0,
            0.29999999999999993,
            0.7999999999999999,
            0.3,
            0.4
        ],
        "FG%": [
            -24.200000000000003,
            -20.0,
            -7.699999999999996,
            -0.09999999999999432,
            0.0,
            2.3999999999999986,
            -0.6000000000000014,
            -1.7999999999999972,
            -1.4000000000000057,
            -0.8999999999999986,
            3.0
        ],
        "FT%": [
            1.4000000000000057,
            0.4000000000000057,
            1.2000000000000028,
            4.0,
            7.5,
            1.4000000000000057,
            3.1000000000000085,
            3.700000000000003,
            11.100000000000001,
            8.299999999999997,
            0.0
        ],
        "3P%": [
            -12.700000000000003,
            -9.5,
            -1.8000000000000043,
            -2.5999999999999943,
            -1.5,
            -1.1000000000000014,
            2.4999999999999964,
            3.1999999999999993,
            1.3999999999999986,
            22.6,
            14.3
        ]
    },
    "score_diff": 14
}