{
    "team_diff": "Vanderbilt Commodores vs Columbia Lions",
    "sorted_stats_diff": {
        "GP": [
            3.0,
            3.0,
            3.0,
            3.0,
            3.0,
            3.0,
            3.0,
            2.0,
            -2.0,
            4.0,
            5.0,
            1.0
        ],
        "MIN": [
            0.5,
            1.1999999999999993,
            2.8000000000000007,
            3.5,
            2.0,
            2.400000000000002,
            3.5,
            -1.0,
            -3.799999999999999,
            -3.7,
            -1.4999999999999991,
            -1.2000000000000002
        ],
        "PTS": [
            -6.199999999999999,
            -1.5999999999999996,
            -0.09999999999999964,
            1.8000000000000007,
            1.5,
            2.0999999999999996,
            0.8999999999999995,
            -0.5000000000000004,
            -0.20000000000000018,
            -1.4,
            -0.4,
            -0.4
        ],
        "REB": [
            0.6000000000000005,
            -0.2999999999999998,
            0.7000000000000002,
            0.40000000000000036,
            0.20000000000000018,
            -0.5999999999999996,
            -1.1,
            -1.1,
            -1.1,
            -0.8,
            -0.6000000000000001,
            -0.7000000000000001
        ],
        "AST": [
            0.5,
            -1.0,
            0.2999999999999998,
            -0.8,
            -0.40000000000000013,
            0.0,
            -0.10000000000000009,
            -0.09999999999999998,
            0.09999999999999998,
            -0.09999999999999998,
            0.0,
            -0.3
        ],
        "STL": [
            1.7,
            0.5,
            0.4999999999999999,
            0.4999999999999999,
            0.4,
            0.5,
            -0.09999999999999998,
            -0.2,
            -0.10000000000000003,
            0.09999999999999998,
            -0.1,
            -0.2
        ],
        "BLK": [
            0.8,
            0.09999999999999998,
            0.09999999999999998,
            0.10000000000000003,
            0.09999999999999998,
            0.09999999999999998,
            0.0,
            0.0,
            -0.1,
            -0.1,
            -0.1,
            0.0
        ],
        "TO": [
            -0.2999999999999998,
            0.5,
            0.2999999999999998,
            -0.30000000000000004,
            0.19999999999999996,
            0.4,
            0.29999999999999993,
            0.19999999999999996,
            -0.5,
            -0.5,
            -0.39999999999999997,
            -0.2
        ],
        "FG%": [
            -42.0,
            -12.200000000000003,
            -7.399999999999999,
            -16.1,
            -10.300000000000004,
            -9.5,
            -11.200000000000003,
            -12.299999999999997,
            -10.100000000000001,
            -7.600000000000001,
            -6.400000000000006,
            -21.6
        ],
        "FT%": [
            -3.3999999999999915,
            2.4000000000000057,
            3.0,
            -0.20000000000000284,
            -3.299999999999997,
            -6.599999999999994,
            -5.700000000000003,
            0.0,
            7.100000000000001,
            5.0,
            7.899999999999999,
            0.0
        ],
        "3P%": [
            11.200000000000003,
            3.5,
            3.299999999999997,
            2.4000000000000057,
            0.29999999999999716,
            -0.09999999999999432,
            6.199999999999999,
            2.1999999999999993,
            0.3000000000000007,
            -12.0,
            0.0,
            0.0
        ]
    },
    "score_diff": 4
}