{
    "team_diff": "Virginia Tech Hokies vs Marshall Thundering Herd",
    "sorted_stats_diff": {
        "GP": [
            0.0,
            0.0,
            0.0,
            0.0,
            0.0,
            1.0,
            0.0,
            -3.0,
            -7.0,
            -9.0
        ],
        "MIN": [
            6.199999999999999,
            8.299999999999997,
            5.800000000000001,
            6.300000000000001,
            0.40000000000000213,
            -1.6999999999999993,
            -4.699999999999999,
            -5.600000000000001,
            -2.1999999999999993,
            -5.0
        ],
        "PTS": [
            1.8000000000000007,
            2.1999999999999993,
            -4.299999999999999,
            -7.4,
            -3.5,
            -3.8,
            -3.2,
            -2.0,
            0.10000000000000009,
            -0.8999999999999999
        ],
        "REB": [
            5.800000000000001,
            2.3,
            -0.5,
            -0.3999999999999999,
            -0.5,
            -0.6999999999999997,
            -0.6000000000000001,
            -0.6000000000000001,
            -0.7000000000000002,
            -1.1
        ],
        "AST": [
            0.5,
            -1.2000000000000002,
            0.30000000000000004,
            0.30000000000000004,
            0.30000000000000004,
            0.20000000000000007,
            0.09999999999999998,
            -0.10000000000000009,
            0.09999999999999998,
            -0.2
        ],
        "STL": [
            -1.4,
            -1.2,
            -1.2000000000000002,
            -1.1,
            -0.8,
            -0.6,
            -0.6000000000000001,
            -0.7,
            -0.6,
            -0.6
        ],
        "BLK": [
            0.10000000000000009,
            0.7,
            0.3,
            0.2,
            0.2,
            0.2,
            0.2,
            0.2,
            0.1,
            -0.1
        ],
        "TO": [
            -0.3999999999999999,
            -0.8999999999999999,
            -1.4999999999999998,
            -0.40000000000000013,
            -0.5,
            -0.30000000000000004,
            0.0,
            0.09999999999999998,
            -0.09999999999999998,
            -0.4
        ],
        "FG%": [
            6.399999999999999,
            7.600000000000001,
            6.400000000000006,
            -1.1000000000000014,
            1.1999999999999957,
            -0.09999999999999432,
            -0.19999999999999574,
            -0.10000000000000142,
            -1.5,
            -7.0000000000000036
        ],
        "FT%": [
            -11.799999999999997,
            5.900000000000006,
            6.0,
            6.5,
            2.4000000000000057,
            1.0999999999999943,
            2.299999999999997,
            -6.799999999999997,
            -3.700000000000003,
            -3.799999999999997
        ],
        "3P%": [
            27.800000000000004,
            2.1999999999999957,
            3.200000000000003,
            2.4000000000000057,
            -1.0,
            0.0,
            4.399999999999999,
            4.200000000000003,
            -25.6,
            -25.4
        ]
    },
    "score_diff": 43
}