{
    "team_diff": "West Virginia Mountaineers vs Princeton Tigers",
    "sorted_stats_diff": {
        "GP": [
            3.0,
            3.0,
            3.0,
            3.0,
            3.0,
            3.0,
            2.0,
            2.0,
            -3.0,
            2.0
        ],
        "MIN": [
            -3.0,
            0.0,
            0.8000000000000007,
            4.5,
            0.8999999999999986,
            3.8000000000000007,
            2.8000000000000007,
            5.0,
            2.9000000000000004,
            -0.7999999999999998
        ],
        "PTS": [
            4.0,
            -1.3000000000000007,
            0.6999999999999993,
            1.9000000000000004,
            0.20000000000000018,
            0.6999999999999993,
            1.2999999999999998,
            1.5999999999999996,
            0.2999999999999998,
            -1.0
        ],
        "REB": [
            -3.799999999999999,
            -0.7000000000000002,
            -0.2999999999999998,
            0.6000000000000001,
            0.3999999999999999,
            1.1,
            0.7000000000000002,
            0.20000000000000018,
            0.10000000000000009,
            -0.19999999999999996
        ],
        "AST": [
            0.2999999999999998,
            0.6000000000000001,
            0.3999999999999999,
            0.30000000000000004,
            -0.19999999999999996,
            0.10000000000000009,
            -0.09999999999999998,
            -0.09999999999999998,
            -0.10000000000000003,
            -0.19999999999999998
        ],
        "STL": [
            1.2,
            1.5,
            1.0999999999999999,
            1.4999999999999998,
            0.4,
            0.30000000000000004,
            0.4,
            0.09999999999999998,
            0.0,
            -0.09999999999999998
        ],
        "BLK": [
            -0.20000000000000007,
            -0.09999999999999998,
            0.09999999999999998,
            0.09999999999999998,
            0.2,
            0.10000000000000003,
            -0.19999999999999998,
            -0.1,
            -0.1,
            -0.1
        ],
        "TO": [
            0.5,
            0.9999999999999998,
            0.40000000000000013,
            0.5,
            0.3999999999999999,
            0.10000000000000009,
            -0.09999999999999998,
            -0.10000000000000009,
            -0.10000000000000009,
            0.09999999999999998
        ],
        "FG%": [
            -8.800000000000004,
            -9.799999999999997,
            -8.899999999999999,
            -5.600000000000001,
            -4.100000000000001,
            -3.799999999999997,
            -3.799999999999997,
            -5.199999999999996,
            -12.5,
            -12.0
        ],
        "FT%": [
            -19.0,
            -21.5,
            -17.200000000000003,
            -13.700000000000003,
            -13.200000000000003,
            -15.099999999999994,
            -16.200000000000003,
            -10.100000000000001,
            -13.400000000000006,
            -26.0
        ],
        "3P%": [
            -33.3,
            -15.600000000000001,
            -3.6999999999999957,
            -5.099999999999998,
            -2.8999999999999986,
            -2.299999999999997,
            -4.199999999999996,
            -29.1,
            -25.0,
            -19.0
        ]
    },
    "score_diff": 10
}