{
    "team_diff": "Alabama Crimson Tide vs Grand Canyon Lopes",
    "sorted_stats_diff": {
        "GP": [
            -1.0,
            -1.0,
            -1.0,
            0.0,
            0.0,
            -1.0,
            -1.0,
            -1.0,
            1.0,
            4.0,
            8.0,
            -2.0,
            -2.0
        ],
        "MIN": [
            -0.29999999999999716,
            -2.5,
            -6.799999999999997,
            -0.3000000000000007,
            0.6000000000000014,
            2.4000000000000004,
            1.4000000000000021,
            1.5,
            -0.1999999999999993,
            0.0,
            4.199999999999999,
            -1.4,
            -1.1
        ],
        "PTS": [
            1.3999999999999986,
            -0.1999999999999993,
            -1.4000000000000004,
            2.8000000000000007,
            2.0,
            1.0999999999999996,
            0.9000000000000004,
            2.2,
            0.7000000000000002,
            0.6999999999999997,
            1.5000000000000002,
            -0.30000000000000004,
            -0.6
        ],
        "REB": [
            -1.8999999999999995,
            -1.2999999999999998,
            -1.0999999999999996,
            0.9000000000000004,
            0.5,
            0.10000000000000009,
            0.20000000000000018,
            0.6000000000000001,
            1.5,
            1.5,
            0.0,
            -0.2,
            0.0
        ],
        "AST": [
            0.8000000000000003,
            2.2,
            0.19999999999999996,
            0.10000000000000009,
            0.2999999999999998,
            -0.6000000000000001,
            0.0,
            0.2,
            0.10000000000000003,
            0.2,
            0.2,
            0.0,
            0.0
        ],
        "STL": [
            -0.10000000000000009,
            0.0,
            -0.19999999999999996,
            -0.20000000000000007,
            -0.20000000000000007,
            -0.19999999999999996,
            -0.3,
            -0.10000000000000003,
            0.0,
            0.1,
            0.1,
            0.0,
            0.0
        ],
        "BLK": [
            0.0,
            -0.40000000000000013,
            -0.4,
            -0.19999999999999996,
            -0.2,
            0.0,
            0.0,
            0.0,
            -0.1,
            -0.1,
            -0.1,
            -0.1,
            0.0
        ],
        "TO": [
            0.0,
            0.19999999999999973,
            -0.30000000000000004,
            -0.30000000000000004,
            -0.30000000000000004,
            0.30000000000000004,
            0.09999999999999998,
            0.09999999999999998,
            0.0,
            0.0,
            0.2,
            0.0,
            0.0
        ],
        "FG%": [
            22.200000000000003,
            -13.0,
            -7.400000000000006,
            -7.599999999999994,
            -7.0,
            0.7999999999999972,
            -1.0,
            0.29999999999999716,
            0.10000000000000142,
            0.8000000000000043,
            -0.8999999999999986,
            -0.6000000000000014,
            -0.8999999999999986
        ],
        "FT%": [
            0.0,
            12.5,
            12.5,
            2.299999999999997,
            2.200000000000003,
            1.2000000000000028,
            3.700000000000003,
            4.599999999999994,
            -1.5,
            -3.0999999999999943,
            12.700000000000003,
            -3.3000000000000043,
            5.200000000000003
        ],
        "3P%": [
            -50.0,
            0.0,
            2.3999999999999986,
            3.700000000000003,
            6.700000000000003,
            4.300000000000004,
            1.2999999999999972,
            -1.3000000000000007,
            -2.0,
            -3.8999999999999986,
            -20.4,
            -28.7,
            0.0
        ]
    },
    "score_diff": 11
}