{
    "team_diff": "Alabama Crimson Tide vs Charleston Cougars",
    "sorted_stats_diff": {
        "GP": [
            -2.0,
            -2.0,
            -2.0,
            -2.0,
            -2.0,
            -3.0,
            -5.0,
            -4.0,
            -3.0,
            -2.0,
            0.0,
            -7.0,
            4.0
        ],
        "MIN": [
            7.100000000000001,
            6.300000000000001,
            3.299999999999997,
            3.3000000000000007,
            2.1999999999999993,
            -3.6999999999999993,
            -4.300000000000001,
            -3.6000000000000014,
            -2.5999999999999996,
            -2.6000000000000005,
            2.0,
            -3.6,
            0.10000000000000009
        ],
        "PTS": [
            8.599999999999998,
            1.4000000000000004,
            -0.20000000000000107,
            1.200000000000001,
            -0.1999999999999993,
            -1.4000000000000004,
            0.7999999999999998,
            0.5999999999999996,
            -0.49999999999999956,
            0.3999999999999999,
            1.9,
            0.29999999999999993,
            -0.09999999999999998
        ],
        "REB": [
            -0.7999999999999998,
            0.20000000000000018,
            0.3000000000000007,
            -0.5,
            -0.2999999999999998,
            -0.2999999999999998,
            -0.3999999999999999,
            0.5,
            1.0,
            1.0,
            0.09999999999999998,
            -0.39999999999999997,
            -0.10000000000000003
        ],
        "AST": [
            0.6000000000000005,
            1.6999999999999997,
            -0.40000000000000013,
            -0.09999999999999987,
            0.09999999999999987,
            -0.30000000000000004,
            -0.20000000000000007,
            -0.19999999999999996,
            -0.09999999999999998,
            -0.19999999999999996,
            -0.19999999999999996,
            0.0,
            0.1
        ],
        "STL": [
            0.30000000000000004,
            0.6000000000000001,
            0.20000000000000007,
            0.0,
            0.09999999999999998,
            0.0,
            -0.10000000000000003,
            -0.10000000000000003,
            0.0,
            -0.09999999999999998,
            -0.09999999999999998,
            -0.2,
            0.0
        ],
        "BLK": [
            0.19999999999999996,
            0.19999999999999996,
            0.09999999999999998,
            0.2,
            0.0,
            0.0,
            0.1,
            0.2,
            0.1,
            0.1,
            0.0,
            0.0,
            0.0
        ],
        "TO": [
            0.7,
            0.7999999999999998,
            0.30000000000000004,
            0.30000000000000004,
            0.0,
            0.20000000000000007,
            0.10000000000000009,
            0.09999999999999998,
            -0.09999999999999998,
            -0.09999999999999998,
            0.0,
            -0.09999999999999998,
            0.1
        ],
        "FG%": [
            20.799999999999997,
            13.100000000000001,
            13.799999999999997,
            4.199999999999996,
            2.8000000000000043,
            8.200000000000003,
            5.599999999999994,
            7.600000000000001,
            7.400000000000006,
            10.900000000000006,
            10.399999999999999,
            15.0,
            16.6
        ],
        "FT%": [
            0.0,
            14.5,
            16.0,
            2.0,
            5.700000000000003,
            8.299999999999997,
            7.5,
            12.0,
            6.599999999999994,
            5.8999999999999915,
            6.1000000000000085,
            3.8999999999999986,
            -0.20000000000000284
        ],
        "3P%": [
            0.0,
            5.0,
            0.19999999999999574,
            3.8999999999999986,
            4.300000000000004,
            3.5,
            0.6999999999999957,
            -1.3000000000000007,
            2.400000000000002,
            3.599999999999998,
            -13.000000000000002,
            -11.1,
            0.0
        ]
    },
    "score_diff": 13
}