{
    "team_diff": "Alabama Crimson Tide vs Clemson Tigers",
    "sorted_stats_diff": {
        "GP": [
            0.0,
            0.0,
            0.0,
            0.0,
            0.0,
            -1.0,
            -3.0,
            1.0,
            7.0,
            10.0,
            17.0,
            7.0,
            6.0
        ],
        "MIN": [
            0.6000000000000014,
            -1.9999999999999964,
            -2.599999999999998,
            -1.8999999999999986,
            0.0,
            0.6000000000000014,
            0.8000000000000007,
            -3.0999999999999996,
            -6.199999999999999,
            -3.000000000000001,
            3.0999999999999996,
            -0.19999999999999996,
            -0.30000000000000004
        ],
        "PTS": [
            3.1999999999999993,
            -1.6999999999999993,
            -1.200000000000001,
            1.200000000000001,
            2.9000000000000004,
            1.5999999999999996,
            0.39999999999999947,
            0.7000000000000002,
            0.6000000000000001,
            0.8000000000000003,
            2.2,
            0.7999999999999999,
            0.6
        ],
        "REB": [
            -3.8000000000000007,
            -0.9000000000000004,
            0.39999999999999947,
            0.6999999999999997,
            0.2999999999999998,
            0.3999999999999999,
            0.6000000000000001,
            0.8999999999999999,
            1.5,
            1.5999999999999999,
            0.09999999999999998,
            -0.3,
            -0.3
        ],
        "AST": [
            1.5,
            1.1999999999999997,
            -0.30000000000000027,
            0.20000000000000018,
            0.0,
            -0.7,
            -0.8,
            -0.4,
            -0.4,
            -0.4,
            0.10000000000000003,
            0.2,
            0.1
        ],
        "STL": [
            0.8999999999999999,
            0.8,
            0.40000000000000013,
            0.0,
            -0.09999999999999998,
            0.0,
            -0.10000000000000003,
            -0.10000000000000003,
            0.09999999999999998,
            0.0,
            0.0,
            -0.1,
            0.0
        ],
        "BLK": [
            0.20000000000000018,
            0.09999999999999998,
            0.0,
            0.0,
            0.0,
            0.0,
            0.0,
            0.0,
            0.0,
            0.0,
            0.0,
            0.0,
            0.0
        ],
        "TO": [
            0.6000000000000001,
            0.4999999999999998,
            -0.10000000000000009,
            0.09999999999999987,
            0.09999999999999998,
            0.09999999999999998,
            0.0,
            0.0,
            -0.09999999999999998,
            0.0,
            0.2,
            0.0,
            -0.1
        ],
        "FG%": [
            40.6,
            6.800000000000004,
            8.200000000000003,
            1.6000000000000014,
            1.8000000000000043,
            4.399999999999999,
            2.6000000000000014,
            2.5,
            4.900000000000006,
            3.4000000000000057,
            3.6999999999999957,
            15.0,
            36.6
        ],
        "FT%": [
            6.5,
            15.0,
            22.099999999999994,
            9.0,
            11.600000000000009,
            11.099999999999994,
            13.299999999999997,
            18.099999999999994,
            25.0,
            29.300000000000004,
            28.900000000000006,
            54.7,
            47.1
        ],
        "3P%": [
            3.1000000000000014,
            7.100000000000001,
            2.1999999999999957,
            2.1000000000000014,
            4.5,
            5.800000000000004,
            2.8999999999999986,
            0.5999999999999979,
            0.10000000000000142,
            1.6999999999999993,
            -5.200000000000001,
            0.0,
            0.0
        ]
    },
    "score_diff": 7
}