{
    "team_diff": "Arizona Wildcats vs Dayton Flyers",
    "sorted_stats_diff": {
        "GP": [
            2.0,
            2.0,
            2.0,
            2.0,
            2.0,
            2.0,
            4.0,
            10.0,
            9.0,
            8.0,
            11.0,
            13.0,
            5.0,
            5.0
        ],
        "MIN": [
            -1.2999999999999972,
            -2.599999999999998,
            -3.1000000000000014,
            -1.9000000000000021,
            -2.8000000000000007,
            -8.399999999999999,
            9.899999999999999,
            4.3999999999999995,
            -1.4000000000000004,
            -1.3000000000000007,
            0.8999999999999999,
            0.20000000000000018,
            -0.6000000000000001,
            -0.7
        ],
        "PTS": [
            -2.299999999999997,
            1.200000000000001,
            1.8000000000000007,
            2.299999999999999,
            1.4000000000000004,
            -1.3999999999999995,
            2.9999999999999996,
            3.1,
            1.2000000000000002,
            1.1999999999999997,
            -0.09999999999999998,
            0.0,
            0.4,
            0.4
        ],
        "REB": [
            1.5,
            -0.5999999999999996,
            0.20000000000000018,
            0.5,
            1.6999999999999997,
            1.0,
            0.6999999999999997,
            1.2999999999999998,
            0.8,
            0.5,
            0.19999999999999996,
            0.10000000000000003,
            -0.09999999999999998,
            -0.19999999999999998
        ],
        "AST": [
            0.20000000000000018,
            0.40000000000000036,
            0.8999999999999999,
            0.0,
            -0.10000000000000009,
            0.30000000000000004,
            -0.3999999999999999,
            0.5,
            0.3,
            0.0,
            -0.19999999999999998,
            -0.1,
            -0.2,
            -0.1
        ],
        "STL": [
            0.19999999999999996,
            -0.09999999999999987,
            0.20000000000000007,
            0.30000000000000004,
            0.4,
            0.4,
            0.7,
            0.2,
            0.19999999999999998,
            0.19999999999999998,
            0.1,
            0.1,
            0.1,
            0.0
        ],
        "BLK": [
            -0.8,
            0.09999999999999998,
            0.09999999999999998,
            0.0,
            0.09999999999999998,
            0.0,
            0.0,
            0.1,
            0.1,
            0.0,
            0.0,
            0.0,
            0.0,
            0.0
        ],
        "TO": [
            -0.20000000000000018,
            0.2999999999999998,
            0.09999999999999987,
            0.20000000000000018,
            0.3999999999999999,
            -0.09999999999999998,
            0.20000000000000007,
            0.0,
            -0.19999999999999996,
            0.0,
            -0.09999999999999998,
            -0.1,
            0.0,
            0.0
        ],
        "FG%": [
            -34.3,
            -16.700000000000003,
            -13.300000000000004,
            -7.200000000000003,
            -4.399999999999999,
            -4.100000000000001,
            -0.8000000000000043,
            -0.6000000000000014,
            0.8999999999999986,
            1.7999999999999972,
            1.7000000000000028,
            2.1000000000000014,
            25.0,
            20.0
        ],
        "FT%": [
            0.0,
            -0.7999999999999972,
            -1.1000000000000085,
            -0.29999999999999716,
            4.5,
            7.199999999999989,
            6.5,
            6.599999999999994,
            7.399999999999999,
            20.0,
            16.700000000000003,
            50.8,
            0.0,
            0.0
        ],
        "3P%": [
            -48.1,
            -4.200000000000003,
            -5.899999999999999,
            -9.799999999999997,
            -3.299999999999997,
            -5.700000000000003,
            -6.100000000000001,
            -12.0,
            -11.600000000000001,
            -16.099999999999998,
            0.0,
            0.0,
            0.0,
            0.0
        ]
    },
    "score_diff": 10
}