{
    "team_diff": "Arizona Wildcats vs Long Beach State Beach",
    "sorted_stats_diff": {
        "GP": [
            -2.0,
            -2.0,
            -2.0,
            -1.0,
            -1.0,
            0.0,
            2.0,
            3.0,
            -8.0,
            -9.0,
            -5.0,
            6.0,
            -1.0,
            3.0
        ],
        "MIN": [
            1.2000000000000028,
            -0.7999999999999972,
            -2.8000000000000007,
            -1.6999999999999993,
            -2.1000000000000014,
            1.6999999999999993,
            4.0,
            -0.1999999999999993,
            -1.1000000000000005,
            -0.8000000000000007,
            -2.1999999999999997,
            -2.5999999999999996,
            -1.1,
            -0.9000000000000001
        ],
        "PTS": [
            0.5,
            0.9000000000000004,
            0.9000000000000004,
            -0.3000000000000007,
            -0.5,
            0.7000000000000002,
            1.7999999999999998,
            3.1,
            0.40000000000000036,
            0.5999999999999999,
            -0.7000000000000001,
            -0.29999999999999993,
            -0.19999999999999996,
            0.0
        ],
        "REB": [
            -0.10000000000000142,
            -2.7,
            0.8000000000000007,
            1.0,
            0.7999999999999998,
            0.20000000000000018,
            0.19999999999999973,
            1.1999999999999997,
            0.6000000000000001,
            0.29999999999999993,
            -0.30000000000000004,
            -0.29999999999999993,
            -0.3,
            0.0
        ],
        "AST": [
            -0.7999999999999998,
            0.7000000000000002,
            1.5,
            0.3999999999999999,
            0.3999999999999999,
            0.7,
            -0.3999999999999999,
            0.10000000000000009,
            0.3,
            0.0,
            -0.1,
            0.0,
            -0.1,
            0.0
        ],
        "STL": [
            -0.40000000000000013,
            -0.3999999999999999,
            -0.19999999999999996,
            0.19999999999999996,
            0.30000000000000004,
            0.20000000000000007,
            0.4,
            -0.09999999999999998,
            0.0,
            0.09999999999999998,
            0.1,
            0.0,
            0.1,
            0.0
        ],
        "BLK": [
            -0.09999999999999987,
            -0.19999999999999996,
            0.0,
            -0.2,
            0.0,
            -0.09999999999999998,
            -0.1,
            0.0,
            0.0,
            0.0,
            0.0,
            0.0,
            0.0,
            0.0
        ],
        "TO": [
            -0.6000000000000001,
            -0.10000000000000009,
            -0.09999999999999987,
            0.10000000000000009,
            0.19999999999999996,
            -0.10000000000000009,
            -0.09999999999999998,
            0.0,
            0.0,
            0.0,
            0.0,
            -0.1,
            -0.1,
            0.0
        ],
        "FG%": [
            12.100000000000009,
            1.8999999999999986,
            1.5,
            2.700000000000003,
            2.200000000000003,
            2.6000000000000014,
            4.5,
            3.799999999999997,
            8.0,
            7.799999999999997,
            7.700000000000003,
            7.100000000000001,
            -6.600000000000001,
            5.699999999999999
        ],
        "FT%": [
            12.5,
            1.5,
            6.5,
            4.599999999999994,
            7.0,
            8.700000000000003,
            11.299999999999997,
            11.599999999999994,
            10.299999999999997,
            15.0,
            16.700000000000003,
            0.7999999999999972,
            0.0,
            0.0
        ],
        "3P%": [
            14.199999999999996,
            6.399999999999999,
            9.100000000000001,
            10.499999999999996,
            10.5,
            6.900000000000002,
            5.800000000000001,
            0.0,
            -3.1999999999999993,
            -5.699999999999999,
            -16.7,
            -8.7,
            0.0,
            0.0
        ]
    },
    "score_diff": 20
}