{
    "team_diff": "Auburn Tigers vs Florida Gators",
    "sorted_stats_diff": {
        "GP": [
            -1.0,
            -1.0,
            -1.0,
            -1.0,
            -1.0,
            1.0,
            2.0,
            2.0,
            2.0,
            24.0,
            20.0,
            7.0,
            9.0,
            11.0,
            11.0
        ],
        "MIN": [
            -8.8,
            -7.100000000000001,
            -7.300000000000001,
            -5.100000000000001,
            -3.1000000000000014,
            -1.1000000000000014,
            -1.5,
            0.9000000000000004,
            5.1,
            6.200000000000001,
            2.5,
            0.4999999999999999,
            0.7,
            0.8,
            0.7
        ],
        "PTS": [
            -0.9000000000000021,
            -3.1999999999999993,
            -3.6999999999999993,
            -2.4000000000000004,
            -1.5,
            -0.6000000000000005,
            1.5,
            1.5000000000000004,
            1.4000000000000004,
            0.8999999999999999,
            0.8999999999999999,
            0.0,
            0.4,
            0.3,
            0.0
        ],
        "REB": [
            0.9000000000000004,
            -2.5,
            -2.5,
            -0.2999999999999998,
            -0.5,
            -1.4000000000000004,
            -1.6,
            -1.7,
            0.19999999999999996,
            0.6,
            0.8,
            0.8,
            0.7,
            0.4,
            0.3
        ],
        "AST": [
            -1.7000000000000002,
            0.19999999999999973,
            0.40000000000000013,
            0.6000000000000001,
            0.5999999999999999,
            0.2999999999999998,
            0.5,
            0.3999999999999999,
            0.10000000000000009,
            0.20000000000000007,
            -0.10000000000000003,
            0.1,
            0.1,
            0.1,
            0.0
        ],
        "STL": [
            -0.09999999999999987,
            0.0,
            -0.09999999999999998,
            -0.09999999999999998,
            -0.20000000000000007,
            0.09999999999999998,
            0.19999999999999996,
            0.09999999999999998,
            0.10000000000000003,
            0.10000000000000003,
            -0.19999999999999998,
            0.0,
            0.1,
            0.0,
            0.0
        ],
        "BLK": [
            1.0999999999999999,
            0.5,
            -0.20000000000000007,
            -0.19999999999999996,
            -0.09999999999999998,
            -0.2,
            0.0,
            0.1,
            0.0,
            0.0,
            0.0,
            0.0,
            0.0,
            0.0,
            0.0
        ],
        "TO": [
            -0.7999999999999998,
            -0.7,
            -0.5999999999999999,
            -0.3999999999999999,
            -0.4,
            -0.4,
            0.20000000000000007,
            0.5,
            0.4,
            0.09999999999999998,
            0.09999999999999998,
            0.2,
            0.1,
            0.1,
            0.0
        ],
        "FG%": [
            -29.400000000000006,
            4.5,
            0.7000000000000028,
            4.399999999999999,
            3.5,
            3.0,
            2.3999999999999986,
            2.6000000000000014,
            3.8999999999999986,
            2.8999999999999986,
            -1.1000000000000014,
            -4.0,
            20.0,
            0.0,
            0.0
        ],
        "FT%": [
            12.400000000000006,
            3.0999999999999943,
            4.299999999999997,
            3.0,
            14.200000000000003,
            10.700000000000003,
            13.800000000000004,
            21.0,
            23.700000000000003,
            22.300000000000004,
            23.299999999999997,
            60.2,
            58.7,
            0.0,
            0.0
        ],
        "3P%": [
            -8.200000000000003,
            -3.700000000000003,
            0.8999999999999986,
            3.700000000000003,
            5.399999999999999,
            1.2999999999999972,
            4.300000000000001,
            1.1000000000000014,
            3.700000000000003,
            12.0,
            22.7,
            0.0,
            0.0,
            0.0,
            0.0
        ]
    },
    "score_diff": 19
}