{
    "team_diff": "Auburn Tigers vs Mississippi State Bulldogs",
    "sorted_stats_diff": {
        "GP": [
            -1.0,
            -1.0,
            -1.0,
            -1.0,
            -1.0,
            1.0,
            1.0,
            11.0,
            12.0,
            13.0,
            13.0,
            4.0,
            5.0,
            7.0,
            5.0
        ],
        "MIN": [
            -4.199999999999999,
            -4.199999999999999,
            -5.300000000000001,
            -4.699999999999999,
            -3.1999999999999993,
            -4.5,
            0.3999999999999986,
            -0.29999999999999893,
            1.5999999999999996,
            2.0,
            -4.4,
            -5.4,
            -4.1,
            -2.3000000000000003,
            0.30000000000000004
        ],
        "PTS": [
            -0.9000000000000021,
            -2.5999999999999996,
            0.8000000000000007,
            0.8000000000000007,
            0.8999999999999995,
            0.7999999999999998,
            1.5,
            0.20000000000000018,
            -0.2999999999999998,
            -2.3,
            -2.2,
            -1.6999999999999997,
            -0.7999999999999999,
            -0.8,
            0.0
        ],
        "REB": [
            -0.09999999999999964,
            -2.5,
            -1.9000000000000004,
            -1.2999999999999998,
            0.3999999999999999,
            0.09999999999999964,
            -0.10000000000000009,
            -0.09999999999999987,
            -0.10000000000000009,
            -0.30000000000000004,
            -0.3999999999999999,
            -0.5,
            -0.8999999999999999,
            -0.19999999999999996,
            0.10000000000000003
        ],
        "AST": [
            0.30000000000000027,
            0.19999999999999973,
            0.40000000000000013,
            0.40000000000000013,
            0.30000000000000004,
            0.09999999999999987,
            0.09999999999999987,
            0.29999999999999993,
            -0.09999999999999998,
            0.19999999999999996,
            -0.2,
            -0.30000000000000004,
            0.0,
            0.1,
            0.0
        ],
        "STL": [
            -0.8,
            -0.5,
            -0.20000000000000007,
            -0.09999999999999998,
            0.10000000000000009,
            0.09999999999999998,
            0.0,
            0.09999999999999998,
            0.09999999999999998,
            0.10000000000000003,
            -0.1,
            -0.1,
            -0.1,
            0.0,
            0.0
        ],
        "BLK": [
            1.5000000000000002,
            0.9,
            0.19999999999999996,
            0.09999999999999998,
            0.09999999999999998,
            -0.10000000000000003,
            0.0,
            0.0,
            0.0,
            -0.1,
            -0.1,
            -0.1,
            0.0,
            0.0,
            0.0
        ],
        "TO": [
            -1.0,
            -0.9000000000000001,
            -0.10000000000000009,
            -0.19999999999999996,
            -0.4,
            -0.29999999999999993,
            -0.20000000000000007,
            -0.09999999999999998,
            0.0,
            -0.30000000000000004,
            -0.39999999999999997,
            -0.5,
            -0.30000000000000004,
            -0.3,
            -0.3
        ],
        "FG%": [
            7.600000000000001,
            6.700000000000003,
            1.3000000000000043,
            5.200000000000003,
            2.8999999999999986,
            0.30000000000000426,
            2.9000000000000057,
            3.799999999999997,
            4.299999999999997,
            3.299999999999997,
            -0.20000000000000284,
            -5.800000000000004,
            -17.700000000000003,
            -36.4,
            0.0
        ],
        "FT%": [
            0.0,
            -11.299999999999997,
            2.700000000000003,
            6.5,
            11.5,
            7.299999999999997,
            6.900000000000006,
            11.600000000000009,
            9.400000000000006,
            7.400000000000006,
            3.299999999999997,
            4.099999999999994,
            36.7,
            0.0,
            0.0
        ],
        "3P%": [
            1.6000000000000014,
            4.400000000000006,
            4.400000000000006,
            5.100000000000001,
            4.900000000000006,
            7.899999999999999,
            8.399999999999999,
            8.5,
            8.600000000000001,
            18.900000000000002,
            22.7,
            0.0,
            0.0,
            0.0,
            0.0
        ]
    },
    "score_diff": 7
}