{
    "team_diff": "Baylor Bears vs Colgate Raiders",
    "sorted_stats_diff": {
        "GP": [
            -1.0,
            -1.0,
            -1.0,
            0.0,
            0.0,
            1.0,
            0.0,
            1.0,
            -6.0,
            -8.0,
            -6.0,
            -2.0
        ],
        "MIN": [
            3.900000000000002,
            2.6000000000000014,
            6.100000000000001,
            7.399999999999999,
            4.699999999999999,
            3.400000000000002,
            -4.0,
            -6.1,
            -5.899999999999999,
            -3.999999999999999,
            -0.7999999999999998,
            -1.9000000000000001
        ],
        "PTS": [
            1.9000000000000004,
            2.1999999999999993,
            1.799999999999999,
            3.7,
            3.8,
            4.1,
            -0.20000000000000018,
            0.20000000000000018,
            -2.0,
            -2.4000000000000004,
            -1.2000000000000002,
            -0.40000000000000013
        ],
        "REB": [
            -0.5,
            0.20000000000000018,
            0.10000000000000053,
            -0.40000000000000036,
            0.6000000000000001,
            0.2999999999999998,
            0.0,
            -0.20000000000000018,
            -0.30000000000000004,
            -0.10000000000000009,
            0.09999999999999987,
            -0.9000000000000001
        ],
        "AST": [
            1.3000000000000007,
            0.10000000000000009,
            -0.30000000000000004,
            0.09999999999999987,
            0.10000000000000009,
            0.19999999999999996,
            -0.10000000000000009,
            -0.4,
            -0.3,
            -0.10000000000000003,
            0.0,
            -0.19999999999999998
        ],
        "STL": [
            -0.5,
            0.4,
            0.30000000000000004,
            0.5000000000000001,
            0.09999999999999998,
            0.19999999999999996,
            0.09999999999999998,
            0.0,
            -0.09999999999999998,
            -0.09999999999999998,
            -0.1,
            -0.2
        ],
        "BLK": [
            0.30000000000000004,
            -0.4,
            -0.19999999999999996,
            -0.09999999999999998,
            0.0,
            0.1,
            0.0,
            0.0,
            0.0,
            -0.1,
            -0.1,
            -0.1
        ],
        "TO": [
            1.3000000000000003,
            -0.10000000000000009,
            0.10000000000000009,
            0.10000000000000009,
            0.09999999999999998,
            0.19999999999999996,
            0.09999999999999998,
            -0.09999999999999998,
            -0.09999999999999998,
            -0.09999999999999998,
            0.2,
            0.09999999999999998
        ],
        "FG%": [
            10.700000000000003,
            5.399999999999999,
            5.5,
            6.200000000000003,
            1.3999999999999986,
            0.20000000000000284,
            -1.1000000000000014,
            -1.0,
            2.9000000000000057,
            6.5,
            4.600000000000001,
            1.2999999999999972
        ],
        "FT%": [
            -0.5999999999999943,
            -0.3999999999999915,
            -0.7999999999999972,
            -0.29999999999999716,
            2.299999999999997,
            -1.8999999999999915,
            -1.5999999999999943,
            4.599999999999994,
            5.899999999999999,
            5.100000000000001,
            -56.1,
            -54.3
        ],
        "3P%": [
            22.6,
            9.299999999999997,
            8.600000000000001,
            7.100000000000001,
            3.8000000000000043,
            4.600000000000001,
            4.199999999999999,
            3.0,
            3.099999999999998,
            1.1999999999999993,
            0.0,
            0.0
        ]
    },
    "score_diff": 25
}