{
    "team_diff": "Clemson Tigers vs New Mexico Lobos",
    "sorted_stats_diff": {
        "GP": [
            -3.0,
            -3.0,
            -2.0,
            -2.0,
            -2.0,
            -2.0,
            2.0,
            3.0,
            -3.0,
            -2.0,
            -14.0,
            -11.0
        ],
        "MIN": [
            1.4999999999999964,
            3.1000000000000014,
            -0.09999999999999787,
            0.3999999999999986,
            -3.8000000000000007,
            -0.6000000000000014,
            -1.8999999999999986,
            -2.0000000000000018,
            6.0,
            2.4000000000000004,
            -1.0999999999999996,
            -2.5
        ],
        "PTS": [
            2.799999999999999,
            1.3000000000000007,
            -1.5999999999999996,
            -2.5999999999999996,
            -3.1000000000000005,
            -1.1000000000000005,
            -1.3999999999999995,
            0.0,
            0.6000000000000001,
            0.5,
            -1.0,
            -0.6
        ],
        "REB": [
            0.5,
            -1.6999999999999993,
            1.4000000000000004,
            -0.10000000000000009,
            0.0,
            -0.30000000000000027,
            -0.20000000000000018,
            -0.5,
            -0.5,
            -0.5999999999999999,
            -0.19999999999999996,
            0.0
        ],
        "AST": [
            -2.4000000000000004,
            -0.7000000000000002,
            0.7000000000000002,
            0.19999999999999996,
            0.3999999999999999,
            0.3999999999999999,
            0.7,
            0.30000000000000004,
            0.4,
            0.4,
            0.0,
            -0.1
        ],
        "STL": [
            -1.4999999999999998,
            -0.7,
            -0.7999999999999999,
            -0.5000000000000001,
            -0.5000000000000001,
            -0.09999999999999998,
            -0.09999999999999998,
            0.0,
            -0.09999999999999998,
            -0.09999999999999998,
            -0.09999999999999998,
            0.1
        ],
        "BLK": [
            -0.3999999999999999,
            -0.7,
            -0.19999999999999996,
            0.2,
            0.09999999999999998,
            0.09999999999999998,
            0.0,
            0.1,
            0.0,
            0.0,
            -0.1,
            0.0
        ],
        "TO": [
            -0.5999999999999999,
            -0.10000000000000009,
            0.10000000000000009,
            0.0,
            -0.20000000000000007,
            -0.09999999999999998,
            0.10000000000000009,
            0.19999999999999996,
            0.2,
            0.10000000000000003,
            -0.09999999999999998,
            0.1
        ],
        "FG%": [
            -10.300000000000004,
            -5.199999999999996,
            -0.5,
            -2.700000000000003,
            -2.700000000000003,
            2.0,
            2.6000000000000014,
            2.0,
            1.2999999999999972,
            0.7000000000000028,
            1.5,
            -3.8999999999999986
        ],
        "FT%": [
            -5.200000000000003,
            -3.4000000000000057,
            -2.9000000000000057,
            2.0,
            5.900000000000006,
            3.200000000000003,
            0.8999999999999915,
            -12.0,
            -6.5,
            -7.899999999999999,
            -10.0,
            -25.0
        ],
        "3P%": [
            10.0,
            4.100000000000001,
            4.399999999999999,
            -0.19999999999999574,
            0.5,
            1.5999999999999979,
            2.8999999999999986,
            2.6999999999999993,
            -0.5,
            2.3000000000000007,
            14.3,
            0.0
        ]
    },
    "score_diff": 21
}