{
    "team_diff": "Baylor Bears vs Clemson Tigers",
    "sorted_stats_diff": {
        "GP": [
            1.0,
            1.0,
            1.0,
            1.0,
            1.0,
            1.0,
            0.0,
            3.0,
            1.0,
            -1.0,
            7.0,
            5.0
        ],
        "MIN": [
            1.3999999999999986,
            -0.30000000000000426,
            2.8000000000000007,
            1.6000000000000014,
            1.8000000000000007,
            4.899999999999999,
            -0.5,
            -6.5,
            -6.399999999999999,
            -4.0,
            0.7000000000000002,
            -0.10000000000000009
        ],
        "PTS": [
            -4.0,
            -1.700000000000001,
            -0.5,
            1.1999999999999993,
            4.799999999999999,
            5.0,
            -0.2999999999999998,
            0.20000000000000018,
            -0.7000000000000002,
            -0.7,
            0.5999999999999999,
            0.7999999999999999
        ],
        "REB": [
            -3.8,
            -0.8000000000000007,
            -0.5999999999999996,
            0.3999999999999999,
            0.10000000000000009,
            0.5,
            0.3999999999999999,
            0.6999999999999997,
            0.30000000000000004,
            0.3999999999999999,
            0.3999999999999999,
            -0.39999999999999997
        ],
        "AST": [
            3.6,
            -0.8999999999999999,
            -0.8000000000000003,
            0.0,
            -0.09999999999999987,
            -0.19999999999999996,
            -0.6000000000000001,
            -0.5,
            -0.5,
            -0.5,
            0.0,
            0.1
        ],
        "STL": [
            0.5999999999999999,
            0.5,
            0.5000000000000001,
            0.5000000000000001,
            0.09999999999999998,
            0.09999999999999998,
            0.09999999999999998,
            0.0,
            0.0,
            -0.1,
            -0.1,
            -0.1
        ],
        "BLK": [
            0.0,
            0.0,
            -0.19999999999999996,
            -0.3,
            -0.09999999999999998,
            -0.09999999999999998,
            -0.1,
            -0.1,
            0.0,
            -0.1,
            0.0,
            0.0
        ],
        "TO": [
            1.8,
            -0.30000000000000004,
            -0.30000000000000004,
            -0.19999999999999996,
            0.0,
            0.19999999999999996,
            0.19999999999999996,
            -0.09999999999999998,
            -0.19999999999999996,
            0.0,
            0.2,
            0.09999999999999998
        ],
        "FG%": [
            14.899999999999999,
            4.100000000000001,
            5.5,
            5.200000000000003,
            2.700000000000003,
            3.6999999999999957,
            3.700000000000003,
            4.600000000000001,
            6.299999999999997,
            6.799999999999997,
            4.799999999999997,
            12.600000000000001
        ],
        "FT%": [
            -12.700000000000003,
            -5.299999999999997,
            -2.5999999999999943,
            -0.7000000000000028,
            2.5999999999999943,
            1.6999999999999886,
            3.4000000000000057,
            11.300000000000004,
            13.0,
            17.200000000000003,
            -40.0,
            0.0
        ],
        "3P%": [
            16.700000000000003,
            7.899999999999999,
            6.600000000000001,
            10.100000000000001,
            7.900000000000006,
            6.700000000000003,
            3.1000000000000014,
            2.0,
            4.799999999999997,
            -2.3000000000000007,
            -14.3,
            0.0
        ]
    },
    "score_diff": -8
}