{
    "team_diff": "Boise State Broncos vs Colorado Buffaloes",
    "sorted_stats_diff": {
        "GP": [
            -2.0,
            -2.0,
            -1.0,
            0.0,
            1.0,
            1.0,
            8.0,
            10.0,
            4.0,
            4.0,
            -5.0,
            -2.0,
            -5.0,
            1.0
        ],
        "MIN": [
            -1.8999999999999986,
            -2.200000000000003,
            -2.6999999999999993,
            -1.9000000000000021,
            -1.3000000000000007,
            -6.099999999999998,
            -6.9,
            -0.5,
            -0.29999999999999893,
            -3.1000000000000005,
            -3.6000000000000005,
            -2.0999999999999996,
            -0.3999999999999999,
            0.0
        ],
        "PTS": [
            -2.900000000000002,
            -2.200000000000001,
            0.6999999999999993,
            0.5999999999999996,
            -3.8000000000000007,
            -2.1000000000000005,
            -3.2,
            0.30000000000000027,
            -0.40000000000000013,
            -0.5999999999999999,
            -0.19999999999999996,
            -0.10000000000000009,
            0.1,
            0.0
        ],
        "REB": [
            -0.5,
            0.20000000000000018,
            -0.8000000000000007,
            -0.6999999999999993,
            -0.09999999999999964,
            -0.20000000000000018,
            -0.5,
            -0.30000000000000004,
            -0.40000000000000013,
            -0.09999999999999987,
            -0.10000000000000009,
            -0.20000000000000007,
            -0.09999999999999998,
            -0.1
        ],
        "AST": [
            -2.4,
            0.10000000000000009,
            -0.4999999999999998,
            -0.6000000000000001,
            -0.30000000000000004,
            -0.5,
            -0.30000000000000004,
            -0.30000000000000004,
            -0.49999999999999994,
            -0.49999999999999994,
            -0.30000000000000004,
            -0.3,
            -0.2,
            0.0
        ],
        "STL": [
            -0.5,
            0.0,
            -0.20000000000000007,
            0.0,
            -0.09999999999999998,
            0.09999999999999998,
            0.2,
            0.09999999999999998,
            -0.1,
            0.0,
            -0.1,
            -0.1,
            0.0,
            0.0
        ],
        "BLK": [
            0.6,
            -0.19999999999999996,
            -0.10000000000000003,
            -0.09999999999999998,
            0.0,
            0.1,
            0.0,
            -0.1,
            -0.1,
            -0.1,
            -0.1,
            0.0,
            0.0,
            0.0
        ],
        "TO": [
            -0.7000000000000002,
            -0.40000000000000013,
            -0.3999999999999999,
            -0.19999999999999996,
            -0.5,
            -0.30000000000000004,
            0.0,
            -0.29999999999999993,
            -0.19999999999999996,
            -0.3,
            -0.09999999999999998,
            -0.19999999999999998,
            -0.1,
            0.0
        ],
        "FG%": [
            4.899999999999999,
            -1.5,
            -3.9000000000000057,
            1.2999999999999972,
            0.8000000000000043,
            2.6000000000000014,
            0.4000000000000057,
            3.299999999999997,
            1.3999999999999986,
            -2.299999999999997,
            3.1000000000000014,
            3.5,
            0.0,
            0.0
        ],
        "FT%": [
            -0.09999999999999432,
            -0.19999999999998863,
            -2.200000000000003,
            -2.700000000000003,
            -5.3999999999999915,
            -3.799999999999997,
            -6.8999999999999915,
            -11.400000000000006,
            -8.699999999999996,
            -8.899999999999999,
            -37.5,
            -55.6,
            0.0,
            0.0
        ],
        "3P%": [
            4.5,
            -3.700000000000003,
            -7.0,
            -8.299999999999997,
            -8.399999999999999,
            -7.199999999999999,
            -11.500000000000004,
            -5.800000000000001,
            -3.6999999999999993,
            18.2,
            0.0,
            0.0,
            0.0,
            0.0
        ]
    },
    "score_diff": -7
}