{
    "team_diff": "Florida Gators vs Colorado Buffaloes",
    "sorted_stats_diff": {
        "GP": [
            0.0,
            0.0,
            1.0,
            2.0,
            3.0,
            1.0,
            9.0,
            10.0,
            10.0,
            -9.0,
            -6.0,
            -2.0,
            -1.0,
            3.0,
            1.0
        ],
        "MIN": [
            -1.3999999999999986,
            -3.200000000000003,
            -4.5,
            -1.3000000000000007,
            -4.400000000000002,
            -3.599999999999998,
            -2.3000000000000007,
            3.0999999999999996,
            -0.20000000000000107,
            0.5999999999999996,
            -2.9000000000000004,
            -4.199999999999999,
            -1.7,
            -1.5,
            -0.5
        ],
        "PTS": [
            -2.099999999999998,
            -0.5,
            2.0,
            -0.29999999999999893,
            -1.4000000000000004,
            0.2999999999999998,
            -1.2999999999999998,
            1.0,
            1.1999999999999997,
            -0.19999999999999996,
            -0.5,
            -0.6000000000000001,
            0.0,
            0.0,
            0.0
        ],
        "REB": [
            0.40000000000000036,
            0.9000000000000004,
            0.6000000000000005,
            -1.1999999999999997,
            0.10000000000000009,
            0.6000000000000001,
            1.1,
            1.5,
            0.0,
            -0.29999999999999993,
            -0.8,
            -0.9000000000000001,
            -0.6,
            -0.1,
            0.0
        ],
        "AST": [
            0.10000000000000053,
            0.20000000000000018,
            -0.5,
            -0.7000000000000002,
            -0.5,
            -0.5,
            -0.3999999999999999,
            -0.19999999999999996,
            0.0,
            -0.09999999999999998,
            0.0,
            -0.3,
            -0.2,
            0.0,
            0.0
        ],
        "STL": [
            -0.5,
            0.0,
            0.0,
            0.20000000000000007,
            0.20000000000000007,
            0.09999999999999998,
            0.10000000000000003,
            0.2,
            0.09999999999999998,
            0.19999999999999998,
            0.19999999999999998,
            0.0,
            0.0,
            0.0,
            0.0
        ],
        "BLK": [
            0.7000000000000001,
            0.5000000000000001,
            0.5,
            0.39999999999999997,
            0.39999999999999997,
            0.4,
            0.1,
            0.0,
            0.0,
            -0.1,
            -0.1,
            0.0,
            0.0,
            0.0,
            0.0
        ],
        "TO": [
            -0.3999999999999999,
            -0.30000000000000027,
            -0.30000000000000004,
            -0.30000000000000004,
            -0.30000000000000004,
            0.0,
            -0.10000000000000009,
            -0.29999999999999993,
            -0.19999999999999996,
            -0.09999999999999998,
            -0.09999999999999998,
            -0.3,
            -0.1,
            0.0,
            0.0
        ],
        "FG%": [
            42.4,
            6.800000000000004,
            2.5,
            0.7999999999999972,
            -1.5,
            -1.5,
            -0.3999999999999986,
            -0.5999999999999943,
            -0.6000000000000014,
            0.8999999999999986,
            6.100000000000001,
            6.699999999999999,
            0.0,
            0.0,
            0.0
        ],
        "FT%": [
            0.10000000000000853,
            0.7999999999999972,
            -0.20000000000000284,
            -1.5999999999999943,
            -11.700000000000003,
            -8.700000000000003,
            -8.399999999999999,
            -15.200000000000003,
            -15.799999999999997,
            -19.0,
            -24.299999999999997,
            -55.6,
            0.0,
            0.0,
            0.0
        ],
        "3P%": [
            4.5,
            0.7999999999999972,
            -2.200000000000003,
            -4.5,
            -4.700000000000003,
            -4.899999999999999,
            -8.000000000000004,
            0.8999999999999986,
            3.3000000000000007,
            16.0,
            0.0,
            0.0,
            0.0,
            0.0,
            0.0
        ]
    },
    "score_diff": -2
}