{
    "team_diff": "Virginia Cavaliers vs Colorado State Rams",
    "sorted_stats_diff": {
        "GP": [
            -1.0,
            -1.0,
            -1.0,
            -1.0,
            -2.0,
            -1.0,
            0.0,
            2.0,
            -5.0,
            3.0,
            -3.0,
            0.0,
            -1.0
        ],
        "MIN": [
            -2.0,
            1.9999999999999964,
            -0.6000000000000014,
            -0.1999999999999993,
            -2.6999999999999993,
            -7.6,
            -1.5,
            2.6000000000000014,
            5.299999999999999,
            4.0,
            3.3,
            -3.9,
            -0.4999999999999998
        ],
        "PTS": [
            -1.8999999999999986,
            -0.8999999999999986,
            -4.200000000000001,
            -3.1999999999999993,
            -2.3,
            -1.7999999999999998,
            -1.0,
            -0.5,
            1.4,
            1.2999999999999998,
            0.6000000000000001,
            -1.0,
            0.0
        ],
        "REB": [
            -0.6999999999999993,
            -2.4999999999999996,
            -0.10000000000000009,
            0.20000000000000018,
            0.3999999999999999,
            0.2999999999999998,
            0.5,
            0.5,
            0.30000000000000004,
            -0.10000000000000009,
            0.29999999999999993,
            -0.7,
            -0.6
        ],
        "AST": [
            -0.7000000000000002,
            -0.2999999999999998,
            -0.2999999999999998,
            -0.20000000000000018,
            -0.4,
            -0.5,
            -0.20000000000000007,
            -0.09999999999999998,
            -0.29999999999999993,
            -0.09999999999999998,
            -0.2,
            -0.30000000000000004,
            -0.19999999999999998
        ],
        "STL": [
            0.6000000000000001,
            0.10000000000000009,
            -0.10000000000000009,
            0.09999999999999998,
            0.09999999999999998,
            0.0,
            0.09999999999999998,
            0.09999999999999998,
            0.10000000000000003,
            0.10000000000000003,
            -0.09999999999999998,
            -0.2,
            -0.1
        ],
        "BLK": [
            1.4,
            0.0,
            0.2,
            0.10000000000000003,
            0.0,
            0.0,
            0.0,
            0.1,
            0.1,
            0.0,
            0.0,
            0.0,
            0.0
        ],
        "TO": [
            -0.19999999999999973,
            -0.5999999999999999,
            -0.10000000000000009,
            -0.09999999999999998,
            -0.20000000000000007,
            -0.09999999999999998,
            -0.09999999999999998,
            -0.19999999999999996,
            -0.19999999999999996,
            -0.09999999999999998,
            -0.3,
            -0.4,
            0.0
        ],
        "FG%": [
            -25.200000000000003,
            -9.200000000000003,
            -8.599999999999994,
            -5.5,
            -6.800000000000004,
            -7.0,
            -5.700000000000003,
            -6.800000000000004,
            -3.8999999999999986,
            -5.5,
            -8.0,
            -9.2,
            -10.5
        ],
        "FT%": [
            -15.299999999999997,
            -10.299999999999997,
            -20.5,
            -21.499999999999993,
            -15.600000000000001,
            -15.199999999999996,
            -20.800000000000004,
            -21.799999999999997,
            -22.700000000000003,
            -20.200000000000003,
            -18.400000000000006,
            -23.400000000000006,
            -66.7
        ],
        "3P%": [
            -5.600000000000001,
            5.200000000000003,
            8.199999999999996,
            7.5,
            7.299999999999997,
            -1.7000000000000028,
            -6.400000000000002,
            -10.8,
            -20.4,
            -18.3,
            -21.3,
            0.0,
            0.0
        ]
    },
    "score_diff": -25
}