{
    "team_diff": "Creighton Bluejays vs Oregon Ducks",
    "sorted_stats_diff": {
        "GP": [
            -2.0,
            -2.0,
            -2.0,
            -2.0,
            -2.0,
            -4.0,
            -2.0,
            7.0,
            6.0,
            7.0,
            5.0
        ],
        "MIN": [
            4.600000000000001,
            4.400000000000006,
            3.0,
            3.8999999999999986,
            -4.800000000000001,
            -1.1999999999999993,
            -13.600000000000001,
            -15.9,
            -11.000000000000002,
            -12.7,
            -7.300000000000001
        ],
        "PTS": [
            1.3000000000000007,
            1.0999999999999979,
            4.599999999999998,
            1.0,
            -4.3,
            -4.0,
            -4.6,
            -4.6,
            -5.7,
            -4.699999999999999,
            -1.3
        ],
        "REB": [
            -0.09999999999999964,
            2.6999999999999993,
            1.1000000000000005,
            -1.1000000000000005,
            -0.30000000000000027,
            -0.5999999999999996,
            -0.6999999999999997,
            -1.2000000000000002,
            -1.0999999999999999,
            -1.5999999999999999,
            -1.8000000000000003
        ],
        "AST": [
            1.4000000000000004,
            1.4000000000000004,
            1.7000000000000002,
            -0.7000000000000002,
            -0.5,
            -1.2000000000000002,
            -0.7000000000000001,
            -0.8,
            -0.7,
            -0.6000000000000001,
            -0.30000000000000004
        ],
        "STL": [
            -0.5999999999999999,
            -0.7000000000000001,
            -0.6,
            -0.4,
            -0.4,
            -0.49999999999999994,
            -0.49999999999999994,
            -0.5,
            -0.30000000000000004,
            -0.4,
            -0.3
        ],
        "BLK": [
            1.2000000000000002,
            -0.6,
            -0.7,
            -0.19999999999999998,
            -0.19999999999999998,
            -0.1,
            -0.1,
            -0.1,
            -0.1,
            -0.1,
            0.0
        ],
        "TO": [
            0.0,
            0.5000000000000002,
            0.0,
            0.19999999999999996,
            -0.29999999999999993,
            -0.7000000000000001,
            -0.4,
            -0.39999999999999997,
            -0.39999999999999997,
            -0.49999999999999994,
            -0.5
        ],
        "FG%": [
            -34.900000000000006,
            -7.0,
            -2.8999999999999986,
            1.0,
            -0.5,
            -3.6000000000000014,
            -1.3000000000000043,
            -2.3999999999999986,
            -1.5,
            -6.0,
            -12.899999999999999
        ],
        "FT%": [
            4.0,
            1.2999999999999972,
            3.799999999999997,
            3.799999999999997,
            -3.200000000000003,
            -1.5,
            1.0,
            0.0,
            -6.0,
            -10.200000000000003,
            -11.299999999999997
        ],
        "3P%": [
            6.399999999999999,
            7.399999999999999,
            6.800000000000004,
            3.299999999999997,
            -0.3999999999999986,
            0.20000000000000284,
            -3.099999999999998,
            1.9000000000000021,
            -8.100000000000001,
            11.1,
            0.0
        ]
    },
    "score_diff": 13
}