{
    "team_diff": "Creighton Bluejays vs Akron Zips",
    "sorted_stats_diff": {
        "GP": [
            -2.0,
            -2.0,
            -2.0,
            -2.0,
            -1.0,
            -3.0,
            -3.0,
            2.0,
            -1.0,
            -1.0,
            1.0
        ],
        "MIN": [
            3.6999999999999957,
            3.8999999999999986,
            4.800000000000001,
            5.199999999999999,
            -1.4000000000000021,
            0.6999999999999993,
            -9.399999999999999,
            -9.0,
            -5.800000000000001,
            -1.2000000000000002,
            -1.4999999999999996
        ],
        "PTS": [
            -0.3000000000000007,
            2.1000000000000014,
            7.0,
            2.0,
            -1.5,
            -1.2999999999999998,
            -1.8000000000000003,
            -1.3999999999999995,
            -1.8000000000000003,
            -0.9000000000000001,
            -1.0
        ],
        "REB": [
            -3.8000000000000007,
            3.4000000000000004,
            2.4000000000000004,
            0.10000000000000009,
            0.7999999999999998,
            -0.2999999999999998,
            -0.2999999999999998,
            -0.5999999999999999,
            -0.40000000000000013,
            -0.19999999999999996,
            -0.5
        ],
        "AST": [
            1.9000000000000004,
            2.0,
            1.9,
            -0.10000000000000009,
            -0.30000000000000004,
            -0.7999999999999999,
            -0.6,
            -0.5,
            -0.39999999999999997,
            -0.49999999999999994,
            -0.30000000000000004
        ],
        "STL": [
            -0.09999999999999987,
            0.19999999999999996,
            -0.30000000000000004,
            -0.30000000000000004,
            -0.3,
            -0.39999999999999997,
            -0.2,
            -0.30000000000000004,
            -0.30000000000000004,
            -0.4,
            -0.3
        ],
        "BLK": [
            1.3,
            0.2,
            0.0,
            0.0,
            -0.1,
            0.0,
            0.0,
            -0.1,
            -0.1,
            0.0,
            0.0
        ],
        "TO": [
            -0.10000000000000009,
            0.10000000000000009,
            0.20000000000000018,
            0.3999999999999999,
            -0.09999999999999998,
            -0.5,
            -0.5,
            -0.3,
            -0.3,
            -0.39999999999999997,
            -0.1
        ],
        "FG%": [
            6.399999999999999,
            3.5,
            8.700000000000003,
            4.200000000000003,
            3.8999999999999986,
            0.0,
            1.9000000000000057,
            4.0,
            4.5,
            2.0,
            -4.600000000000001
        ],
        "FT%": [
            8.299999999999997,
            9.0,
            6.3999999999999915,
            4.799999999999997,
            0.0,
            -3.1999999999999886,
            -2.799999999999997,
            -4.700000000000003,
            -3.6000000000000014,
            2.0,
            4.5
        ],
        "3P%": [
            1.5,
            6.100000000000001,
            6.299999999999997,
            2.200000000000003,
            1.8000000000000043,
            1.0000000000000036,
            -1.1999999999999993,
            -0.5999999999999979,
            -10.600000000000001,
            -13.9,
            -10.0
        ]
    },
    "score_diff": 17
}