{
    "team_diff": "Dayton Flyers vs Nevada Wolf Pack",
    "sorted_stats_diff": {
        "GP": [
            -2.0,
            -2.0,
            -2.0,
            -2.0,
            -1.0,
            0.0,
            -2.0,
            -8.0,
            -7.0,
            -8.0,
            -9.0,
            -8.0,
            4.0,
            2.0
        ],
        "MIN": [
            0.7999999999999972,
            1.6999999999999957,
            0.3999999999999986,
            0.0,
            6.100000000000001,
            10.8,
            -7.300000000000001,
            -4.9,
            -2.5,
            -0.09999999999999964,
            -2.2,
            -2.0,
            -2.0,
            -1.0
        ],
        "PTS": [
            2.5,
            -3.1999999999999993,
            -1.1999999999999993,
            0.8000000000000007,
            2.6999999999999993,
            2.3,
            -1.0999999999999996,
            -1.4,
            -2.1,
            -1.9,
            -1.5,
            -0.29999999999999993,
            -0.5,
            0.0
        ],
        "REB": [
            1.1000000000000005,
            1.6000000000000005,
            0.2999999999999998,
            0.0,
            -0.6000000000000001,
            -0.5999999999999996,
            -0.5000000000000002,
            -1.0,
            -0.7,
            -0.5,
            -0.6,
            -0.6000000000000001,
            -0.5,
            0.3
        ],
        "AST": [
            -1.4,
            0.6000000000000001,
            1.1,
            0.5,
            0.6000000000000001,
            0.20000000000000018,
            -0.10000000000000009,
            -0.7,
            0.0,
            0.09999999999999998,
            0.09999999999999998,
            0.0,
            0.2,
            0.1
        ],
        "STL": [
            -0.09999999999999987,
            -0.10000000000000009,
            0.09999999999999998,
            -0.10000000000000009,
            -0.09999999999999998,
            -0.09999999999999998,
            -0.3,
            0.0,
            -0.1,
            0.0,
            0.0,
            0.0,
            0.0,
            0.0
        ],
        "BLK": [
            1.3,
            0.0,
            -0.19999999999999996,
            -0.2,
            -0.2,
            -0.2,
            -0.19999999999999998,
            -0.2,
            -0.1,
            0.0,
            0.0,
            0.0,
            0.0,
            0.0
        ],
        "TO": [
            -0.5999999999999996,
            0.20000000000000018,
            0.30000000000000004,
            0.4,
            0.09999999999999998,
            0.19999999999999996,
            0.10000000000000009,
            0.09999999999999998,
            0.19999999999999996,
            0.0,
            0.09999999999999998,
            0.0,
            0.0,
            0.0
        ],
        "FG%": [
            0.0,
            10.900000000000006,
            6.700000000000003,
            5.5,
            4.800000000000004,
            1.6000000000000014,
            0.5,
            -1.2000000000000028,
            -2.0,
            -3.1999999999999957,
            -1.8999999999999986,
            1.2000000000000028,
            -36.0,
            0.0
        ],
        "FT%": [
            10.099999999999994,
            9.5,
            9.0,
            7.300000000000011,
            1.7999999999999972,
            0.20000000000000284,
            0.3999999999999915,
            2.6999999999999886,
            9.399999999999999,
            5.600000000000001,
            5.600000000000001,
            0.0,
            0.0,
            0.0
        ],
        "3P%": [
            0.0,
            5.100000000000001,
            10.600000000000001,
            11.600000000000001,
            5.899999999999999,
            7.0,
            8.8,
            17.4,
            14.099999999999998,
            13.3,
            0.0,
            0.0,
            0.0,
            0.0
        ]
    },
    "score_diff": 3
}