{
    "team_diff": "Houston Cougars vs Duke Blue Devils",
    "sorted_stats_diff": {
        "GP": [
            2.0,
            2.0,
            2.0,
            3.0,
            5.0,
            4.0,
            5.0,
            -2.0,
            0.0,
            0.0,
            11.0,
            3.0
        ],
        "MIN": [
            -0.3999999999999986,
            -0.1999999999999993,
            -2.099999999999998,
            -3.799999999999997,
            -8.099999999999998,
            -7.0,
            5.6,
            6.9,
            7.699999999999999,
            3.9000000000000004,
            0.5999999999999996,
            0.5
        ],
        "PTS": [
            -1.1000000000000014,
            -1.0999999999999996,
            -1.200000000000001,
            -2.3000000000000007,
            -4.4,
            -1.7000000000000002,
            2.6,
            1.7000000000000002,
            1.5999999999999996,
            0.10000000000000009,
            -0.7999999999999999,
            -0.39999999999999997
        ],
        "REB": [
            -1.5000000000000009,
            -0.7999999999999998,
            -0.5,
            0.6999999999999997,
            0.5,
            0.5,
            1.0,
            0.5,
            0.7,
            1.4999999999999998,
            0.0,
            -0.4
        ],
        "AST": [
            2.5999999999999996,
            -1.4,
            -0.8999999999999999,
            -1.2000000000000002,
            -1.0999999999999999,
            -0.40000000000000013,
            -0.5,
            -0.10000000000000003,
            0.09999999999999998,
            0.0,
            -0.1,
            0.0
        ],
        "STL": [
            1.1,
            0.3999999999999999,
            0.19999999999999996,
            0.30000000000000004,
            0.20000000000000007,
            0.20000000000000007,
            0.30000000000000004,
            0.4,
            0.5,
            0.09999999999999998,
            0.0,
            0.0
        ],
        "BLK": [
            0.10000000000000009,
            0.40000000000000013,
            0.4,
            0.09999999999999998,
            0.2,
            0.2,
            0.19999999999999998,
            0.0,
            0.0,
            0.0,
            0.0,
            0.0
        ],
        "TO": [
            -0.10000000000000009,
            -0.2999999999999998,
            -0.19999999999999996,
            -0.30000000000000004,
            -0.29999999999999993,
            -0.30000000000000004,
            -0.10000000000000009,
            -0.19999999999999996,
            0.0,
            0.0,
            0.0,
            0.0
        ],
        "FG%": [
            -2.1000000000000085,
            1.3999999999999986,
            -1.3999999999999986,
            -9.599999999999994,
            -10.100000000000001,
            -6.200000000000003,
            -7.899999999999999,
            -6.400000000000006,
            -7.700000000000003,
            -6.799999999999997,
            0.0,
            -4.699999999999996
        ],
        "FT%": [
            -12.900000000000006,
            -9.0,
            -8.899999999999991,
            -15.600000000000009,
            -19.0,
            -11.200000000000003,
            -9.299999999999997,
            -13.100000000000001,
            -10.299999999999997,
            -11.5,
            -7.300000000000004,
            -30.0
        ],
        "3P%": [
            -4.400000000000006,
            -4.400000000000006,
            -8.900000000000002,
            -5.399999999999999,
            -5.399999999999999,
            -7.100000000000001,
            -2.5,
            -2.1999999999999993,
            -25.0,
            0.0,
            0.0,
            0.0
        ]
    },
    "score_diff": -3
}