{
    "team_diff": "Duke Blue Devils vs Vermont Catamounts",
    "sorted_stats_diff": {
        "GP": [
            -2.0,
            -2.0,
            -2.0,
            -2.0,
            -1.0,
            1.0,
            0.0,
            -1.0,
            -1.0,
            -2.0,
            -7.0,
            -4.0,
            -5.0
        ],
        "MIN": [
            3.8999999999999986,
            3.200000000000003,
            4.600000000000001,
            6.800000000000001,
            5.5,
            2.599999999999998,
            -10.399999999999999,
            -6.5,
            -7.100000000000001,
            -4.300000000000001,
            -2.4000000000000004,
            -5.0,
            -2.0999999999999996
        ],
        "PTS": [
            4.699999999999999,
            2.6999999999999993,
            2.5,
            3.700000000000001,
            2.0999999999999996,
            0.0,
            -4.6000000000000005,
            -1.5999999999999996,
            -1.4,
            -0.6000000000000001,
            -0.5999999999999999,
            -1.6999999999999997,
            -1.8
        ],
        "REB": [
            3.1000000000000005,
            1.4000000000000004,
            0.40000000000000036,
            -0.6000000000000001,
            -0.10000000000000009,
            -0.10000000000000009,
            -0.20000000000000018,
            -0.20000000000000018,
            -0.8,
            -0.7,
            -0.6000000000000001,
            -0.6,
            -0.10000000000000003
        ],
        "AST": [
            0.6000000000000001,
            0.6000000000000001,
            0.6999999999999997,
            0.7000000000000002,
            0.5,
            -0.30000000000000004,
            -0.09999999999999998,
            -0.4,
            -0.6000000000000001,
            -0.49999999999999994,
            -0.2,
            -0.3,
            -0.2
        ],
        "STL": [
            -0.7,
            0.10000000000000009,
            0.40000000000000013,
            0.20000000000000007,
            0.19999999999999996,
            0.29999999999999993,
            0.19999999999999996,
            0.09999999999999998,
            -0.2,
            -0.2,
            -0.2,
            -0.2,
            -0.1
        ],
        "BLK": [
            0.20000000000000018,
            0.09999999999999998,
            -0.09999999999999998,
            0.09999999999999998,
            -0.10000000000000003,
            -0.2,
            -0.19999999999999998,
            -0.1,
            0.0,
            0.1,
            0.0,
            0.0,
            0.0
        ],
        "TO": [
            0.5,
            -0.30000000000000004,
            0.19999999999999996,
            0.19999999999999996,
            0.29999999999999993,
            0.30000000000000004,
            0.10000000000000009,
            0.09999999999999998,
            -0.09999999999999998,
            -0.2,
            -0.3,
            -0.30000000000000004,
            -0.3
        ],
        "FG%": [
            6.700000000000003,
            -1.1000000000000014,
            -1.0999999999999943,
            3.700000000000003,
            0.3999999999999986,
            -1.0999999999999943,
            -0.19999999999999574,
            -0.3999999999999986,
            0.4000000000000057,
            0.29999999999999716,
            -2.5,
            -7.799999999999997,
            -37.1
        ],
        "FT%": [
            0.0,
            6.799999999999997,
            4.900000000000006,
            4.5,
            13.200000000000003,
            4.3999999999999915,
            0.7999999999999972,
            6.5,
            6.700000000000003,
            6.600000000000001,
            2.0999999999999943,
            5.600000000000001,
            0.0
        ],
        "3P%": [
            -11.899999999999999,
            -9.399999999999999,
            2.200000000000003,
            -0.5,
            -0.3999999999999986,
            -1.0,
            -6.599999999999998,
            -6.200000000000003,
            -8.299999999999997,
            -32.9,
            -31.1,
            -23.8,
            -23.5
        ]
    },
    "score_diff": 17
}