{
    "team_diff": "Duke Blue Devils vs James Madison Dukes",
    "sorted_stats_diff": {
        "GP": [
            -2.0,
            -2.0,
            -2.0,
            -3.0,
            -5.0,
            -5.0,
            -6.0,
            -7.0,
            -8.0,
            13.0,
            -2.0,
            -3.0,
            -6.0
        ],
        "MIN": [
            2.1999999999999993,
            1.0,
            5.199999999999999,
            6.800000000000001,
            7.0,
            3.8999999999999986,
            -9.500000000000002,
            -5.6,
            -0.3000000000000007,
            -0.2999999999999998,
            0.5,
            -0.20000000000000018,
            -0.10000000000000009
        ],
        "PTS": [
            -0.5999999999999979,
            0.6999999999999993,
            2.0999999999999996,
            2.1999999999999993,
            3.6000000000000005,
            0.7000000000000002,
            -4.1000000000000005,
            -3.5999999999999996,
            -1.5999999999999996,
            0.19999999999999996,
            0.09999999999999987,
            -0.09999999999999998,
            -0.3
        ],
        "REB": [
            -0.20000000000000107,
            0.7999999999999998,
            0.5999999999999996,
            -0.8999999999999999,
            -1.0999999999999996,
            -0.20000000000000018,
            -0.10000000000000009,
            1.0,
            0.3999999999999999,
            -0.5,
            0.09999999999999998,
            -0.09999999999999998,
            -0.10000000000000003
        ],
        "AST": [
            0.30000000000000027,
            -0.09999999999999964,
            0.8999999999999999,
            0.40000000000000013,
            0.19999999999999996,
            -0.09999999999999987,
            -0.09999999999999998,
            -0.4,
            -0.5,
            0.0,
            0.0,
            -0.2,
            0.0
        ],
        "STL": [
            -0.19999999999999996,
            -0.19999999999999996,
            0.0,
            -0.19999999999999996,
            -0.20000000000000007,
            -0.30000000000000004,
            -0.30000000000000004,
            -0.19999999999999996,
            -0.3,
            -0.09999999999999998,
            -0.1,
            -0.1,
            -0.1
        ],
        "BLK": [
            0.7000000000000001,
            0.09999999999999998,
            0.09999999999999998,
            0.2,
            0.0,
            -0.09999999999999998,
            -0.1,
            -0.1,
            0.0,
            0.0,
            -0.1,
            -0.1,
            0.0
        ],
        "TO": [
            -0.2999999999999998,
            -0.5,
            0.0,
            0.19999999999999996,
            0.19999999999999996,
            0.20000000000000007,
            0.0,
            -0.10000000000000009,
            -0.19999999999999996,
            0.0,
            -0.09999999999999998,
            -0.19999999999999998,
            -0.2
        ],
        "FG%": [
            -33.3,
            -10.000000000000007,
            -5.399999999999999,
            0.09999999999999432,
            0.10000000000000142,
            -2.3999999999999986,
            0.29999999999999716,
            -1.3000000000000043,
            0.5,
            -0.8000000000000043,
            -6.700000000000003,
            -5.300000000000004,
            -34.4
        ],
        "FT%": [
            0.0,
            -6.700000000000003,
            1.7000000000000028,
            4.799999999999997,
            8.100000000000009,
            4.200000000000003,
            3.299999999999997,
            1.2999999999999972,
            4.700000000000003,
            11.200000000000003,
            3.6000000000000014,
            0.0,
            12.5
        ],
        "3P%": [
            -6.200000000000003,
            -1.3999999999999986,
            0.3999999999999986,
            -1.8999999999999986,
            -0.7999999999999972,
            -1.7999999999999972,
            -6.799999999999997,
            -7.599999999999998,
            -8.799999999999997,
            -33.3,
            -30.0,
            -20.0,
            -14.3
        ]
    },
    "score_diff": 38
}