{
    "team_diff": "BYU Cougars vs Duquesne Dukes",
    "sorted_stats_diff": {
        "GP": [
            -2.0,
            -2.0,
            -2.0,
            -3.0,
            0.0,
            0.0,
            -2.0,
            -3.0,
            0.0,
            -2.0,
            -9.0,
            -8.0,
            -2.0,
            -4.0,
            -3.0
        ],
        "MIN": [
            -3.599999999999998,
            -3.3000000000000007,
            1.6000000000000014,
            1.3999999999999986,
            3.0,
            0.8999999999999986,
            2.299999999999997,
            3.9000000000000004,
            -0.8000000000000007,
            -0.09999999999999964,
            -1.0999999999999996,
            -0.3000000000000007,
            -3.4000000000000004,
            -4.4,
            -1.9999999999999998
        ],
        "PTS": [
            -2.5,
            -4.1,
            3.5,
            3.500000000000001,
            3.0999999999999996,
            3.3,
            3.5999999999999996,
            1.0,
            1.4,
            0.6000000000000001,
            -0.2999999999999998,
            0.10000000000000009,
            -0.2999999999999998,
            -1.0,
            -0.9000000000000001
        ],
        "REB": [
            0.5,
            0.6000000000000005,
            1.6,
            0.6999999999999997,
            0.30000000000000027,
            0.2999999999999998,
            0.6000000000000001,
            0.2999999999999998,
            0.5,
            0.10000000000000009,
            -0.09999999999999987,
            -0.8,
            -0.3999999999999999,
            -0.6,
            -0.7
        ],
        "AST": [
            1.2999999999999998,
            1.5,
            1.0,
            0.3999999999999999,
            0.19999999999999996,
            0.30000000000000004,
            0.4,
            0.40000000000000013,
            0.5000000000000001,
            0.5,
            0.19999999999999996,
            -0.2,
            -0.2,
            -0.19999999999999998,
            0.0
        ],
        "STL": [
            -1.4,
            0.0,
            -0.09999999999999998,
            -0.09999999999999998,
            -0.10000000000000009,
            -0.09999999999999998,
            0.0,
            0.09999999999999998,
            0.10000000000000003,
            0.0,
            0.0,
            0.0,
            -0.2,
            -0.1,
            -0.1
        ],
        "BLK": [
            -0.8999999999999999,
            0.09999999999999998,
            0.09999999999999998,
            0.09999999999999998,
            0.0,
            -0.2,
            -0.09999999999999998,
            -0.19999999999999998,
            -0.1,
            -0.1,
            -0.1,
            -0.1,
            0.0,
            0.0,
            0.0
        ],
        "TO": [
            -1.0999999999999999,
            0.09999999999999987,
            0.30000000000000004,
            0.3999999999999999,
            0.10000000000000009,
            0.0,
            0.0,
            0.0,
            -0.10000000000000009,
            -0.09999999999999998,
            -0.19999999999999996,
            -0.2,
            -0.3,
            -0.2,
            0.0
        ],
        "FG%": [
            -4.100000000000001,
            7.399999999999999,
            3.5,
            2.299999999999997,
            1.6000000000000014,
            -2.0,
            -0.6000000000000014,
            -1.6999999999999957,
            0.8000000000000043,
            0.8999999999999986,
            1.2000000000000028,
            -0.29999999999999716,
            -10.0,
            -21.500000000000004,
            -11.900000000000002
        ],
        "FT%": [
            -9.200000000000003,
            -4.099999999999994,
            0.29999999999999716,
            8.700000000000003,
            5.699999999999989,
            4.5,
            5.299999999999997,
            0.0,
            0.0,
            7.100000000000001,
            -1.3000000000000043,
            -43.8,
            -40.0,
            0.0,
            0.0
        ],
        "3P%": [
            -33.3,
            0.0,
            -5.100000000000001,
            -1.8999999999999986,
            2.299999999999997,
            2.1999999999999957,
            2.1000000000000014,
            0.29999999999999716,
            -0.10000000000000142,
            -1.5,
            -1.1999999999999993,
            -5.699999999999999,
            -18.2,
            0.0,
            0.0
        ]
    },
    "score_diff": -4
}