{
    "team_diff": "Gonzaga Bulldogs vs McNeese Cowboys",
    "sorted_stats_diff": {
        "GP": [
            -1.0,
            -1.0,
            -1.0,
            -1.0,
            0.0,
            0.0,
            1.0,
            2.0,
            -7.0,
            -4.0,
            -3.0,
            -2.0
        ],
        "MIN": [
            3.299999999999997,
            6.600000000000001,
            4.5,
            -1.3999999999999986,
            -0.8000000000000007,
            4.199999999999999,
            -5.699999999999999,
            -8.5,
            -9.799999999999999,
            -8.0,
            -2.0,
            -1.9999999999999996
        ],
        "PTS": [
            -1.3000000000000007,
            2.200000000000001,
            2.4000000000000004,
            1.6000000000000014,
            0.9000000000000004,
            1.5,
            -1.2999999999999998,
            -2.9,
            -3.0,
            -2.8,
            -2.3,
            -2.8000000000000003
        ],
        "REB": [
            -2.2,
            1.2000000000000002,
            1.0,
            -0.5,
            -0.7999999999999998,
            -0.30000000000000027,
            -1.0999999999999996,
            -1.0999999999999999,
            -0.9000000000000001,
            -0.09999999999999987,
            -0.5999999999999999,
            -0.9
        ],
        "AST": [
            2.0999999999999996,
            -0.09999999999999964,
            1.0000000000000002,
            -0.40000000000000013,
            -0.5,
            0.09999999999999998,
            -0.30000000000000004,
            -0.20000000000000007,
            -0.30000000000000004,
            -0.39999999999999997,
            -0.3,
            -0.19999999999999998
        ],
        "STL": [
            -1.5,
            -0.10000000000000009,
            0.0,
            0.0,
            -0.4,
            -0.4,
            -0.5,
            -0.49999999999999994,
            -0.49999999999999994,
            -0.4,
            -0.4,
            -0.4
        ],
        "BLK": [
            -0.7,
            -0.20000000000000007,
            0.29999999999999993,
            0.3,
            0.2,
            0.10000000000000003,
            0.0,
            0.0,
            0.0,
            0.1,
            0.0,
            0.0
        ],
        "TO": [
            0.20000000000000018,
            0.20000000000000018,
            0.19999999999999996,
            0.2999999999999998,
            0.0,
            0.09999999999999998,
            0.0,
            -0.19999999999999996,
            -0.09999999999999998,
            -0.2,
            -0.3,
            -0.2
        ],
        "FG%": [
            -8.899999999999999,
            -9.000000000000007,
            -1.3000000000000043,
            -4.399999999999999,
            -9.399999999999999,
            -5.200000000000003,
            -5.0,
            -4.399999999999999,
            -8.700000000000003,
            -9.200000000000003,
            -9.899999999999999,
            -30.900000000000002
        ],
        "FT%": [
            -11.700000000000003,
            -1.3000000000000114,
            -1.0999999999999943,
            -1.5,
            -4.1000000000000085,
            -3.0,
            -8.299999999999997,
            -9.099999999999994,
            -18.799999999999997,
            -20.0,
            -22.300000000000004,
            -29.0
        ],
        "3P%": [
            -9.0,
            -4.700000000000003,
            -7.100000000000001,
            -3.8999999999999986,
            -4.100000000000001,
            -5.100000000000001,
            -4.800000000000004,
            2.700000000000003,
            -15.000000000000002,
            -23.1,
            -19.6,
            -11.1
        ]
    },
    "score_diff": 21
}