{
    "team_diff": "Kansas Jayhawks vs Gonzaga Bulldogs",
    "sorted_stats_diff": {
        "GP": [
            0.0,
            0.0,
            0.0,
            0.0,
            0.0,
            -1.0,
            -1.0,
            6.0,
            10.0,
            -4.0,
            -5.0,
            -6.0
        ],
        "MIN": [
            0.10000000000000142,
            -0.9000000000000057,
            2.0,
            8.200000000000003,
            0.5,
            -4.800000000000001,
            1.8000000000000007,
            -0.8000000000000007,
            0.2999999999999998,
            -0.3999999999999999,
            -0.7999999999999998,
            -0.5
        ],
        "PTS": [
            1.9000000000000021,
            3.3999999999999986,
            -1.3000000000000007,
            -3.5999999999999996,
            -1.0,
            -3.999999999999999,
            -0.6000000000000005,
            -0.6999999999999997,
            -0.4999999999999998,
            0.6000000000000001,
            -0.19999999999999996,
            0.5
        ],
        "REB": [
            3.6000000000000005,
            -1.2000000000000002,
            -0.7999999999999998,
            0.5999999999999996,
            -1.5,
            -1.4,
            -0.6999999999999997,
            0.09999999999999987,
            0.0,
            -0.7,
            -0.4,
            0.0
        ],
        "AST": [
            -0.40000000000000036,
            1.3999999999999995,
            0.5,
            1.0999999999999999,
            0.5999999999999999,
            0.09999999999999998,
            0.0,
            0.0,
            -0.2,
            0.09999999999999998,
            -0.1,
            -0.1
        ],
        "STL": [
            0.0,
            0.30000000000000004,
            -0.09999999999999987,
            -0.09999999999999998,
            0.30000000000000004,
            0.20000000000000007,
            0.09999999999999998,
            0.0,
            0.0,
            -0.1,
            -0.1,
            0.0
        ],
        "BLK": [
            0.7,
            -0.09999999999999998,
            -0.09999999999999998,
            -0.29999999999999993,
            -0.09999999999999998,
            -0.10000000000000003,
            -0.1,
            -0.1,
            0.0,
            0.0,
            0.0,
            0.0
        ],
        "TO": [
            0.20000000000000018,
            0.7999999999999998,
            0.40000000000000013,
            0.40000000000000013,
            0.6,
            -0.09999999999999998,
            -0.09999999999999998,
            0.0,
            -0.10000000000000003,
            0.0,
            -0.1,
            -0.1
        ],
        "FG%": [
            5.5,
            0.3999999999999986,
            -3.4000000000000057,
            -4.399999999999999,
            -0.29999999999999716,
            -1.3000000000000043,
            -1.6000000000000014,
            -1.1000000000000014,
            3.1000000000000014,
            2.8999999999999986,
            5.0,
            18.999999999999996
        ],
        "FT%": [
            -4.099999999999994,
            -0.5999999999999943,
            1.5,
            0.19999999999998863,
            1.9000000000000057,
            3.5999999999999943,
            0.0,
            -3.6999999999999957,
            4.600000000000001,
            0.0,
            -19.4,
            -30.0
        ],
        "3P%": [
            3.700000000000003,
            -2.3999999999999986,
            -2.1000000000000014,
            -0.3999999999999986,
            1.4000000000000057,
            0.0,
            0.0,
            -2.099999999999998,
            14.500000000000002,
            26.7,
            0.0,
            0.0
        ]
    },
    "score_diff": -21
}