{
    "team_diff": "Montana State Bobcats vs Grambling Tigers",
    "sorted_stats_diff": {
        "GP": [
            0.0,
            0.0,
            0.0,
            0.0,
            0.0,
            1.0,
            -1.0,
            2.0,
            -1.0,
            -2.0,
            -13.0,
            -15.0,
            -4.0
        ],
        "MIN": [
            2.1999999999999957,
            4.699999999999999,
            2.099999999999998,
            2.1999999999999993,
            3.3000000000000007,
            1.0,
            1.9000000000000021,
            -4.1,
            0.8999999999999986,
            0.8000000000000007,
            1.3000000000000007,
            0.5,
            -4.4
        ],
        "PTS": [
            3.299999999999999,
            1.9000000000000004,
            2.6999999999999993,
            3.0,
            2.0999999999999996,
            1.9000000000000004,
            3.3999999999999995,
            1.0,
            0.10000000000000009,
            1.7,
            0.8999999999999999,
            1.0999999999999999,
            0.0
        ],
        "REB": [
            1.5,
            -1.0,
            -0.7000000000000002,
            -0.19999999999999973,
            -0.7000000000000002,
            -0.6999999999999997,
            -0.09999999999999964,
            -0.30000000000000004,
            -0.09999999999999987,
            0.0,
            0.0,
            -0.10000000000000009,
            -0.6
        ],
        "AST": [
            1.0,
            0.8999999999999999,
            -0.30000000000000004,
            0.09999999999999987,
            0.10000000000000009,
            0.6000000000000001,
            0.5,
            0.5,
            0.5,
            0.39999999999999997,
            0.39999999999999997,
            0.49999999999999994,
            0.0
        ],
        "STL": [
            1.2,
            0.8999999999999999,
            0.0,
            0.09999999999999998,
            -0.10000000000000009,
            0.09999999999999998,
            0.0,
            0.0,
            0.09999999999999998,
            0.09999999999999998,
            -0.19999999999999998,
            0.0,
            0.0
        ],
        "BLK": [
            -0.30000000000000004,
            -0.5,
            0.0,
            -0.09999999999999998,
            0.0,
            0.0,
            -0.1,
            0.0,
            0.0,
            -0.1,
            -0.1,
            0.0,
            0.0
        ],
        "TO": [
            0.09999999999999964,
            0.0,
            0.10000000000000009,
            0.0,
            -0.6,
            -0.5,
            -0.20000000000000007,
            -0.10000000000000009,
            -0.09999999999999998,
            -0.09999999999999998,
            0.0,
            -0.3,
            -0.3
        ],
        "FG%": [
            8.800000000000004,
            13.300000000000004,
            17.800000000000004,
            15.0,
            10.0,
            3.6000000000000014,
            4.600000000000001,
            4.300000000000004,
            4.5,
            7.200000000000003,
            8.399999999999999,
            1.5999999999999979,
            2.0
        ],
        "FT%": [
            6.5,
            7.299999999999997,
            4.700000000000003,
            7.3999999999999915,
            3.0999999999999943,
            7.900000000000006,
            9.899999999999991,
            4.799999999999997,
            3.1999999999999957,
            7.899999999999999,
            5.600000000000001,
            -44.8,
            -33.3
        ],
        "3P%": [
            20.5,
            10.0,
            6.899999999999999,
            3.3999999999999986,
            2.200000000000003,
            4.0,
            4.0,
            2.099999999999998,
            6.0,
            15.700000000000001,
            12.5,
            0.0,
            0.0
        ]
    },
    "score_diff": -7
}