{
    "team_diff": "Saint Mary's Gaels vs Grand Canyon Lopes",
    "sorted_stats_diff": {
        "GP": [
            0.0,
            0.0,
            0.0,
            1.0,
            1.0,
            0.0,
            -1.0,
            -2.0,
            -1.0,
            1.0,
            6.0,
            1.0,
            -7.0
        ],
        "MIN": [
            0.0,
            0.20000000000000284,
            -4.599999999999998,
            2.599999999999998,
            2.1000000000000014,
            1.9000000000000021,
            1.3999999999999986,
            -0.8000000000000007,
            0.09999999999999964,
            -1.9000000000000004,
            0.8999999999999999,
            1.0,
            -0.5
        ],
        "PTS": [
            -5.9,
            -1.4000000000000004,
            -1.0999999999999996,
            2.0,
            2.9000000000000004,
            -0.2999999999999998,
            0.2999999999999998,
            1.2000000000000002,
            0.7999999999999998,
            -1.1,
            -0.3999999999999999,
            -0.19999999999999996,
            -0.29999999999999993
        ],
        "REB": [
            0.1999999999999993,
            -0.09999999999999964,
            -0.40000000000000036,
            0.2999999999999998,
            0.5,
            0.3999999999999999,
            0.20000000000000018,
            0.6000000000000001,
            0.3999999999999999,
            0.09999999999999998,
            0.09999999999999998,
            0.09999999999999998,
            0.2
        ],
        "AST": [
            1.2999999999999998,
            0.5,
            0.6999999999999997,
            0.3999999999999999,
            0.30000000000000004,
            -0.3999999999999999,
            0.30000000000000004,
            0.29999999999999993,
            0.39999999999999997,
            0.2,
            0.09999999999999998,
            0.0,
            0.0
        ],
        "STL": [
            -0.40000000000000013,
            -0.5,
            -0.5,
            -0.10000000000000009,
            0.0,
            -0.19999999999999996,
            -0.09999999999999998,
            0.0,
            0.0,
            0.19999999999999998,
            0.1,
            0.2,
            0.1
        ],
        "BLK": [
            -0.09999999999999987,
            -0.19999999999999996,
            -0.20000000000000007,
            -0.29999999999999993,
            -0.3,
            -0.09999999999999998,
            0.0,
            0.0,
            -0.1,
            -0.1,
            -0.1,
            0.0,
            0.0
        ],
        "TO": [
            -0.3999999999999999,
            -0.6000000000000001,
            -0.30000000000000004,
            -0.20000000000000018,
            -0.30000000000000004,
            -0.09999999999999998,
            -0.09999999999999998,
            0.0,
            -0.09999999999999998,
            0.0,
            0.09999999999999998,
            -0.1,
            0.0
        ],
        "FG%": [
            2.200000000000003,
            -8.399999999999991,
            -8.400000000000006,
            -3.5,
            -8.899999999999999,
            -1.3999999999999986,
            -1.8000000000000043,
            -1.0,
            -6.0,
            -5.399999999999999,
            -5.600000000000001,
            -4.600000000000001,
            -7.899999999999999
        ],
        "FT%": [
            -18.700000000000003,
            -9.900000000000006,
            -10.099999999999994,
            -6.799999999999997,
            -7.0,
            -7.599999999999994,
            -5.6000000000000085,
            -9.899999999999991,
            -15.299999999999997,
            -41.699999999999996,
            -31.7,
            -57.1,
            -41.9
        ],
        "3P%": [
            0.0,
            -6.200000000000003,
            -6.899999999999999,
            -5.0,
            1.0,
            0.0,
            -4.4999999999999964,
            -4.299999999999997,
            -5.0,
            -11.8,
            -13.7,
            -29.8,
            0.0
        ]
    },
    "score_diff": -9
}