{
    "team_diff": "Houston Cougars vs Texas A&M Aggies",
    "sorted_stats_diff": {
        "GP": [
            0.0,
            0.0,
            0.0,
            1.0,
            1.0,
            0.0,
            1.0,
            -4.0,
            -5.0,
            0.0,
            12.0,
            3.0
        ],
        "MIN": [
            -1.0,
            -1.1999999999999957,
            -0.29999999999999716,
            1.6000000000000014,
            -3.5,
            -4.900000000000002,
            2.900000000000002,
            1.8000000000000007,
            6.300000000000001,
            3.9000000000000004,
            -0.5999999999999996,
            1.0
        ],
        "PTS": [
            -3.6000000000000014,
            -3.3000000000000007,
            4.0,
            2.0,
            -0.5,
            -0.9000000000000004,
            -0.5,
            -0.5,
            1.6999999999999997,
            0.09999999999999987,
            -0.7000000000000001,
            -0.49999999999999994
        ],
        "REB": [
            -2.3,
            -1.4000000000000004,
            -1.2000000000000002,
            -1.5,
            -0.9000000000000004,
            0.10000000000000009,
            1.0,
            1.2,
            1.0,
            1.5999999999999999,
            0.4,
            0.0
        ],
        "AST": [
            2.4000000000000004,
            -0.7000000000000002,
            0.3999999999999999,
            0.09999999999999998,
            0.10000000000000009,
            0.0,
            -0.19999999999999996,
            -0.3,
            -0.3,
            0.0,
            0.0,
            0.0
        ],
        "STL": [
            0.40000000000000013,
            0.19999999999999996,
            0.5,
            0.30000000000000004,
            0.20000000000000007,
            0.4,
            0.4,
            0.5,
            0.5,
            0.09999999999999998,
            -0.1,
            -0.1
        ],
        "BLK": [
            0.5,
            0.40000000000000013,
            0.4,
            0.3,
            0.3,
            0.30000000000000004,
            0.19999999999999998,
            0.0,
            0.0,
            0.0,
            0.0,
            0.0
        ],
        "TO": [
            -0.6999999999999997,
            -0.2999999999999998,
            0.20000000000000007,
            0.09999999999999998,
            0.0,
            0.0,
            -0.10000000000000009,
            -0.19999999999999996,
            -0.29999999999999993,
            0.0,
            -0.09999999999999998,
            0.1
        ],
        "FG%": [
            7.900000000000006,
            4.599999999999994,
            6.800000000000004,
            2.6999999999999957,
            0.10000000000000142,
            4.199999999999996,
            4.899999999999999,
            4.200000000000003,
            3.3999999999999986,
            4.700000000000003,
            6.4999999999999964,
            11.900000000000002
        ],
        "FT%": [
            2.3999999999999915,
            4.700000000000003,
            0.10000000000000853,
            -0.6999999999999886,
            -3.799999999999997,
            -5.400000000000006,
            -9.700000000000003,
            -8.0,
            -6.899999999999999,
            -5.100000000000001,
            -3.700000000000003,
            20.0
        ],
        "3P%": [
            -6.200000000000003,
            -3.299999999999997,
            -0.8000000000000007,
            2.299999999999997,
            1.6999999999999993,
            0.6000000000000014,
            0.3999999999999986,
            5.900000000000002,
            -14.6,
            0.0,
            0.0,
            0.0
        ]
    },
    "score_diff": 5
}