{
    "team_diff": "Houston Cougars vs Longwood Lancers",
    "sorted_stats_diff": {
        "GP": [
            0.0,
            0.0,
            0.0,
            0.0,
            0.0,
            0.0,
            0.0,
            -3.0,
            -5.0,
            1.0,
            4.0,
            -4.0
        ],
        "MIN": [
            -0.9999999999999964,
            3.8999999999999986,
            1.0,
            1.0,
            -4.5,
            0.09999999999999787,
            0.3000000000000007,
            -0.6999999999999993,
            7.0,
            4.0,
            -1.1000000000000005,
            -3.1
        ],
        "PTS": [
            1.0,
            1.6999999999999993,
            1.0,
            -0.5,
            -1.3000000000000007,
            -0.2999999999999998,
            0.9000000000000004,
            -0.09999999999999964,
            0.8999999999999999,
            -0.30000000000000027,
            -1.2000000000000002,
            -1.8
        ],
        "REB": [
            0.6000000000000005,
            -0.2999999999999998,
            -0.7000000000000002,
            -0.20000000000000018,
            -0.2999999999999998,
            0.8999999999999999,
            1.1,
            0.6000000000000001,
            0.09999999999999964,
            0.2999999999999998,
            -0.5,
            -1.0
        ],
        "AST": [
            1.7999999999999998,
            -0.30000000000000027,
            0.09999999999999987,
            -0.7000000000000001,
            -0.09999999999999998,
            -0.20000000000000007,
            -0.19999999999999996,
            -0.09999999999999998,
            0.0,
            -0.09999999999999998,
            -0.19999999999999998,
            -0.2
        ],
        "STL": [
            0.7000000000000002,
            0.30000000000000004,
            0.09999999999999987,
            0.30000000000000004,
            0.4,
            0.30000000000000004,
            0.4,
            0.6000000000000001,
            0.5,
            0.2,
            -0.1,
            -0.2
        ],
        "BLK": [
            0.7,
            0.7000000000000001,
            0.6000000000000001,
            0.3,
            0.3,
            0.2,
            0.19999999999999998,
            0.0,
            0.0,
            -0.1,
            -0.1,
            0.0
        ],
        "TO": [
            -0.7999999999999998,
            -0.5,
            -0.3999999999999999,
            -0.3999999999999999,
            -0.5999999999999999,
            -0.6000000000000001,
            -0.30000000000000004,
            -0.4,
            -0.29999999999999993,
            -0.10000000000000003,
            -0.09999999999999998,
            -0.19999999999999998
        ],
        "FG%": [
            2.8000000000000043,
            1.6000000000000014,
            -0.5,
            -4.100000000000001,
            -5.0,
            -4.399999999999999,
            -5.799999999999997,
            -3.700000000000003,
            -3.0,
            -4.100000000000001,
            -0.8999999999999986,
            -4.699999999999996
        ],
        "FT%": [
            -12.099999999999994,
            7.099999999999994,
            3.299999999999997,
            0.0,
            1.0,
            -4.6000000000000085,
            -7.800000000000004,
            -11.400000000000006,
            -12.899999999999999,
            -9.699999999999996,
            -12.300000000000004,
            -30.0
        ],
        "3P%": [
            -27.6,
            -10.0,
            -9.200000000000003,
            -7.699999999999996,
            -4.600000000000001,
            -5.5,
            -8.700000000000003,
            -11.099999999999998,
            -30.4,
            -25.3,
            0.0,
            0.0
        ]
    },
    "score_diff": 40
}