{
    "team_diff": "Illinois Fighting Illini vs Duquesne Dukes",
    "sorted_stats_diff": {
        "GP": [
            -1.0,
            -1.0,
            -1.0,
            -1.0,
            2.0,
            2.0,
            1.0,
            0.0,
            0.0,
            -8.0,
            -7.0,
            -10.0,
            -3.0
        ],
        "MIN": [
            1.7000000000000028,
            3.1000000000000014,
            6.899999999999999,
            1.5,
            1.7000000000000028,
            0.09999999999999787,
            2.8000000000000007,
            -3.700000000000001,
            -4.4,
            -4.0,
            -4.5,
            -6.4,
            -5.5
        ],
        "PTS": [
            6.900000000000002,
            1.1000000000000014,
            5.1000000000000005,
            2.9000000000000004,
            0.0,
            0.39999999999999947,
            0.5999999999999996,
            1.2999999999999998,
            -1.1,
            -1.2999999999999998,
            -1.0,
            -1.7,
            -1.7
        ],
        "REB": [
            0.5,
            1.2999999999999998,
            1.7999999999999998,
            1.6,
            0.7000000000000002,
            0.3999999999999999,
            0.7000000000000002,
            0.2999999999999998,
            0.20000000000000018,
            -1.1,
            -1.0999999999999999,
            -1.5,
            -0.9000000000000001
        ],
        "AST": [
            0.20000000000000018,
            0.3999999999999999,
            -0.10000000000000009,
            1.0,
            0.0,
            -0.4,
            -0.30000000000000004,
            -0.29999999999999993,
            -0.3,
            -0.2,
            -0.3,
            -0.5,
            -0.4
        ],
        "STL": [
            -0.8999999999999999,
            0.0,
            -0.4,
            -0.5,
            -0.5,
            -0.39999999999999997,
            -0.3,
            -0.2,
            -0.19999999999999998,
            -0.1,
            -0.1,
            -0.2,
            -0.2
        ],
        "BLK": [
            -0.5,
            0.4,
            0.0,
            0.0,
            0.0,
            -0.10000000000000003,
            -0.09999999999999998,
            -0.09999999999999998,
            -0.1,
            0.0,
            -0.1,
            -0.1,
            -0.1
        ],
        "TO": [
            -0.5,
            0.3999999999999999,
            0.30000000000000004,
            0.19999999999999996,
            -0.09999999999999998,
            -0.20000000000000007,
            -0.20000000000000007,
            -0.19999999999999996,
            -0.29999999999999993,
            -0.29999999999999993,
            -0.39999999999999997,
            -0.3,
            -0.4
        ],
        "FG%": [
            14.700000000000003,
            13.900000000000006,
            2.700000000000003,
            0.0,
            0.20000000000000284,
            -0.19999999999999574,
            -0.20000000000000284,
            1.4000000000000057,
            3.200000000000003,
            0.30000000000000426,
            1.0,
            -3.1000000000000014,
            -38.9
        ],
        "FT%": [
            -9.099999999999994,
            -6.700000000000003,
            0.7000000000000028,
            8.400000000000006,
            3.700000000000003,
            -3.5,
            -3.200000000000003,
            -1.3000000000000043,
            -5.0,
            4.200000000000003,
            2.8999999999999986,
            5.400000000000006,
            -15.0
        ],
        "3P%": [
            -33.3,
            -6.0,
            -2.0,
            -0.30000000000000426,
            1.2000000000000028,
            -2.1000000000000014,
            -3.4999999999999964,
            -9.700000000000003,
            -11.600000000000001,
            -30.8,
            -25.0,
            -20.0,
            -18.2
        ]
    },
    "score_diff": 26
}