{
    "team_diff": "Illinois Fighting Illini vs Wisconsin Badgers",
    "sorted_stats_diff": {
        "GP": [
            -1.0,
            -1.0,
            -1.0,
            -1.0,
            -1.0,
            0.0,
            -2.0,
            -5.0,
            -8.0,
            -10.0,
            -9.0,
            -8.0,
            -3.0
        ],
        "MIN": [
            1.2999999999999972,
            5.200000000000003,
            2.8000000000000007,
            -3.900000000000002,
            -4.899999999999999,
            1.6000000000000014,
            9.9,
            1.0,
            -0.3000000000000007,
            -0.39999999999999947,
            0.3000000000000007,
            -1.7999999999999998,
            -0.5
        ],
        "PTS": [
            6.100000000000001,
            4.800000000000001,
            1.5999999999999996,
            0.3000000000000007,
            -2.6000000000000005,
            -2.0,
            2.5999999999999996,
            3.3,
            0.3999999999999999,
            0.3999999999999999,
            0.5,
            -0.19999999999999996,
            0.19999999999999998
        ],
        "REB": [
            -0.7999999999999998,
            0.7999999999999998,
            1.6,
            1.5000000000000004,
            0.8999999999999995,
            1.5,
            1.5999999999999999,
            1.5,
            0.9999999999999998,
            0.19999999999999996,
            0.09999999999999998,
            -0.2,
            -0.10000000000000003
        ],
        "AST": [
            -0.19999999999999973,
            0.6000000000000001,
            0.20000000000000018,
            0.30000000000000004,
            0.20000000000000007,
            0.09999999999999998,
            0.09999999999999998,
            -0.09999999999999998,
            0.10000000000000003,
            0.09999999999999998,
            0.0,
            -0.2,
            -0.2
        ],
        "STL": [
            -0.6000000000000001,
            -0.20000000000000007,
            -0.30000000000000004,
            -0.19999999999999996,
            -0.2,
            -0.2,
            0.0,
            0.09999999999999998,
            -0.1,
            0.0,
            0.0,
            -0.1,
            0.0
        ],
        "BLK": [
            0.6000000000000001,
            0.5,
            0.2,
            0.30000000000000004,
            0.30000000000000004,
            0.19999999999999998,
            0.0,
            0.0,
            0.0,
            0.1,
            0.0,
            0.0,
            0.0
        ],
        "TO": [
            0.5999999999999999,
            0.3999999999999999,
            0.19999999999999996,
            0.10000000000000009,
            -0.10000000000000009,
            -0.10000000000000009,
            0.09999999999999998,
            0.19999999999999996,
            0.10000000000000003,
            0.10000000000000003,
            0.09999999999999998,
            0.09999999999999998,
            0.0
        ],
        "FG%": [
            17.400000000000006,
            11.400000000000006,
            0.19999999999999574,
            1.2999999999999972,
            2.799999999999997,
            3.200000000000003,
            2.0,
            2.3999999999999986,
            2.1000000000000014,
            3.5,
            8.5,
            3.9999999999999964,
            0.0
        ],
        "FT%": [
            9.099999999999994,
            8.100000000000009,
            5.700000000000003,
            -0.3999999999999915,
            1.2000000000000028,
            -8.0,
            -11.400000000000006,
            -7.699999999999996,
            -9.600000000000001,
            -9.600000000000001,
            -12.5,
            0.0,
            0.0
        ],
        "3P%": [
            53.1,
            -6.5,
            -0.19999999999999574,
            4.299999999999997,
            4.900000000000002,
            1.5999999999999979,
            -1.5,
            -7.800000000000001,
            -5.600000000000001,
            -25.0,
            -18.8,
            -14.3,
            0.0
        ]
    },
    "score_diff": 6
}