{
    "team_diff": "Illinois Fighting Illini vs Morehead State Eagles",
    "sorted_stats_diff": {
        "GP": [
            0.0,
            0.0,
            0.0,
            1.0,
            1.0,
            1.0,
            0.0,
            -2.0,
            5.0,
            4.0,
            9.0
        ],
        "MIN": [
            0.10000000000000142,
            0.30000000000000426,
            -0.29999999999999716,
            -6.400000000000002,
            -2.3000000000000007,
            -0.8000000000000007,
            5.0,
            -2.3000000000000007,
            -2.499999999999999,
            0.0,
            4.7
        ],
        "PTS": [
            2.200000000000003,
            0.3000000000000007,
            0.0,
            -0.3000000000000007,
            -1.0,
            1.2000000000000002,
            1.3000000000000007,
            3.5000000000000004,
            0.3999999999999999,
            -0.10000000000000009,
            1.2
        ],
        "REB": [
            -3.499999999999999,
            0.09999999999999964,
            0.20000000000000018,
            0.09999999999999964,
            -0.2999999999999998,
            0.6000000000000001,
            1.5,
            1.5999999999999999,
            1.0000000000000002,
            0.09999999999999998,
            0.8
        ],
        "AST": [
            -2.3000000000000003,
            0.3999999999999999,
            0.0,
            0.40000000000000013,
            -0.2999999999999998,
            -0.7,
            -0.09999999999999998,
            -0.19999999999999996,
            0.2,
            0.09999999999999998,
            0.2
        ],
        "STL": [
            0.19999999999999996,
            -0.30000000000000004,
            -0.5,
            -0.29999999999999993,
            -0.39999999999999997,
            -0.39999999999999997,
            0.0,
            -0.09999999999999998,
            -0.1,
            0.0,
            0.1
        ],
        "BLK": [
            0.0,
            -0.20000000000000007,
            -0.5,
            -0.09999999999999998,
            0.10000000000000003,
            0.0,
            0.0,
            -0.1,
            -0.1,
            0.0,
            0.0
        ],
        "TO": [
            0.0,
            -0.3999999999999999,
            -0.19999999999999996,
            0.0,
            -0.30000000000000004,
            -0.30000000000000004,
            -0.30000000000000004,
            -0.20000000000000007,
            -0.09999999999999998,
            0.10000000000000003,
            0.0
        ],
        "FG%": [
            12.100000000000001,
            13.999999999999993,
            0.9000000000000057,
            0.0,
            3.6000000000000014,
            3.6999999999999957,
            2.200000000000003,
            2.1999999999999957,
            0.30000000000000426,
            9.8,
            9.600000000000001
        ],
        "FT%": [
            14.299999999999997,
            7.0,
            6.1000000000000085,
            5.400000000000006,
            12.800000000000011,
            -0.20000000000000284,
            -1.7999999999999972,
            6.0,
            4.399999999999999,
            7.100000000000001,
            51.7
        ],
        "3P%": [
            50.0,
            -2.8999999999999986,
            -0.10000000000000142,
            2.700000000000003,
            2.200000000000003,
            0.29999999999999716,
            1.8999999999999986,
            2.0,
            3.3000000000000007,
            0.0,
            0.0
        ]
    },
    "score_diff": 16
}