{
    "team_diff": "Illinois Fighting Illini vs Nebraska Cornhuskers",
    "sorted_stats_diff": {
        "GP": [
            0.0,
            0.0,
            0.0,
            1.0,
            1.0,
            2.0,
            -1.0,
            0.0,
            4.0,
            -2.0,
            -2.0,
            -7.0,
            -4.0
        ],
        "MIN": [
            4.599999999999998,
            4.5,
            4.199999999999999,
            -0.8999999999999986,
            -0.10000000000000142,
            -3.400000000000002,
            -0.1999999999999993,
            -8.299999999999999,
            -4.0,
            -2.9000000000000004,
            2.6000000000000005,
            -0.7000000000000002,
            -0.10000000000000009
        ],
        "PTS": [
            7.700000000000001,
            2.5999999999999996,
            0.09999999999999964,
            -1.5,
            -1.2000000000000002,
            -0.8999999999999995,
            -0.9000000000000004,
            1.5,
            -1.1,
            -0.10000000000000009,
            0.7999999999999999,
            -0.29999999999999993,
            -0.10000000000000003
        ],
        "REB": [
            -1.0999999999999996,
            0.0,
            0.0,
            -0.5,
            0.8999999999999995,
            0.6000000000000001,
            1.0,
            1.2,
            0.6999999999999997,
            -0.5,
            0.0,
            -0.10000000000000003,
            0.09999999999999998
        ],
        "AST": [
            0.6000000000000001,
            0.20000000000000018,
            -0.2999999999999998,
            -0.19999999999999973,
            -0.6000000000000001,
            -0.7,
            -0.7000000000000001,
            -0.7999999999999999,
            -0.5,
            -0.10000000000000003,
            -0.09999999999999998,
            -0.3,
            -0.1
        ],
        "STL": [
            0.3999999999999999,
            -0.09999999999999998,
            -0.4,
            -0.5,
            -0.5,
            -0.3,
            -0.2,
            -0.10000000000000003,
            -0.09999999999999998,
            -0.1,
            -0.1,
            -0.1,
            0.0
        ],
        "BLK": [
            0.30000000000000004,
            0.30000000000000004,
            0.0,
            0.0,
            0.2,
            0.09999999999999998,
            0.0,
            0.0,
            0.0,
            0.1,
            0.0,
            0.0,
            0.0
        ],
        "TO": [
            0.20000000000000018,
            0.09999999999999987,
            -0.10000000000000009,
            -0.09999999999999987,
            -0.19999999999999996,
            -0.19999999999999996,
            -0.30000000000000004,
            -0.09999999999999998,
            -0.19999999999999996,
            0.10000000000000003,
            0.09999999999999998,
            0.19999999999999998,
            0.0
        ],
        "FG%": [
            6.0,
            9.799999999999997,
            4.399999999999999,
            0.0,
            -1.1000000000000014,
            -2.8000000000000043,
            -1.0999999999999943,
            -0.10000000000000142,
            0.10000000000000142,
            -1.3000000000000043,
            -1.7000000000000028,
            -7.0,
            -38.1
        ],
        "FT%": [
            6.099999999999994,
            3.700000000000003,
            3.700000000000003,
            -2.8999999999999915,
            5.299999999999997,
            -5.200000000000003,
            -5.700000000000003,
            -5.600000000000001,
            -6.600000000000001,
            -6.5,
            0.0,
            9.100000000000001,
            -8.299999999999997
        ],
        "3P%": [
            50.0,
            -0.10000000000000142,
            -1.0,
            0.3999999999999986,
            -1.2999999999999972,
            -3.6000000000000014,
            -8.2,
            -12.000000000000004,
            -13.299999999999997,
            -31.3,
            -30.6,
            -18.2,
            0.0
        ]
    },
    "score_diff": 11
}