{
    "team_diff": "Iowa State Cyclones vs Washington State Cougars",
    "sorted_stats_diff": {
        "GP": [
            1.0,
            1.0,
            1.0,
            1.0,
            1.0,
            0.0,
            -1.0,
            2.0,
            3.0,
            10.0,
            6.0,
            6.0,
            3.0
        ],
        "MIN": [
            -2.5000000000000036,
            -2.400000000000002,
            -1.4000000000000021,
            -2.3000000000000007,
            -2.0,
            2.1999999999999993,
            -4.100000000000001,
            -3.4000000000000004,
            -0.7999999999999989,
            -1.6999999999999993,
            1.5,
            0.8999999999999999,
            0.3999999999999999
        ],
        "PTS": [
            -1.6000000000000014,
            -2.3000000000000007,
            -1.4000000000000004,
            0.9000000000000004,
            1.9000000000000004,
            1.5999999999999996,
            1.5,
            -0.8999999999999999,
            -1.3000000000000003,
            0.2999999999999998,
            1.1,
            0.7,
            0.0
        ],
        "REB": [
            -2.3,
            -1.0,
            -0.5999999999999996,
            -0.39999999999999947,
            -0.6000000000000005,
            -0.19999999999999973,
            -0.20000000000000018,
            -0.10000000000000009,
            0.6,
            0.5,
            0.6,
            -0.09999999999999998,
            0.1
        ],
        "AST": [
            1.1000000000000005,
            2.1999999999999997,
            0.19999999999999996,
            -0.30000000000000004,
            -0.30000000000000004,
            -0.19999999999999996,
            -0.3999999999999999,
            0.30000000000000004,
            -0.2,
            0.0,
            0.1,
            0.1,
            0.0
        ],
        "STL": [
            1.1,
            0.8999999999999999,
            0.7999999999999999,
            0.6000000000000001,
            0.6000000000000001,
            0.6000000000000001,
            0.0,
            -0.2,
            -0.10000000000000003,
            0.09999999999999998,
            0.2,
            0.1,
            0.0
        ],
        "BLK": [
            -0.19999999999999996,
            -0.20000000000000007,
            -0.5,
            -0.29999999999999993,
            -0.10000000000000003,
            0.0,
            -0.1,
            -0.1,
            0.0,
            0.1,
            0.0,
            0.0,
            0.0
        ],
        "TO": [
            0.19999999999999973,
            0.20000000000000018,
            0.0,
            -0.19999999999999996,
            -0.30000000000000004,
            -0.19999999999999996,
            -0.5,
            -0.19999999999999996,
            0.0,
            0.0,
            0.1,
            0.0,
            0.0
        ],
        "FG%": [
            1.7000000000000028,
            1.0999999999999943,
            2.3999999999999986,
            -2.0999999999999943,
            6.899999999999999,
            6.399999999999999,
            0.5,
            -0.5,
            6.100000000000001,
            5.199999999999996,
            12.5,
            39.0,
            0.0
        ],
        "FT%": [
            0.0,
            18.599999999999994,
            0.7000000000000028,
            9.399999999999991,
            12.299999999999997,
            13.5,
            13.099999999999994,
            10.799999999999997,
            10.700000000000003,
            8.899999999999999,
            57.1,
            50.0,
            0.0
        ],
        "3P%": [
            0.0,
            25.0,
            2.299999999999997,
            4.5,
            2.8999999999999986,
            2.9999999999999964,
            6.799999999999997,
            1.1999999999999993,
            -7.1,
            0.0,
            0.0,
            0.0,
            0.0
        ]
    },
    "score_diff": 11
}