{
    "team_diff": "Houston Cougars vs Iowa State Cyclones",
    "sorted_stats_diff": {
        "GP": [
            0.0,
            0.0,
            0.0,
            0.0,
            0.0,
            0.0,
            1.0,
            -3.0,
            -1.0,
            3.0,
            8.0,
            3.0
        ],
        "MIN": [
            1.0,
            0.5999999999999979,
            -2.400000000000002,
            -0.29999999999999716,
            -3.1999999999999993,
            -4.100000000000001,
            1.1999999999999993,
            5.199999999999999,
            6.5,
            3.2,
            0.5999999999999996,
            0.8999999999999999
        ],
        "PTS": [
            1.5,
            0.7999999999999989,
            1.1999999999999993,
            -1.0999999999999996,
            -2.8,
            -1.9000000000000004,
            -0.5,
            0.8999999999999999,
            1.2999999999999998,
            0.0,
            -0.8,
            -0.49999999999999994
        ],
        "REB": [
            1.5999999999999996,
            0.5999999999999996,
            0.0,
            -0.10000000000000053,
            0.0,
            0.5,
            0.5,
            1.2,
            0.7999999999999998,
            0.9999999999999998,
            -0.30000000000000004,
            -0.19999999999999998
        ],
        "AST": [
            1.2999999999999998,
            -2.4,
            0.0,
            -0.29999999999999993,
            -0.19999999999999996,
            -0.30000000000000004,
            -0.4,
            -0.4,
            0.0,
            -0.09999999999999998,
            0.0,
            -0.1
        ],
        "STL": [
            -0.5,
            -0.3999999999999999,
            -0.09999999999999987,
            -0.09999999999999987,
            -0.20000000000000007,
            -0.20000000000000007,
            0.4,
            0.6000000000000001,
            0.5,
            0.0,
            -0.19999999999999998,
            0.0
        ],
        "BLK": [
            0.30000000000000004,
            0.20000000000000007,
            0.5,
            0.09999999999999998,
            0.2,
            0.2,
            0.1,
            0.0,
            0.0,
            -0.1,
            0.0,
            0.0
        ],
        "TO": [
            -0.7999999999999998,
            -1.1,
            -0.19999999999999996,
            0.10000000000000009,
            0.0,
            -0.09999999999999998,
            0.09999999999999998,
            0.0,
            0.10000000000000003,
            0.0,
            0.0,
            0.1
        ],
        "FG%": [
            -3.5,
            -2.799999999999997,
            -5.399999999999999,
            -9.700000000000003,
            -9.400000000000006,
            -9.700000000000003,
            -5.699999999999996,
            -5.5,
            -6.5,
            -7.800000000000004,
            -11.399999999999999,
            -12.500000000000004
        ],
        "FT%": [
            -12.5,
            -14.299999999999997,
            -3.0999999999999943,
            -5.299999999999997,
            -9.799999999999997,
            -9.599999999999994,
            -12.399999999999999,
            -14.799999999999997,
            -8.100000000000001,
            -4.899999999999999,
            -10.800000000000004,
            -16.700000000000003
        ],
        "3P%": [
            -61.0,
            -30.900000000000006,
            -5.800000000000004,
            -5.799999999999997,
            -5.899999999999999,
            -5.399999999999999,
            -14.099999999999998,
            -9.5,
            0.0,
            0.0,
            0.0,
            0.0
        ]
    },
    "score_diff": -28
}