{
    "team_diff": "Iowa State Cyclones vs South Dakota State Jackrabbits",
    "sorted_stats_diff": {
        "GP": [
            0.0,
            0.0,
            0.0,
            0.0,
            0.0,
            0.0,
            0.0,
            4.0,
            4.0,
            4.0,
            2.0
        ],
        "MIN": [
            -4.799999999999997,
            -2.5000000000000036,
            0.6999999999999993,
            -0.8000000000000007,
            -2.8999999999999986,
            -3.3999999999999986,
            1.3000000000000007,
            0.0,
            1.1999999999999993,
            1.0,
            0.8999999999999999
        ],
        "PTS": [
            -5.0,
            -0.6999999999999993,
            -0.8000000000000007,
            -1.1999999999999993,
            1.7000000000000002,
            0.7000000000000002,
            2.5,
            -0.10000000000000009,
            0.5,
            0.2999999999999998,
            0.5
        ],
        "REB": [
            -1.2999999999999998,
            -1.1000000000000005,
            -1.0,
            -0.40000000000000036,
            0.10000000000000009,
            0.5,
            0.6000000000000001,
            0.3999999999999999,
            0.3999999999999999,
            0.5,
            0.19999999999999996
        ],
        "AST": [
            1.4000000000000004,
            2.0,
            0.19999999999999996,
            -0.30000000000000004,
            -0.10000000000000009,
            -0.10000000000000009,
            -0.09999999999999998,
            0.0,
            0.0,
            0.0,
            0.0
        ],
        "STL": [
            0.6000000000000001,
            0.8999999999999999,
            0.7,
            0.5,
            0.7000000000000001,
            0.8,
            0.2,
            0.0,
            0.09999999999999998,
            0.09999999999999998,
            0.1
        ],
        "BLK": [
            -0.40000000000000013,
            0.09999999999999998,
            0.2,
            0.30000000000000004,
            0.19999999999999998,
            0.1,
            0.0,
            0.0,
            0.0,
            0.1,
            0.0
        ],
        "TO": [
            -0.30000000000000027,
            0.10000000000000009,
            -0.09999999999999987,
            -0.19999999999999996,
            -0.09999999999999998,
            -0.09999999999999998,
            -0.09999999999999998,
            -0.09999999999999998,
            -0.2,
            -0.10000000000000003,
            0.1
        ],
        "FG%": [
            6.1000000000000085,
            10.600000000000001,
            10.399999999999999,
            4.300000000000004,
            3.299999999999997,
            3.3999999999999986,
            -0.7000000000000028,
            -2.200000000000003,
            2.3999999999999986,
            3.799999999999997,
            3.1000000000000014
        ],
        "FT%": [
            10.799999999999997,
            17.200000000000003,
            -1.0,
            3.5,
            14.099999999999994,
            12.600000000000001,
            14.5,
            15.599999999999994,
            10.700000000000003,
            57.1,
            56.1
        ],
        "3P%": [
            53.3,
            24.800000000000004,
            0.0,
            -0.5,
            -3.3000000000000043,
            -2.0,
            -0.5999999999999943,
            -5.0000000000000036,
            -26.2,
            -14.3,
            0.0
        ]
    },
    "score_diff": 17
}