{
    "team_diff": "Wisconsin Badgers vs James Madison Dukes",
    "sorted_stats_diff": {
        "GP": [
            1.0,
            1.0,
            1.0,
            1.0,
            1.0,
            0.0,
            -1.0,
            -2.0,
            -1.0,
            15.0,
            14.0,
            6.0,
            3.0,
            3.0,
            0.0
        ],
        "MIN": [
            2.9999999999999964,
            -1.1000000000000014,
            3.6000000000000014,
            5.200000000000003,
            6.699999999999999,
            -2.8999999999999986,
            -11.700000000000001,
            -5.600000000000001,
            -0.5999999999999996,
            0.0,
            1.4000000000000004,
            1.0,
            -0.2999999999999998,
            -1.0,
            -1.0
        ],
        "PTS": [
            -0.5,
            -2.200000000000001,
            -1.4000000000000004,
            0.0,
            1.8999999999999995,
            0.9000000000000004,
            -3.8,
            -4.1,
            -1.6999999999999997,
            0.10000000000000009,
            -0.5,
            -0.20000000000000007,
            -0.5,
            -0.6,
            -0.3
        ],
        "REB": [
            -1.2000000000000002,
            0.10000000000000053,
            -0.5000000000000004,
            -1.0,
            -1.0999999999999996,
            -1.1,
            -0.8,
            0.0,
            0.0,
            -0.5,
            0.20000000000000007,
            -0.09999999999999998,
            0.0,
            -0.09999999999999998,
            -0.1
        ],
        "AST": [
            0.3999999999999999,
            -1.1999999999999997,
            -0.20000000000000018,
            0.19999999999999996,
            -0.7999999999999999,
            -0.6,
            -0.6000000000000001,
            -0.4,
            -0.5,
            0.0,
            0.0,
            0.0,
            0.2,
            0.0,
            0.0
        ],
        "STL": [
            0.6000000000000001,
            -0.2999999999999998,
            -0.20000000000000007,
            -0.4,
            -0.5,
            -0.5,
            -0.5,
            -0.49999999999999994,
            -0.39999999999999997,
            -0.19999999999999998,
            0.0,
            0.0,
            -0.1,
            -0.1,
            0.0
        ],
        "BLK": [
            -0.20000000000000007,
            0.0,
            -0.10000000000000003,
            -0.19999999999999998,
            -0.19999999999999998,
            -0.19999999999999998,
            -0.1,
            -0.1,
            0.0,
            -0.1,
            -0.1,
            -0.1,
            0.0,
            0.0,
            0.0
        ],
        "TO": [
            -0.7,
            0.0,
            0.20000000000000018,
            0.09999999999999987,
            0.10000000000000009,
            -0.09999999999999998,
            -0.30000000000000004,
            -0.4,
            -0.3,
            -0.10000000000000003,
            -0.09999999999999998,
            -0.09999999999999998,
            -0.1,
            0.0,
            0.0
        ],
        "FG%": [
            -44.4,
            -13.200000000000003,
            -8.700000000000003,
            -6.199999999999996,
            -7.199999999999996,
            -6.299999999999997,
            -2.8000000000000043,
            -2.200000000000003,
            -1.2000000000000028,
            -4.200000000000003,
            -8.600000000000001,
            -7.4999999999999964,
            -34.9,
            -22.2,
            -22.2
        ],
        "FT%": [
            -9.099999999999994,
            -17.599999999999994,
            -3.9000000000000057,
            -0.7000000000000028,
            0.6000000000000085,
            3.200000000000003,
            8.200000000000003,
            4.199999999999989,
            5.5,
            14.300000000000004,
            11.100000000000001,
            0.0,
            -12.5,
            -33.3,
            0.0
        ],
        "3P%": [
            -4.5,
            1.8999999999999986,
            -0.9000000000000057,
            -5.799999999999997,
            -4.600000000000001,
            -5.599999999999998,
            -4.800000000000001,
            -7.599999999999998,
            -9.399999999999999,
            -8.299999999999997,
            -12.8,
            -5.699999999999999,
            -14.3,
            0.0,
            0.0
        ]
    },
    "score_diff": -11
}