{
    "team_diff": "Kansas Jayhawks vs Samford Bulldogs",
    "sorted_stats_diff": {
        "GP": [
            -2.0,
            -2.0,
            -2.0,
            -2.0,
            -2.0,
            -2.0,
            -2.0,
            -3.0,
            -7.0,
            -21.0,
            -22.0,
            -16.0,
            -16.0,
            -6.0
        ],
        "MIN": [
            9.600000000000001,
            11.399999999999999,
            10.8,
            10.999999999999996,
            5.299999999999997,
            0.1999999999999993,
            -3.599999999999998,
            -9.4,
            -5.6000000000000005,
            -8.700000000000001,
            -6.6000000000000005,
            -5.1,
            -4.8,
            -4.8
        ],
        "PTS": [
            2.1999999999999993,
            6.5,
            1.3999999999999986,
            -1.5999999999999996,
            -0.9000000000000004,
            -1.4000000000000004,
            -1.3999999999999995,
            -3.4,
            -2.5,
            -2.3,
            -2.4,
            -2.2,
            -2.4,
            -1.4
        ],
        "REB": [
            5.0,
            0.9000000000000004,
            0.2999999999999998,
            1.2999999999999998,
            -1.2000000000000002,
            -1.2,
            -0.7000000000000002,
            -0.6000000000000001,
            -0.5,
            -1.2,
            -0.9999999999999999,
            -1.0,
            -0.8,
            -0.6
        ],
        "AST": [
            1.4000000000000004,
            1.4999999999999996,
            1.1,
            0.4999999999999998,
            0.19999999999999996,
            -0.5,
            -0.7999999999999999,
            -0.8,
            -0.7,
            -0.3,
            -0.5,
            -0.4,
            -0.3,
            -0.2
        ],
        "STL": [
            -0.10000000000000009,
            -0.10000000000000009,
            -0.30000000000000004,
            -0.30000000000000004,
            0.0,
            -0.20000000000000007,
            -0.30000000000000004,
            -0.49999999999999994,
            -0.3,
            -0.4,
            -0.3,
            -0.3,
            -0.3,
            -0.1
        ],
        "BLK": [
            -0.30000000000000004,
            0.0,
            0.09999999999999998,
            -0.09999999999999998,
            0.10000000000000003,
            0.09999999999999998,
            0.0,
            0.0,
            0.0,
            0.0,
            0.0,
            0.0,
            0.0,
            0.0
        ],
        "TO": [
            0.6000000000000001,
            0.4999999999999998,
            0.19999999999999996,
            0.19999999999999996,
            0.0,
            -0.19999999999999996,
            -0.4,
            -0.29999999999999993,
            -0.29999999999999993,
            -0.3,
            -0.4,
            -0.5,
            -0.2,
            -0.2
        ],
        "FG%": [
            -34.8,
            -2.700000000000003,
            -3.3000000000000043,
            -4.600000000000001,
            -5.700000000000003,
            -4.600000000000001,
            -7.100000000000001,
            -6.900000000000006,
            -9.299999999999997,
            -6.700000000000003,
            -7.0,
            -11.5,
            -13.600000000000001,
            -43.6
        ],
        "FT%": [
            -11.799999999999997,
            -5.200000000000003,
            -3.0999999999999943,
            -1.7000000000000028,
            -1.5999999999999943,
            1.2000000000000028,
            -8.299999999999997,
            -10.800000000000004,
            -11.200000000000003,
            -18.400000000000006,
            -40.099999999999994,
            -64.1,
            -63.6,
            -63.0
        ],
        "3P%": [
            -2.3999999999999986,
            -10.100000000000001,
            -11.0,
            -9.100000000000001,
            -9.300000000000004,
            -8.0,
            -8.399999999999999,
            -7.900000000000002,
            -5.700000000000003,
            -6.600000000000001,
            -34.5,
            -33.3,
            -27.3,
            -16.7
        ]
    },
    "score_diff": 4
}