{
    "team_diff": "Marquette Golden Eagles vs Western Kentucky Hilltoppers",
    "sorted_stats_diff": {
        "GP": [
            1.0,
            1.0,
            0.0,
            0.0,
            0.0,
            -2.0,
            -2.0,
            2.0,
            2.0,
            -10.0,
            4.0,
            1.0,
            3.0,
            3.0,
            4.0
        ],
        "MIN": [
            4.800000000000001,
            6.699999999999996,
            4.5,
            4.199999999999999,
            5.100000000000001,
            0.8999999999999986,
            -2.900000000000002,
            -2.1999999999999993,
            -8.899999999999999,
            -4.9,
            -5.300000000000001,
            -3.5,
            -3.6,
            -0.5,
            -0.5
        ],
        "PTS": [
            2.0000000000000018,
            5.0,
            3.799999999999999,
            1.9000000000000004,
            0.1999999999999993,
            -2.0999999999999996,
            -1.7000000000000002,
            -1.0,
            -4.2,
            -2.6999999999999997,
            -0.10000000000000009,
            -0.7,
            -0.7,
            -0.8,
            -0.7
        ],
        "REB": [
            1.4000000000000004,
            -0.5,
            -0.7000000000000002,
            -0.5999999999999996,
            -1.4,
            -0.3999999999999999,
            -0.10000000000000009,
            -1.2000000000000002,
            -0.8999999999999999,
            -0.7,
            -0.5,
            -0.19999999999999996,
            -0.39999999999999997,
            0.1,
            0.0
        ],
        "AST": [
            5.3,
            0.5,
            0.2999999999999998,
            0.0,
            -0.7000000000000001,
            -0.5,
            -0.5,
            -0.20000000000000007,
            -0.4,
            -0.3,
            -0.3,
            0.0,
            -0.1,
            0.0,
            0.0
        ],
        "STL": [
            0.3999999999999999,
            0.30000000000000004,
            -0.10000000000000009,
            0.19999999999999996,
            0.09999999999999998,
            0.20000000000000007,
            0.30000000000000004,
            0.09999999999999998,
            0.0,
            -0.10000000000000003,
            -0.30000000000000004,
            -0.2,
            -0.1,
            -0.1,
            0.0
        ],
        "BLK": [
            0.19999999999999996,
            0.4,
            0.0,
            0.0,
            -0.2,
            -0.09999999999999998,
            -0.19999999999999998,
            -0.1,
            0.0,
            -0.1,
            -0.1,
            -0.1,
            0.0,
            0.0,
            0.0
        ],
        "TO": [
            0.7999999999999998,
            0.0,
            -0.30000000000000004,
            -0.40000000000000013,
            -0.3999999999999999,
            -0.5999999999999999,
            -0.6000000000000001,
            -0.6000000000000001,
            -0.7,
            -0.6000000000000001,
            -0.6000000000000001,
            -0.49999999999999994,
            -0.39999999999999997,
            -0.5,
            0.0
        ],
        "FG%": [
            5.300000000000004,
            -2.3999999999999986,
            -1.8999999999999986,
            0.5,
            -0.4000000000000057,
            -3.0,
            -4.100000000000001,
            0.7999999999999972,
            1.1000000000000014,
            -2.700000000000003,
            -7.799999999999997,
            -2.1999999999999993,
            -14.3,
            -22.2,
            -20.0
        ],
        "FT%": [
            -13.799999999999997,
            -8.700000000000003,
            -5.299999999999997,
            -3.0,
            -3.0,
            -2.9000000000000057,
            -6.900000000000006,
            -5.999999999999993,
            -7.299999999999997,
            -11.899999999999999,
            -41.7,
            -66.7,
            -45.8,
            -27.3,
            0.0
        ],
        "3P%": [
            1.5,
            2.799999999999997,
            0.5999999999999943,
            0.7000000000000028,
            2.6999999999999957,
            4.699999999999996,
            11.099999999999998,
            9.899999999999999,
            19.5,
            25.7,
            18.9,
            0.0,
            0.0,
            0.0,
            0.0
        ]
    },
    "score_diff": 18
}