{
    "team_diff": "Marquette Golden Eagles vs Colorado Buffaloes",
    "sorted_stats_diff": {
        "GP": [
            -1.0,
            -1.0,
            -1.0,
            0.0,
            0.0,
            0.0,
            7.0,
            7.0,
            7.0,
            -2.0,
            0.0,
            1.0,
            4.0,
            10.0,
            8.0
        ],
        "MIN": [
            -2.3000000000000043,
            -1.8999999999999986,
            -5.100000000000001,
            -0.6000000000000014,
            -1.4000000000000021,
            -2.0,
            -4.300000000000001,
            4.700000000000001,
            -0.40000000000000036,
            2.1999999999999993,
            -3.3000000000000003,
            -3.5999999999999996,
            -1.0,
            -0.6000000000000001,
            0.30000000000000004
        ],
        "PTS": [
            -2.599999999999998,
            -0.6999999999999993,
            1.6999999999999993,
            -0.5999999999999996,
            -1.799999999999999,
            -1.1000000000000005,
            -0.9000000000000004,
            2.1999999999999997,
            -0.10000000000000009,
            -0.09999999999999987,
            -0.10000000000000009,
            -0.6000000000000001,
            0.3,
            0.0,
            0.0
        ],
        "REB": [
            -0.20000000000000018,
            -1.2000000000000002,
            -1.7000000000000002,
            -1.0999999999999996,
            -0.6999999999999997,
            0.0,
            0.3999999999999999,
            -0.5,
            -0.20000000000000018,
            0.0,
            -0.6000000000000001,
            -0.7000000000000001,
            -0.39999999999999997,
            0.1,
            0.0
        ],
        "AST": [
            3.0,
            0.5,
            0.10000000000000009,
            -0.20000000000000018,
            -1.0,
            -0.9000000000000001,
            -0.6000000000000001,
            -0.4,
            -0.29999999999999993,
            -0.39999999999999997,
            -0.10000000000000003,
            -0.19999999999999998,
            -0.2,
            0.0,
            0.0
        ],
        "STL": [
            0.2999999999999998,
            0.40000000000000013,
            0.09999999999999987,
            0.5,
            0.5000000000000001,
            0.4,
            0.5,
            0.2,
            0.2,
            0.19999999999999998,
            0.0,
            -0.1,
            0.0,
            0.0,
            0.0
        ],
        "BLK": [
            0.6000000000000001,
            0.30000000000000004,
            0.0,
            0.10000000000000003,
            0.0,
            0.1,
            0.0,
            0.0,
            0.0,
            -0.1,
            -0.1,
            0.0,
            0.0,
            0.0,
            0.0
        ],
        "TO": [
            0.2999999999999998,
            -0.40000000000000013,
            -0.7,
            -0.6000000000000001,
            -0.5,
            -0.5,
            0.0,
            -0.19999999999999996,
            -0.3,
            -0.2,
            -0.09999999999999998,
            -0.09999999999999998,
            0.1,
            0.0,
            0.0
        ],
        "FG%": [
            8.800000000000004,
            2.8999999999999986,
            -1.1999999999999957,
            1.0,
            2.200000000000003,
            -0.30000000000000426,
            -1.5,
            -1.7999999999999972,
            0.09999999999999432,
            -1.7000000000000028,
            -0.5999999999999943,
            -1.0999999999999979,
            14.3,
            0.0,
            0.0
        ],
        "FT%": [
            -2.1999999999999886,
            -7.6000000000000085,
            -8.5,
            -9.799999999999997,
            -10.099999999999994,
            -5.099999999999994,
            -7.1000000000000085,
            -8.300000000000004,
            -10.499999999999993,
            -12.5,
            -37.5,
            -55.6,
            0.0,
            0.0,
            0.0
        ],
        "3P%": [
            -4.100000000000001,
            -3.6999999999999957,
            -4.400000000000006,
            -4.799999999999997,
            -3.799999999999997,
            -6.200000000000003,
            -4.300000000000004,
            3.0,
            5.900000000000002,
            25.7,
            18.9,
            0.0,
            0.0,
            0.0,
            0.0
        ]
    },
    "score_diff": 4
}