{
    "team_diff": "Mississippi State Bulldogs vs Michigan State Spartans",
    "sorted_stats_diff": {
        "GP": [
            1.0,
            1.0,
            1.0,
            1.0,
            1.0,
            -1.0,
            -1.0,
            -10.0,
            -5.0,
            0.0,
            4.0,
            0.0,
            1.0,
            0.0
        ],
        "MIN": [
            -4.099999999999998,
            -0.3000000000000007,
            -0.6999999999999993,
            -2.1999999999999993,
            4.0,
            6.399999999999999,
            1.5999999999999996,
            0.29999999999999893,
            1.3999999999999986,
            1.8999999999999986,
            1.8000000000000007,
            3.9000000000000004,
            4.1,
            2.0999999999999996
        ],
        "PTS": [
            -1.0999999999999979,
            2.5,
            -1.5,
            -2.5,
            0.7999999999999998,
            2.8,
            1.5,
            1.5,
            1.4000000000000004,
            1.2999999999999998,
            1.9,
            0.9000000000000001,
            0.7999999999999999,
            0.7
        ],
        "REB": [
            2.5,
            1.5999999999999996,
            1.0999999999999996,
            1.0000000000000004,
            0.0,
            -0.6999999999999997,
            0.10000000000000009,
            0.10000000000000009,
            -0.09999999999999987,
            0.19999999999999996,
            -0.10000000000000009,
            0.9999999999999999,
            1.2,
            0.5
        ],
        "AST": [
            -2.4,
            -0.5999999999999996,
            -1.0999999999999999,
            -0.8,
            -0.2999999999999998,
            0.10000000000000009,
            0.8,
            0.7,
            0.8,
            0.3,
            0.3,
            0.2,
            -0.1,
            0.0
        ],
        "STL": [
            0.20000000000000018,
            0.10000000000000009,
            -0.10000000000000009,
            0.0,
            0.09999999999999998,
            0.19999999999999996,
            0.19999999999999996,
            0.0,
            0.2,
            0.19999999999999998,
            0.1,
            0.2,
            0.2,
            0.0
        ],
        "BLK": [
            0.0,
            0.0,
            -0.09999999999999998,
            -0.09999999999999998,
            0.0,
            -0.10000000000000003,
            -0.09999999999999998,
            -0.09999999999999998,
            -0.19999999999999998,
            -0.1,
            0.0,
            0.0,
            0.0,
            0.0
        ],
        "TO": [
            0.8,
            0.8000000000000003,
            -0.09999999999999987,
            0.19999999999999996,
            0.30000000000000004,
            0.29999999999999993,
            0.30000000000000004,
            0.19999999999999996,
            0.30000000000000004,
            0.19999999999999996,
            0.3,
            0.5,
            0.30000000000000004,
            0.3
        ],
        "FG%": [
            -2.6999999999999957,
            3.700000000000003,
            2.3999999999999986,
            -5.399999999999999,
            -3.200000000000003,
            -1.2000000000000028,
            -2.6000000000000014,
            -2.1000000000000014,
            -2.5,
            -1.7000000000000028,
            -2.799999999999997,
            4.900000000000006,
            7.600000000000001,
            16.4
        ],
        "FT%": [
            20.0,
            21.299999999999997,
            10.299999999999997,
            4.0,
            -2.0999999999999943,
            -1.2000000000000028,
            -0.9000000000000057,
            -0.10000000000000853,
            1.0,
            -3.9000000000000057,
            1.9000000000000057,
            22.200000000000003,
            -8.600000000000001,
            0.0
        ],
        "3P%": [
            -2.5,
            -3.700000000000003,
            -2.299999999999997,
            -1.1000000000000014,
            -1.2000000000000028,
            -6.4999999999999964,
            -5.599999999999998,
            -9.7,
            1.1999999999999993,
            8.7,
            0.0,
            0.0,
            0.0,
            0.0
        ]
    },
    "score_diff": -18
}