{
    "team_diff": "Texas Tech Red Raiders vs NC State Wolfpack",
    "sorted_stats_diff": {
        "GP": [
            -3.0,
            -3.0,
            -4.0,
            -4.0,
            -4.0,
            -5.0,
            -6.0,
            -4.0,
            -11.0,
            -4.0,
            -5.0,
            -5.0,
            -4.0
        ],
        "MIN": [
            1.0,
            0.5,
            4.600000000000001,
            3.5,
            2.799999999999997,
            4.800000000000001,
            8.7,
            -3.0999999999999996,
            0.5,
            1.4000000000000004,
            -1.1000000000000005,
            -2.8999999999999995,
            -2.1999999999999997
        ],
        "PTS": [
            -1.0999999999999979,
            -0.3000000000000007,
            -0.1999999999999993,
            -0.5999999999999996,
            4.2,
            3.799999999999999,
            3.0,
            -0.2999999999999998,
            -1.3999999999999995,
            -0.10000000000000009,
            0.8,
            -0.7999999999999999,
            0.0
        ],
        "REB": [
            0.0,
            3.3000000000000007,
            0.6000000000000001,
            0.2999999999999998,
            0.0,
            -0.09999999999999964,
            -0.6000000000000001,
            -0.3999999999999999,
            -0.3999999999999999,
            0.3999999999999999,
            0.5,
            0.5,
            -0.09999999999999998
        ],
        "AST": [
            1.1999999999999997,
            0.7999999999999998,
            0.3999999999999999,
            0.0,
            -0.19999999999999996,
            0.30000000000000004,
            0.20000000000000007,
            0.0,
            0.09999999999999998,
            -0.2,
            0.0,
            0.0,
            0.1
        ],
        "STL": [
            0.0,
            0.0,
            -0.10000000000000009,
            -0.09999999999999998,
            -0.10000000000000009,
            -0.09999999999999998,
            -0.19999999999999996,
            -0.2,
            -0.2,
            0.0,
            -0.1,
            0.0,
            -0.1
        ],
        "BLK": [
            0.5,
            0.30000000000000004,
            0.19999999999999996,
            -0.2,
            -0.3,
            0.0,
            0.0,
            0.0,
            0.0,
            -0.1,
            0.0,
            0.0,
            0.0
        ],
        "TO": [
            0.7,
            0.6000000000000001,
            0.30000000000000004,
            0.3999999999999999,
            0.10000000000000009,
            0.20000000000000007,
            0.0,
            -0.09999999999999998,
            -0.09999999999999998,
            -0.19999999999999996,
            0.2,
            -0.1,
            -0.1
        ],
        "FG%": [
            10.399999999999999,
            12.699999999999996,
            4.300000000000004,
            4.5,
            4.100000000000001,
            5.100000000000001,
            4.399999999999999,
            4.200000000000003,
            -1.7000000000000028,
            -2.6999999999999957,
            -5.100000000000001,
            3.8999999999999986,
            -18.2
        ],
        "FT%": [
            16.299999999999997,
            9.900000000000006,
            7.0,
            9.5,
            9.0,
            8.200000000000003,
            7.0,
            5.800000000000004,
            5.5,
            1.8000000000000043,
            0.0,
            -9.399999999999999,
            0.0
        ],
        "3P%": [
            -9.300000000000004,
            4.599999999999994,
            -1.2999999999999972,
            -8.899999999999999,
            -7.199999999999999,
            -7.4999999999999964,
            -11.0,
            -21.700000000000003,
            -27.0,
            -23.1,
            -20.0,
            -7.7,
            0.0
        ]
    },
    "score_diff": -13
}