{
    "team_diff": "North Carolina Tar Heels vs NC State Wolfpack",
    "sorted_stats_diff": {
        "GP": [
            -2.0,
            -2.0,
            -2.0,
            -2.0,
            -2.0,
            -1.0,
            -2.0,
            3.0,
            2.0,
            8.0,
            0.0,
            -5.0,
            -3.0,
            -2.0
        ],
        "MIN": [
            2.5,
            0.6000000000000014,
            1.8999999999999986,
            5.700000000000003,
            0.5,
            -3.3000000000000007,
            -3.5,
            -6.9,
            -0.5,
            -2.8,
            -4.2,
            -3.0999999999999996,
            -1.7999999999999998,
            0.5
        ],
        "PTS": [
            4.5,
            1.6999999999999993,
            0.1999999999999993,
            -0.3000000000000007,
            1.5999999999999996,
            -0.5,
            -1.4000000000000004,
            -0.8000000000000003,
            -2.4999999999999996,
            -1.4000000000000001,
            -0.10000000000000009,
            -0.29999999999999993,
            0.0,
            0.0
        ],
        "REB": [
            2.799999999999999,
            4.9,
            -0.20000000000000018,
            -0.3999999999999999,
            -0.5,
            -0.5,
            -1.0,
            -0.5999999999999996,
            -0.7,
            0.09999999999999987,
            0.09999999999999998,
            0.30000000000000004,
            -0.2,
            0.09999999999999998
        ],
        "AST": [
            1.2000000000000002,
            0.7000000000000002,
            0.10000000000000009,
            -0.19999999999999996,
            -0.09999999999999987,
            0.09999999999999998,
            0.0,
            -0.2,
            -0.2,
            -0.30000000000000004,
            -0.2,
            -0.1,
            0.0,
            0.0
        ],
        "STL": [
            0.0,
            0.0,
            -0.09999999999999998,
            -0.20000000000000007,
            -0.20000000000000007,
            -0.29999999999999993,
            -0.29999999999999993,
            -0.2,
            -0.2,
            -0.1,
            -0.1,
            -0.1,
            -0.1,
            0.0
        ],
        "BLK": [
            0.5,
            0.0,
            0.0,
            -0.09999999999999998,
            -0.09999999999999998,
            0.09999999999999998,
            0.0,
            0.1,
            0.0,
            0.0,
            0.0,
            0.0,
            0.0,
            0.0
        ],
        "TO": [
            0.0,
            0.0,
            0.30000000000000004,
            0.3999999999999999,
            0.19999999999999996,
            0.0,
            0.0,
            -0.29999999999999993,
            -0.29999999999999993,
            -0.3,
            0.0,
            -0.2,
            -0.1,
            -0.1
        ],
        "FG%": [
            17.599999999999994,
            7.200000000000003,
            6.700000000000003,
            5.199999999999996,
            3.5,
            2.0,
            -1.1000000000000014,
            1.0,
            1.0,
            -3.5999999999999943,
            -6.700000000000003,
            3.200000000000003,
            6.800000000000001,
            0.0
        ],
        "FT%": [
            16.299999999999997,
            6.599999999999994,
            5.599999999999994,
            3.200000000000003,
            4.6000000000000085,
            3.5,
            2.200000000000003,
            1.999999999999993,
            2.299999999999997,
            10.5,
            11.200000000000003,
            -44.4,
            0.0,
            0.0
        ],
        "3P%": [
            9.600000000000001,
            12.0,
            0.6000000000000014,
            1.5,
            0.5,
            1.6000000000000014,
            0.30000000000000426,
            -8.600000000000001,
            -7.400000000000002,
            -4.900000000000002,
            -20.0,
            -7.7,
            0.0,
            0.0
        ]
    },
    "score_diff": -8
}