{
    "team_diff": "Marquette Golden Eagles vs NC State Wolfpack",
    "sorted_stats_diff": {
        "GP": [
            -2.0,
            -2.0,
            -3.0,
            -3.0,
            -5.0,
            -5.0,
            -6.0,
            1.0,
            2.0,
            2.0,
            1.0,
            -1.0,
            2.0,
            4.0,
            3.0
        ],
        "MIN": [
            0.3999999999999986,
            0.29999999999999716,
            1.1999999999999993,
            2.599999999999998,
            1.8000000000000007,
            -0.09999999999999787,
            1.200000000000001,
            0.8000000000000007,
            0.6999999999999993,
            1.5999999999999996,
            -3.8000000000000003,
            -3.7,
            -2.2,
            -0.10000000000000009,
            0.30000000000000004
        ],
        "PTS": [
            0.3999999999999986,
            2.700000000000001,
            1.9000000000000004,
            -0.5999999999999996,
            2.3000000000000007,
            0.2999999999999998,
            0.09999999999999964,
            0.2999999999999998,
            -2.0999999999999996,
            -1.0,
            0.0,
            -0.7,
            0.0,
            0.0,
            0.0
        ],
        "REB": [
            -1.0,
            0.6000000000000005,
            0.0,
            0.2999999999999998,
            -0.2999999999999998,
            -0.2999999999999998,
            -0.30000000000000027,
            -1.2000000000000002,
            -0.5,
            0.09999999999999987,
            -0.30000000000000004,
            0.0,
            -0.2,
            0.0,
            -0.2
        ],
        "AST": [
            4.5,
            0.10000000000000009,
            0.2999999999999998,
            0.3999999999999999,
            -0.5999999999999999,
            -0.10000000000000009,
            0.0,
            0.0,
            0.0,
            0.0,
            0.09999999999999998,
            0.0,
            0.0,
            0.0,
            0.0
        ],
        "STL": [
            0.5999999999999999,
            0.40000000000000013,
            0.19999999999999996,
            0.20000000000000007,
            0.30000000000000004,
            0.20000000000000007,
            0.10000000000000009,
            -0.09999999999999998,
            0.0,
            0.09999999999999998,
            -0.1,
            -0.1,
            -0.1,
            0.0,
            0.0
        ],
        "BLK": [
            0.19999999999999996,
            0.30000000000000004,
            -0.09999999999999998,
            -0.09999999999999998,
            -0.3,
            0.0,
            0.1,
            0.0,
            0.0,
            0.0,
            0.0,
            0.0,
            0.0,
            0.0,
            0.0
        ],
        "TO": [
            1.0,
            0.19999999999999996,
            0.09999999999999987,
            0.0,
            0.20000000000000007,
            0.10000000000000009,
            0.10000000000000009,
            -0.19999999999999996,
            -0.3,
            -0.3,
            0.0,
            0.0,
            0.1,
            -0.1,
            0.0
        ],
        "FG%": [
            14.0,
            8.399999999999999,
            2.700000000000003,
            1.7000000000000028,
            4.399999999999999,
            0.4000000000000057,
            -1.2999999999999972,
            -1.5,
            0.09999999999999432,
            -3.4000000000000057,
            -7.299999999999997,
            -0.7999999999999972,
            -3.8999999999999986,
            0.0,
            0.0
        ],
        "FT%": [
            4.0,
            -3.8000000000000114,
            -5.0,
            -3.299999999999997,
            -1.7999999999999972,
            0.3999999999999915,
            -1.9000000000000057,
            -1.3000000000000043,
            -6.899999999999999,
            -0.8999999999999986,
            -25.0,
            -44.4,
            0.0,
            0.0,
            0.0
        ],
        "3P%": [
            -16.5,
            -2.3000000000000043,
            -3.799999999999997,
            -2.6000000000000014,
            -1.7999999999999972,
            -3.0,
            0.0,
            0.1999999999999993,
            -0.6999999999999993,
            2.599999999999998,
            -1.1000000000000014,
            -7.7,
            0.0,
            0.0,
            0.0
        ]
    },
    "score_diff": -9
}