{
    "team_diff": "NC State Wolfpack vs Oakland Golden Grizzlies",
    "sorted_stats_diff": {
        "GP": [
            2.0,
            2.0,
            2.0,
            3.0,
            3.0,
            4.0,
            4.0,
            -1.0,
            -1.0,
            -15.0,
            3.0,
            4.0,
            6.0,
            4.0
        ],
        "MIN": [
            -3.8999999999999986,
            -2.200000000000003,
            -3.6999999999999993,
            -2.1999999999999993,
            1.8000000000000007,
            2.5,
            -1.5,
            3.0,
            -0.8999999999999986,
            2.5999999999999996,
            3.5000000000000004,
            2.1000000000000005,
            0.5,
            -0.19999999999999996
        ],
        "PTS": [
            -0.6000000000000014,
            -0.29999999999999893,
            -1.0999999999999996,
            1.4000000000000004,
            -2.299999999999999,
            -1.9000000000000004,
            0.7999999999999998,
            1.4000000000000004,
            2.3,
            1.1,
            -0.10000000000000009,
            0.5,
            -0.3,
            0.0
        ],
        "REB": [
            -0.39999999999999947,
            0.0,
            -0.10000000000000053,
            -0.39999999999999947,
            -0.7999999999999998,
            0.0,
            0.0,
            1.0999999999999999,
            0.7,
            0.10000000000000009,
            0.10000000000000009,
            -0.19999999999999996,
            0.0,
            0.2
        ],
        "AST": [
            0.10000000000000009,
            -0.2999999999999998,
            0.0,
            0.09999999999999987,
            -0.20000000000000018,
            -0.7,
            -0.7000000000000001,
            -0.6000000000000001,
            0.10000000000000003,
            0.0,
            0.0,
            0.0,
            0.0,
            0.0
        ],
        "STL": [
            0.09999999999999987,
            0.09999999999999987,
            0.20000000000000007,
            0.0,
            0.10000000000000009,
            0.09999999999999998,
            0.09999999999999998,
            0.0,
            0.0,
            0.1,
            0.2,
            0.1,
            0.1,
            0.0
        ],
        "BLK": [
            0.40000000000000013,
            -0.09999999999999998,
            -0.19999999999999996,
            0.2,
            0.2,
            0.0,
            0.0,
            0.0,
            0.1,
            0.1,
            0.0,
            0.0,
            0.0,
            0.0
        ],
        "TO": [
            -0.7,
            0.0,
            -0.09999999999999987,
            -0.19999999999999996,
            -0.09999999999999998,
            -0.30000000000000004,
            -0.20000000000000007,
            0.09999999999999998,
            0.19999999999999996,
            0.19999999999999996,
            -0.2,
            -0.09999999999999998,
            -0.19999999999999998,
            0.1
        ],
        "FG%": [
            -4.599999999999994,
            -8.5,
            -5.800000000000004,
            -2.299999999999997,
            -3.8999999999999986,
            -2.9000000000000057,
            -2.8000000000000043,
            -2.200000000000003,
            0.6000000000000014,
            0.7000000000000028,
            2.1000000000000014,
            -8.399999999999999,
            -10.400000000000002,
            0.0
        ],
        "FT%": [
            -15.900000000000006,
            -10.099999999999994,
            -3.5999999999999943,
            -1.7000000000000028,
            -4.200000000000003,
            -8.200000000000003,
            -8.799999999999997,
            -3.1000000000000014,
            -0.7999999999999972,
            3.799999999999997,
            0.0,
            -5.600000000000001,
            0.0,
            0.0
        ],
        "3P%": [
            -42.9,
            -1.5,
            2.3999999999999986,
            1.0,
            0.30000000000000426,
            0.19999999999999574,
            9.399999999999999,
            5.800000000000001,
            3.8000000000000007,
            1.7000000000000028,
            20.0,
            7.7,
            0.0,
            0.0
        ]
    },
    "score_diff": 6
}