{
    "team_diff": "Florida Atlantic Owls vs Northwestern Wildcats",
    "sorted_stats_diff": {
        "GP": [
            1.0,
            1.0,
            1.0,
            3.0,
            4.0,
            5.0,
            4.0,
            0.0,
            2.0,
            6.0,
            2.0,
            0.0
        ],
        "MIN": [
            -4.5,
            -6.199999999999996,
            -8.299999999999997,
            -4.699999999999999,
            -1.0,
            1.5999999999999979,
            9.2,
            0.40000000000000036,
            -2.0,
            0.6000000000000005,
            0.2999999999999998,
            1.2000000000000002
        ],
        "PTS": [
            -1.1000000000000014,
            1.1999999999999993,
            0.40000000000000036,
            -2.299999999999999,
            -1.6000000000000005,
            0.7999999999999998,
            1.8999999999999995,
            2.1999999999999997,
            2.0,
            1.8000000000000003,
            1.6,
            0.7
        ],
        "REB": [
            -0.5999999999999996,
            2.0,
            1.7000000000000002,
            -0.5,
            -0.10000000000000009,
            -0.10000000000000009,
            0.6000000000000001,
            0.30000000000000027,
            0.0,
            0.7000000000000001,
            0.0,
            0.2
        ],
        "AST": [
            -2.1999999999999997,
            -0.10000000000000009,
            -0.20000000000000018,
            0.0,
            0.20000000000000018,
            0.3999999999999999,
            0.4,
            0.4,
            0.19999999999999996,
            0.0,
            0.2,
            0.2
        ],
        "STL": [
            -0.19999999999999996,
            0.0,
            -0.30000000000000004,
            -0.4,
            0.09999999999999998,
            0.09999999999999998,
            0.0,
            0.09999999999999998,
            0.09999999999999998,
            -0.1,
            0.0,
            0.0
        ],
        "BLK": [
            0.20000000000000018,
            -0.4,
            0.0,
            0.0,
            0.0,
            -0.1,
            -0.1,
            -0.1,
            0.0,
            0.0,
            0.0,
            0.0
        ],
        "TO": [
            0.6000000000000001,
            0.10000000000000009,
            0.2999999999999998,
            0.4999999999999999,
            0.5,
            0.5000000000000001,
            0.4,
            0.0,
            -0.09999999999999998,
            0.0,
            -0.19999999999999998,
            0.0
        ],
        "FG%": [
            0.0,
            -10.5,
            -13.100000000000001,
            0.6000000000000014,
            2.299999999999997,
            3.799999999999997,
            3.3999999999999986,
            1.0999999999999943,
            2.3999999999999986,
            0.6000000000000014,
            11.399999999999999,
            22.6
        ],
        "FT%": [
            -3.799999999999997,
            -0.8999999999999915,
            6.200000000000003,
            -2.4000000000000057,
            -3.0,
            2.0,
            5.199999999999996,
            7.0,
            15.899999999999999,
            16.700000000000003,
            39.3,
            0.0
        ],
        "3P%": [
            50.0,
            -2.700000000000003,
            -4.199999999999996,
            -6.799999999999997,
            -1.3999999999999986,
            0.6000000000000014,
            5.4999999999999964,
            2.400000000000002,
            11.7,
            0.0,
            0.0,
            0.0
        ]
    },
    "score_diff": -12
}