{
    "team_diff": "North Carolina Tar Heels vs Wagner Seahawks",
    "sorted_stats_diff": {
        "GP": [
            2.0,
            2.0,
            2.0,
            2.0,
            3.0,
            3.0,
            4.0,
            22.0,
            21.0,
            14.0,
            11.0,
            6.0
        ],
        "MIN": [
            -1.0999999999999943,
            -2.1000000000000014,
            -0.8000000000000007,
            -0.1999999999999993,
            -3.3000000000000007,
            -7.399999999999999,
            -8.9,
            -12.2,
            -9.2,
            -11.3,
            -12.1,
            1.6
        ],
        "PTS": [
            6.499999999999998,
            3.8000000000000007,
            2.0999999999999996,
            2.0,
            -1.3999999999999995,
            -1.7999999999999998,
            -2.7,
            -1.9000000000000004,
            -3.4999999999999996,
            -2.8,
            -2.4,
            -0.19999999999999996
        ],
        "REB": [
            4.6000000000000005,
            3.5,
            -1.3999999999999995,
            -0.3999999999999999,
            -1.1,
            -1.1999999999999997,
            -1.0,
            -0.7999999999999998,
            -1.7,
            -1.0,
            -0.9999999999999999,
            0.7
        ],
        "AST": [
            -0.3000000000000007,
            0.0,
            0.10000000000000009,
            -0.30000000000000004,
            0.10000000000000009,
            -0.20000000000000007,
            -0.4,
            -0.2,
            -0.3,
            -0.30000000000000004,
            -0.19999999999999998,
            0.0
        ],
        "STL": [
            0.0,
            -0.19999999999999996,
            -0.5,
            -0.30000000000000004,
            0.0,
            -0.19999999999999996,
            -0.19999999999999996,
            -0.2,
            -0.3,
            -0.4,
            0.0,
            0.0
        ],
        "BLK": [
            0.9,
            0.0,
            0.09999999999999998,
            0.0,
            0.10000000000000003,
            0.09999999999999998,
            0.0,
            0.0,
            -0.1,
            0.1,
            0.0,
            0.0
        ],
        "TO": [
            -0.8000000000000003,
            -0.3999999999999999,
            -0.3999999999999999,
            0.19999999999999996,
            0.09999999999999987,
            -0.30000000000000004,
            -0.20000000000000007,
            -0.4,
            -0.19999999999999996,
            -0.10000000000000003,
            0.2,
            0.0
        ],
        "FG%": [
            -30.700000000000003,
            3.6000000000000014,
            7.600000000000001,
            10.300000000000004,
            13.299999999999997,
            8.199999999999996,
            6.700000000000003,
            6.700000000000003,
            6.5,
            2.6000000000000014,
            -1.9000000000000057,
            -2.1000000000000014
        ],
        "FT%": [
            12.5,
            2.4000000000000057,
            11.200000000000003,
            3.200000000000003,
            7.299999999999997,
            7.299999999999997,
            3.4000000000000057,
            4.499999999999993,
            3.8999999999999986,
            4.299999999999997,
            4.700000000000003,
            0.0
        ],
        "3P%": [
            22.6,
            17.199999999999996,
            5.799999999999997,
            8.100000000000001,
            9.299999999999997,
            10.700000000000003,
            14.200000000000003,
            7.899999999999999,
            11.399999999999999,
            18.2,
            0.0,
            0.0
        ]
    },
    "score_diff": 28
}