{
    "team_diff": "North Carolina Tar Heels vs Michigan State Spartans",
    "sorted_stats_diff": {
        "GP": [
            1.0,
            1.0,
            1.0,
            1.0,
            1.0,
            1.0,
            0.0,
            0.0,
            4.0,
            2.0,
            3.0,
            -3.0,
            -2.0,
            -2.0
        ],
        "MIN": [
            1.8000000000000043,
            3.900000000000002,
            1.5999999999999979,
            1.6000000000000014,
            4.5,
            0.3000000000000007,
            -2.9000000000000004,
            -6.699999999999999,
            -3.5,
            -4.800000000000001,
            -6.299999999999999,
            0.10000000000000009,
            0.5,
            0.3999999999999999
        ],
        "PTS": [
            2.900000000000002,
            1.700000000000001,
            1.5,
            0.9000000000000004,
            1.5999999999999996,
            1.3999999999999995,
            0.7000000000000002,
            0.6000000000000001,
            -1.7999999999999998,
            -2.0,
            -1.0,
            -0.30000000000000004,
            0.0,
            -0.3
        ],
        "REB": [
            4.499999999999999,
            3.700000000000001,
            -0.8000000000000003,
            -0.2999999999999998,
            -0.30000000000000027,
            -0.2999999999999998,
            0.20000000000000018,
            0.30000000000000027,
            -0.7,
            -0.7,
            -0.7000000000000001,
            0.19999999999999996,
            0.09999999999999998,
            0.3
        ],
        "AST": [
            -1.1000000000000005,
            0.10000000000000009,
            -0.6999999999999997,
            -0.7999999999999998,
            -0.7,
            -0.29999999999999993,
            0.09999999999999998,
            0.10000000000000003,
            -0.09999999999999998,
            -0.1,
            -0.1,
            -0.2,
            -0.2,
            0.0
        ],
        "STL": [
            -0.5,
            -0.19999999999999996,
            -0.30000000000000004,
            -0.10000000000000009,
            0.0,
            -0.09999999999999998,
            -0.09999999999999998,
            -0.2,
            0.0,
            0.0,
            0.0,
            0.0,
            0.0,
            0.0
        ],
        "BLK": [
            0.8,
            0.09999999999999998,
            0.0,
            -0.09999999999999998,
            0.0,
            -0.10000000000000003,
            -0.09999999999999998,
            -0.09999999999999998,
            -0.19999999999999998,
            -0.1,
            -0.1,
            -0.1,
            0.0,
            0.0
        ],
        "TO": [
            0.0,
            0.20000000000000018,
            0.10000000000000009,
            0.2999999999999998,
            0.19999999999999996,
            -0.20000000000000007,
            -0.30000000000000004,
            -0.29999999999999993,
            -0.09999999999999998,
            -0.10000000000000003,
            -0.09999999999999998,
            -0.1,
            -0.1,
            0.0
        ],
        "FG%": [
            5.0,
            3.200000000000003,
            2.3000000000000043,
            2.0,
            3.700000000000003,
            -0.20000000000000284,
            -1.2999999999999972,
            -0.7999999999999972,
            -1.3999999999999986,
            -3.200000000000003,
            -8.100000000000001,
            1.6000000000000014,
            0.0,
            -20.0
        ],
        "FT%": [
            20.0,
            8.5,
            12.5,
            4.199999999999989,
            5.200000000000003,
            -0.8000000000000114,
            -3.799999999999997,
            0.8999999999999915,
            1.5,
            1.0999999999999943,
            5.200000000000003,
            -33.3,
            -28.6,
            0.0
        ],
        "3P%": [
            24.200000000000003,
            13.299999999999997,
            3.5,
            3.6000000000000014,
            4.0,
            4.600000000000001,
            1.0,
            -11.699999999999996,
            4.0,
            16.7,
            0.0,
            0.0,
            0.0,
            0.0
        ]
    },
    "score_diff": 16
}