{
    "team_diff": "Kentucky Wildcats vs Oakland Golden Grizzlies",
    "sorted_stats_diff": {
        "GP": [
            -2.0,
            -2.0,
            -3.0,
            -2.0,
            -5.0,
            -5.0,
            -6.0,
            -4.0,
            -5.0,
            -7.0,
            5.0,
            -1.0,
            3.0,
            2.0
        ],
        "MIN": [
            -4.600000000000001,
            -4.400000000000002,
            -2.3000000000000007,
            -0.8000000000000007,
            1.0,
            2.0,
            4.100000000000001,
            5.800000000000001,
            3.9000000000000004,
            6.6,
            3.1999999999999997,
            -1.9,
            -2.3,
            -0.7
        ],
        "PTS": [
            3.3000000000000007,
            2.3999999999999986,
            -0.3000000000000007,
            0.6999999999999993,
            1.0999999999999996,
            1.0000000000000009,
            2.1000000000000005,
            2.1,
            3.0000000000000004,
            2.1,
            0.5999999999999999,
            -0.29999999999999993,
            -0.6,
            0.0
        ],
        "REB": [
            -0.7000000000000002,
            0.5999999999999996,
            0.7000000000000002,
            0.10000000000000053,
            0.09999999999999964,
            0.0,
            0.0,
            1.5999999999999999,
            1.7,
            0.8999999999999999,
            1.0,
            -0.29999999999999993,
            -0.2,
            0.0
        ],
        "AST": [
            1.4,
            0.8999999999999999,
            1.1999999999999997,
            1.0,
            0.0,
            -0.5,
            -0.4,
            -0.5000000000000001,
            0.0,
            0.0,
            0.0,
            0.1,
            0.2,
            0.0
        ],
        "STL": [
            1.2,
            -0.19999999999999996,
            0.0,
            0.0,
            0.0,
            0.0,
            0.09999999999999998,
            -0.2,
            -0.10000000000000003,
            0.19999999999999998,
            0.2,
            0.0,
            0.0,
            0.0
        ],
        "BLK": [
            2.0999999999999996,
            0.6000000000000001,
            0.5000000000000001,
            0.7,
            0.49999999999999994,
            0.49999999999999994,
            0.0,
            0.1,
            0.2,
            0.2,
            0.1,
            0.0,
            0.0,
            0.0
        ],
        "TO": [
            -0.6000000000000001,
            0.30000000000000004,
            0.0,
            0.0,
            0.09999999999999987,
            0.0,
            -0.09999999999999998,
            0.09999999999999998,
            0.19999999999999996,
            -0.10000000000000003,
            -0.10000000000000003,
            -0.19999999999999998,
            -0.3,
            0.0
        ],
        "FG%": [
            2.700000000000003,
            0.6000000000000014,
            3.3000000000000043,
            4.5,
            3.6000000000000014,
            3.3000000000000043,
            3.299999999999997,
            3.700000000000003,
            7.399999999999999,
            8.399999999999999,
            9.299999999999997,
            2.5,
            -28.6,
            0.0
        ],
        "FT%": [
            -13.700000000000003,
            -10.200000000000003,
            -3.5999999999999943,
            1.2999999999999972,
            -0.4000000000000057,
            1.3999999999999915,
            2.0999999999999943,
            7.700000000000003,
            -4.5,
            6.799999999999997,
            5.600000000000001,
            -50.0,
            0.0,
            0.0
        ],
        "3P%": [
            0.0,
            10.0,
            6.900000000000006,
            7.600000000000001,
            3.5,
            3.0,
            11.100000000000001,
            6.800000000000001,
            7.0,
            12.5,
            28.6,
            0.0,
            0.0,
            0.0
        ]
    },
    "score_diff": -4
}