{
    "team_diff": "South Carolina Gamecocks vs Oregon Ducks",
    "sorted_stats_diff": {
        "GP": [
            -1.0,
            -1.0,
            -1.0,
            -2.0,
            -2.0,
            -4.0,
            -1.0,
            7.0,
            9.0,
            15.0,
            6.0,
            1.0,
            -1.0,
            -1.0
        ],
        "MIN": [
            1.2000000000000028,
            -3.299999999999997,
            -5.800000000000001,
            -4.400000000000002,
            -3.6000000000000014,
            -0.10000000000000142,
            0.6000000000000014,
            -11.8,
            -7.899999999999999,
            -7.1,
            -1.5,
            -0.9000000000000004,
            1.2999999999999998,
            -1.4000000000000001
        ],
        "PTS": [
            -2.4000000000000004,
            -2.5000000000000018,
            -2.5999999999999996,
            -0.09999999999999964,
            -1.6999999999999993,
            -2.0,
            -1.6999999999999993,
            -4.3,
            -4.9,
            -4.0,
            0.10000000000000009,
            -0.19999999999999996,
            0.09999999999999998,
            -0.2
        ],
        "REB": [
            -2.999999999999999,
            -0.20000000000000018,
            -0.2999999999999998,
            -0.3000000000000007,
            0.0,
            0.3999999999999999,
            0.10000000000000009,
            0.09999999999999964,
            -0.2999999999999998,
            -0.5999999999999999,
            -1.2000000000000002,
            0.09999999999999998,
            0.19999999999999996,
            -0.5
        ],
        "AST": [
            0.9000000000000004,
            0.10000000000000009,
            -0.3999999999999999,
            -0.40000000000000013,
            -0.3999999999999999,
            -0.19999999999999996,
            -0.10000000000000009,
            -0.40000000000000013,
            -0.5,
            -0.30000000000000004,
            0.09999999999999998,
            0.09999999999999998,
            0.0,
            0.0
        ],
        "STL": [
            -0.7,
            -0.7000000000000001,
            -0.6000000000000001,
            -0.20000000000000007,
            -0.20000000000000007,
            -0.29999999999999993,
            -0.3,
            -0.39999999999999997,
            -0.2,
            -0.2,
            -0.19999999999999998,
            -0.2,
            -0.1,
            0.0
        ],
        "BLK": [
            -0.8999999999999999,
            -0.4,
            -0.5,
            0.2,
            0.0,
            0.0,
            0.1,
            0.1,
            0.0,
            0.0,
            0.1,
            0.0,
            0.0,
            0.0
        ],
        "TO": [
            -0.6999999999999997,
            -0.3999999999999999,
            -0.5,
            -0.10000000000000009,
            0.0,
            -0.10000000000000009,
            0.0,
            -0.09999999999999998,
            -0.09999999999999998,
            -0.19999999999999996,
            -0.09999999999999998,
            0.09999999999999998,
            0.1,
            -0.1
        ],
        "FG%": [
            -39.3,
            -10.799999999999997,
            -5.700000000000003,
            -1.1000000000000014,
            -0.8999999999999986,
            -5.5,
            -4.800000000000004,
            -5.200000000000003,
            -5.5,
            -9.100000000000001,
            -7.800000000000004,
            -21.299999999999997,
            -20.0,
            -38.1
        ],
        "FT%": [
            13.299999999999997,
            -5.6000000000000085,
            -0.7000000000000028,
            0.0,
            -3.700000000000003,
            -1.2999999999999972,
            -0.5999999999999943,
            0.0,
            0.7000000000000028,
            4.5,
            -4.100000000000001,
            49.0,
            25.0,
            0.0
        ],
        "3P%": [
            7.399999999999999,
            1.8999999999999986,
            -3.3999999999999986,
            -2.3999999999999986,
            -1.6999999999999957,
            -4.5000000000000036,
            -4.699999999999996,
            -2.3999999999999986,
            -26.3,
            0.0,
            0.0,
            0.0,
            0.0,
            0.0
        ]
    },
    "score_diff": -14
}