{
    "team_diff": "Purdue Boilermakers vs Gonzaga Bulldogs",
    "sorted_stats_diff": {
        "GP": [
            1.0,
            1.0,
            1.0,
            1.0,
            1.0,
            1.0,
            1.0,
            10.0,
            19.0,
            13.0,
            0.0,
            0.0
        ],
        "MIN": [
            -2.1999999999999957,
            -3.8999999999999986,
            -3.0,
            3.1999999999999993,
            -2.700000000000003,
            -6.5,
            -0.7000000000000011,
            2.299999999999999,
            2.299999999999999,
            4.9,
            0.9000000000000004,
            1.0
        ],
        "PTS": [
            8.100000000000001,
            -2.1999999999999993,
            -2.0,
            -2.0999999999999996,
            -2.500000000000001,
            -2.4000000000000004,
            -1.0999999999999996,
            0.6000000000000001,
            0.30000000000000027,
            1.2000000000000002,
            0.10000000000000009,
            0.7
        ],
        "REB": [
            4.699999999999999,
            -1.2999999999999998,
            -1.6000000000000005,
            -0.20000000000000018,
            -0.6999999999999997,
            -0.7999999999999998,
            -0.2999999999999998,
            0.7,
            0.7,
            -0.19999999999999996,
            0.09999999999999998,
            0.6000000000000001
        ],
        "AST": [
            0.5999999999999996,
            -0.6000000000000001,
            -0.5,
            0.7,
            0.7,
            0.29999999999999993,
            0.4,
            0.09999999999999998,
            -0.09999999999999998,
            0.2,
            0.1,
            0.1
        ],
        "STL": [
            0.10000000000000009,
            0.10000000000000009,
            -0.5,
            -0.6,
            -0.3,
            -0.3,
            -0.10000000000000003,
            0.0,
            0.0,
            0.1,
            0.1,
            0.1
        ],
        "BLK": [
            1.5000000000000002,
            -0.29999999999999993,
            -0.39999999999999997,
            -0.39999999999999997,
            -0.3,
            -0.09999999999999998,
            0.0,
            -0.1,
            0.0,
            0.0,
            0.0,
            0.0
        ],
        "TO": [
            0.30000000000000027,
            0.6000000000000001,
            0.10000000000000009,
            -0.10000000000000009,
            -0.09999999999999998,
            -0.09999999999999998,
            -0.19999999999999996,
            0.0,
            0.0,
            0.0,
            0.09999999999999998,
            0.19999999999999998
        ],
        "FG%": [
            14.100000000000001,
            2.6000000000000014,
            0.0,
            -3.0,
            2.8999999999999986,
            3.0,
            1.7999999999999972,
            1.7000000000000028,
            6.600000000000001,
            5.899999999999999,
            9.600000000000001,
            26.8
        ],
        "FT%": [
            -2.299999999999997,
            4.300000000000011,
            2.3999999999999915,
            -4.5,
            -1.9000000000000057,
            -1.5,
            0.8999999999999915,
            1.4000000000000057,
            1.7000000000000028,
            5.399999999999999,
            5.600000000000001,
            16.700000000000003
        ],
        "3P%": [
            8.700000000000003,
            8.799999999999997,
            10.599999999999994,
            9.400000000000006,
            9.200000000000003,
            10.400000000000006,
            10.300000000000004,
            3.6000000000000014,
            19.699999999999996,
            27.3,
            21.1,
            16.7
        ]
    },
    "score_diff": 12
}