{
    "team_diff": "Purdue Boilermakers vs Grambling Tigers",
    "sorted_stats_diff": {
        "GP": [
            -2.0,
            -2.0,
            -2.0,
            -2.0,
            -2.0,
            2.0,
            2.0,
            8.0,
            8.0,
            3.0,
            -7.0,
            -6.0,
            6.0,
            8.0
        ],
        "MIN": [
            0.7999999999999972,
            1.9000000000000021,
            0.3000000000000007,
            0.7000000000000028,
            -1.5999999999999979,
            -4.200000000000003,
            -5.200000000000001,
            -6.6,
            -0.6999999999999993,
            -0.6999999999999993,
            -4.3,
            -3.0,
            -4.2,
            -2.2
        ],
        "PTS": [
            11.600000000000001,
            0.5999999999999996,
            2.0999999999999996,
            0.5999999999999996,
            -1.0,
            -1.0999999999999996,
            -1.1999999999999997,
            -1.2999999999999998,
            -0.8999999999999999,
            0.5999999999999999,
            -0.8,
            -0.3999999999999999,
            0.09999999999999998,
            0.2
        ],
        "REB": [
            6.1,
            0.7000000000000002,
            -0.5,
            0.10000000000000009,
            -0.2999999999999998,
            -0.2999999999999998,
            -0.19999999999999973,
            0.0,
            -0.10000000000000009,
            -0.5,
            -0.10000000000000009,
            -0.19999999999999996,
            -0.09999999999999998,
            0.39999999999999997
        ],
        "AST": [
            4.7,
            0.0,
            0.3999999999999999,
            0.8,
            0.7,
            0.7,
            0.6,
            0.19999999999999996,
            0.10000000000000003,
            0.10000000000000003,
            -0.09999999999999998,
            0.0,
            0.0,
            0.2
        ],
        "STL": [
            -0.09999999999999987,
            0.3999999999999999,
            -0.30000000000000004,
            -0.5,
            -0.5,
            -0.3,
            -0.3,
            -0.3,
            -0.2,
            -0.2,
            -0.09999999999999998,
            0.0,
            0.0,
            0.0
        ],
        "BLK": [
            1.1,
            -0.6,
            0.0,
            0.0,
            0.0,
            0.0,
            0.0,
            0.0,
            0.0,
            0.0,
            -0.1,
            -0.1,
            0.0,
            0.0
        ],
        "TO": [
            0.3999999999999999,
            0.30000000000000027,
            -0.19999999999999996,
            -0.40000000000000013,
            -0.4999999999999999,
            -0.5,
            -0.4,
            -0.30000000000000004,
            -0.19999999999999996,
            -0.39999999999999997,
            -0.2,
            0.0,
            -0.09999999999999998,
            0.1
        ],
        "FG%": [
            15.400000000000006,
            13.300000000000004,
            14.200000000000003,
            10.100000000000001,
            4.799999999999997,
            4.699999999999996,
            4.100000000000001,
            3.5,
            4.699999999999996,
            2.6000000000000014,
            9.0,
            4.699999999999996,
            -3.5,
            14.3
        ],
        "FT%": [
            4.900000000000006,
            6.200000000000003,
            4.0,
            -2.299999999999997,
            -4.5,
            0.5,
            0.8999999999999915,
            1.7000000000000028,
            -1.6000000000000014,
            5.700000000000003,
            0.0,
            -2.1000000000000014,
            5.200000000000003,
            0.0
        ],
        "3P%": [
            20.5,
            10.0,
            10.199999999999996,
            9.600000000000001,
            11.5,
            10.600000000000001,
            10.699999999999996,
            5.599999999999998,
            13.500000000000004,
            14.4,
            11.100000000000001,
            0.0,
            0.0,
            0.0
        ]
    },
    "score_diff": 28
}