{
    "team_diff": "Purdue Boilermakers vs Utah State Aggies",
    "sorted_stats_diff": {
        "GP": [
            0.0,
            0.0,
            0.0,
            0.0,
            1.0,
            1.0,
            2.0,
            7.0,
            11.0,
            7.0,
            1.0,
            4.0,
            7.0
        ],
        "MIN": [
            -2.5,
            -2.5000000000000036,
            -2.599999999999998,
            -0.8000000000000007,
            -3.3000000000000007,
            -6.5,
            -2.3000000000000007,
            -3.0999999999999996,
            -0.9000000000000004,
            1.4000000000000004,
            -1.7999999999999998,
            -0.8999999999999999,
            -1.0999999999999999
        ],
        "PTS": [
            6.800000000000001,
            -1.0,
            -0.3000000000000007,
            -0.8000000000000007,
            -1.8999999999999995,
            0.0,
            -1.6000000000000005,
            -1.1,
            -0.10000000000000009,
            -0.2999999999999998,
            -1.1,
            -0.10000000000000009,
            0.0
        ],
        "REB": [
            3.0999999999999996,
            1.2999999999999998,
            -0.09999999999999964,
            0.0,
            -0.8999999999999999,
            -0.6000000000000001,
            -0.3999999999999999,
            0.30000000000000004,
            0.19999999999999996,
            -0.30000000000000004,
            -0.29999999999999993,
            -0.09999999999999998,
            -0.10000000000000009
        ],
        "AST": [
            0.7999999999999998,
            -0.6999999999999997,
            -0.3999999999999999,
            0.09999999999999987,
            0.7999999999999999,
            0.3999999999999999,
            0.30000000000000004,
            0.09999999999999998,
            0.0,
            0.10000000000000003,
            0.0,
            0.0,
            0.0
        ],
        "STL": [
            0.10000000000000009,
            0.0,
            -0.6000000000000001,
            -0.6,
            -0.6000000000000001,
            -0.5,
            -0.10000000000000003,
            0.0,
            0.0,
            0.0,
            0.1,
            0.1,
            0.0
        ],
        "BLK": [
            0.8999999999999999,
            -0.4,
            -0.2,
            -0.2,
            -0.09999999999999998,
            -0.09999999999999998,
            -0.09999999999999998,
            -0.1,
            -0.1,
            0.0,
            0.0,
            0.0,
            0.0
        ],
        "TO": [
            -0.09999999999999964,
            0.30000000000000027,
            -0.30000000000000004,
            -0.19999999999999996,
            0.0,
            -0.20000000000000007,
            -0.30000000000000004,
            0.0,
            0.0,
            0.0,
            0.0,
            0.19999999999999998,
            0.2
        ],
        "FG%": [
            9.0,
            4.399999999999999,
            -0.9000000000000057,
            -5.0,
            2.200000000000003,
            2.3000000000000043,
            2.1999999999999957,
            2.0,
            1.6000000000000014,
            1.5,
            5.100000000000001,
            8.100000000000001,
            0.0
        ],
        "FT%": [
            -0.5,
            -0.19999999999998863,
            -3.299999999999997,
            -9.399999999999991,
            -7.5,
            -3.5999999999999943,
            -6.0,
            -3.299999999999997,
            -7.899999999999999,
            -8.800000000000004,
            -13.700000000000003,
            -10.899999999999999,
            5.399999999999999
        ],
        "3P%": [
            10.200000000000003,
            11.899999999999999,
            9.899999999999999,
            10.699999999999996,
            14.200000000000003,
            16.9,
            22.6,
            15.799999999999997,
            19.199999999999996,
            27.3,
            21.1,
            16.7,
            0.0
        ]
    },
    "score_diff": 39
}