{
    "team_diff": "San Diego State Aztecs vs Yale Bulldogs",
    "sorted_stats_diff": {
        "GP": [
            3.0,
            3.0,
            3.0,
            3.0,
            3.0,
            4.0,
            3.0,
            6.0,
            12.0,
            -3.0,
            -3.0,
            -3.0,
            -2.0,
            -2.0,
            -4.0
        ],
        "MIN": [
            0.30000000000000426,
            -3.3000000000000007,
            -3.1999999999999993,
            -0.5999999999999979,
            -1.3000000000000007,
            2.400000000000002,
            3.299999999999999,
            0.6999999999999993,
            1.4999999999999991,
            -0.10000000000000053,
            0.09999999999999964,
            -1.3999999999999995,
            -1.5,
            -1.4999999999999996,
            -1.3000000000000003
        ],
        "PTS": [
            7.4,
            -3.5999999999999996,
            -2.1999999999999993,
            -1.799999999999999,
            -2.4000000000000004,
            0.2999999999999998,
            1.5999999999999996,
            1.0999999999999996,
            -0.6000000000000001,
            -1.1,
            -0.8999999999999999,
            -1.1,
            -1.1,
            -1.5,
            -1.1
        ],
        "REB": [
            -1.299999999999999,
            -0.7000000000000002,
            -0.10000000000000053,
            -0.19999999999999973,
            1.2000000000000002,
            0.30000000000000027,
            0.5,
            0.5,
            0.7000000000000002,
            -0.3999999999999999,
            -0.5000000000000001,
            -0.4,
            -0.4,
            -0.10000000000000003,
            -0.19999999999999998
        ],
        "AST": [
            -0.7999999999999998,
            0.2999999999999998,
            -0.5,
            -0.5999999999999999,
            -0.10000000000000009,
            -0.4,
            -0.30000000000000004,
            0.30000000000000004,
            -0.30000000000000004,
            -0.19999999999999998,
            -0.1,
            0.0,
            0.0,
            -0.1,
            -0.1
        ],
        "STL": [
            -0.3999999999999999,
            0.30000000000000004,
            0.6,
            0.6000000000000001,
            0.30000000000000004,
            0.09999999999999998,
            0.0,
            -0.10000000000000003,
            -0.09999999999999998,
            -0.09999999999999998,
            -0.09999999999999998,
            -0.3,
            -0.2,
            -0.2,
            -0.1
        ],
        "BLK": [
            -0.30000000000000004,
            0.09999999999999998,
            0.09999999999999998,
            0.2,
            0.10000000000000003,
            0.09999999999999998,
            0.19999999999999998,
            0.1,
            0.1,
            0.0,
            0.0,
            -0.1,
            0.0,
            0.0,
            0.0
        ],
        "TO": [
            0.10000000000000009,
            -0.40000000000000013,
            0.4999999999999999,
            0.29999999999999993,
            0.09999999999999998,
            0.10000000000000009,
            0.10000000000000009,
            0.30000000000000004,
            0.0,
            0.0,
            0.10000000000000003,
            0.0,
            0.09999999999999998,
            0.09999999999999998,
            -0.1
        ],
        "FG%": [
            -10.400000000000006,
            -6.600000000000001,
            -11.700000000000003,
            -8.200000000000003,
            -7.5,
            -5.399999999999999,
            -6.700000000000003,
            -6.600000000000001,
            -6.099999999999994,
            -6.600000000000001,
            -8.800000000000004,
            -25.2,
            -23.2,
            -36.4,
            -35.3
        ],
        "FT%": [
            0.0,
            10.799999999999997,
            10.700000000000003,
            8.0,
            6.799999999999997,
            2.799999999999997,
            2.299999999999997,
            5.1000000000000085,
            6.8999999999999915,
            -2.0999999999999943,
            -9.299999999999997,
            -19.900000000000006,
            -50.0,
            0.0,
            0.0
        ],
        "3P%": [
            -0.09999999999999432,
            -5.399999999999999,
            -1.3999999999999986,
            -0.5,
            1.8999999999999986,
            2.1999999999999993,
            2.6999999999999993,
            3.5,
            1.5,
            -6.700000000000001,
            -14.3,
            -14.3,
            0.0,
            0.0,
            0.0
        ]
    },
    "score_diff": 28
}