{
    "team_diff": "San Diego State Aztecs vs UAB Blazers",
    "sorted_stats_diff": {
        "GP": [
            0.0,
            0.0,
            0.0,
            0.0,
            0.0,
            0.0,
            0.0,
            -1.0,
            14.0,
            -1.0,
            3.0,
            4.0,
            6.0,
            4.0
        ],
        "MIN": [
            -0.9000000000000057,
            -3.1999999999999993,
            -2.400000000000002,
            1.0,
            3.0,
            0.8000000000000007,
            0.0,
            -2.6999999999999993,
            -2.3000000000000007,
            1.0999999999999996,
            0.2999999999999998,
            -1.0999999999999996,
            0.7000000000000002,
            1.3
        ],
        "PTS": [
            7.599999999999998,
            -2.3000000000000007,
            -1.799999999999999,
            -1.6999999999999993,
            -1.4000000000000004,
            -1.5,
            -1.3999999999999995,
            -0.6999999999999997,
            -1.4,
            -2.1,
            -0.3999999999999999,
            -0.7000000000000001,
            0.3,
            0.0
        ],
        "REB": [
            -2.1999999999999993,
            -1.3999999999999995,
            -0.5,
            -0.19999999999999973,
            0.30000000000000027,
            0.30000000000000027,
            0.7000000000000002,
            0.6000000000000001,
            0.8999999999999999,
            -0.10000000000000009,
            -0.4,
            -0.5,
            0.10000000000000003,
            0.3
        ],
        "AST": [
            -2.2,
            0.7999999999999998,
            0.19999999999999996,
            0.19999999999999996,
            0.09999999999999987,
            -0.09999999999999998,
            0.0,
            0.10000000000000009,
            -0.4,
            -0.30000000000000004,
            -0.19999999999999998,
            0.0,
            0.1,
            0.0
        ],
        "STL": [
            -0.7999999999999998,
            0.3999999999999999,
            0.5,
            0.40000000000000013,
            0.20000000000000007,
            0.0,
            -0.09999999999999998,
            -0.2,
            -0.2,
            0.1,
            0.1,
            0.0,
            0.0,
            0.0
        ],
        "BLK": [
            -1.1,
            -0.20000000000000007,
            0.09999999999999998,
            0.09999999999999998,
            0.2,
            0.09999999999999998,
            0.09999999999999998,
            0.1,
            0.1,
            0.0,
            0.1,
            0.0,
            0.0,
            0.0
        ],
        "TO": [
            0.0,
            -0.5,
            -0.20000000000000018,
            0.0,
            -0.19999999999999996,
            -0.30000000000000004,
            0.10000000000000009,
            0.30000000000000004,
            0.19999999999999996,
            0.10000000000000003,
            0.10000000000000003,
            0.3,
            0.3,
            0.2
        ],
        "FG%": [
            8.399999999999991,
            1.2999999999999972,
            -5.199999999999996,
            -1.1000000000000014,
            -0.6000000000000014,
            0.09999999999999432,
            0.10000000000000142,
            -0.3999999999999986,
            1.5,
            1.5,
            0.0,
            -23.900000000000002,
            0.0,
            0.0
        ],
        "FT%": [
            17.900000000000006,
            14.0,
            9.399999999999991,
            4.599999999999994,
            0.5999999999999943,
            -1.0,
            1.7000000000000028,
            0.0,
            7.599999999999994,
            -0.20000000000000284,
            0.0,
            36.8,
            0.0,
            0.0
        ],
        "3P%": [
            3.1000000000000014,
            0.0,
            -1.0999999999999943,
            -2.099999999999998,
            -2.8000000000000007,
            1.5999999999999979,
            2.5,
            8.600000000000001,
            25.0,
            9.1,
            0.0,
            0.0,
            0.0,
            0.0
        ]
    },
    "score_diff": 4
}