{
    "team_diff": "Tennessee Volunteers vs Saint Peter's Peacocks",
    "sorted_stats_diff": {
        "GP": [
            0.0,
            0.0,
            0.0,
            0.0,
            1.0,
            1.0,
            1.0,
            6.0,
            -3.0,
            -8.0,
            -7.0
        ],
        "MIN": [
            -1.8999999999999986,
            1.5,
            3.5,
            2.400000000000002,
            2.599999999999998,
            -1.8999999999999986,
            -1.2999999999999972,
            -4.6,
            -7.199999999999999,
            -2.8,
            -2.3
        ],
        "PTS": [
            5.299999999999999,
            0.6999999999999993,
            3.4000000000000004,
            0.9999999999999991,
            0.40000000000000036,
            0.5,
            -0.3000000000000007,
            -0.39999999999999947,
            0.5,
            -0.09999999999999987,
            0.30000000000000004
        ],
        "REB": [
            1.4000000000000004,
            1.2000000000000002,
            -0.10000000000000053,
            0.1999999999999993,
            0.6000000000000001,
            -0.10000000000000009,
            -0.09999999999999964,
            -0.5,
            0.5,
            0.4999999999999999,
            0.09999999999999998
        ],
        "AST": [
            1.5,
            0.7,
            0.8,
            0.7,
            0.6000000000000001,
            0.8,
            0.4,
            0.4,
            0.3,
            0.2,
            0.3
        ],
        "STL": [
            0.6000000000000001,
            0.19999999999999996,
            0.20000000000000007,
            -0.09999999999999998,
            0.0,
            -0.10000000000000009,
            0.19999999999999996,
            0.0,
            -0.10000000000000003,
            0.0,
            -0.19999999999999998
        ],
        "BLK": [
            0.7999999999999998,
            -0.30000000000000004,
            -0.20000000000000007,
            0.0,
            -0.2,
            0.09999999999999998,
            0.1,
            0.1,
            0.0,
            0.0,
            0.0
        ],
        "TO": [
            -0.5,
            -0.19999999999999996,
            -0.09999999999999987,
            -0.10000000000000009,
            -0.10000000000000009,
            0.0,
            -0.09999999999999998,
            -0.09999999999999998,
            0.09999999999999998,
            0.0,
            0.3
        ],
        "FG%": [
            38.9,
            24.5,
            23.800000000000004,
            19.9,
            14.0,
            13.400000000000006,
            11.299999999999997,
            9.900000000000006,
            9.799999999999997,
            9.400000000000002,
            7.5
        ],
        "FT%": [
            7.1000000000000085,
            9.200000000000003,
            6.299999999999997,
            5.0,
            5.3999999999999915,
            3.200000000000003,
            2.200000000000003,
            7.5,
            7.1000000000000085,
            8.799999999999997,
            16.700000000000003
        ],
        "3P%": [
            50.0,
            -0.29999999999999716,
            3.6000000000000014,
            1.0,
            -0.3999999999999986,
            0.8000000000000007,
            -1.6999999999999993,
            -1.8999999999999986,
            -3.8000000000000007,
            -2.1999999999999993,
            0.0
        ]
    },
    "score_diff": 34
}