{
    "team_diff": "Tennessee Volunteers vs Texas Longhorns",
    "sorted_stats_diff": {
        "GP": [
            0.0,
            0.0,
            0.0,
            0.0,
            0.0,
            1.0,
            2.0,
            8.0,
            0.0,
            0.0,
            6.0,
            6.0,
            -2.0,
            1.0,
            -1.0
        ],
        "MIN": [
            -3.8000000000000007,
            -2.0000000000000036,
            -0.1999999999999993,
            -0.09999999999999787,
            3.3999999999999986,
            -1.6000000000000014,
            -0.7999999999999972,
            -4.399999999999999,
            -3.0999999999999996,
            0.7999999999999998,
            1.1,
            2.7,
            1.4,
            0.5,
            1.0
        ],
        "PTS": [
            4.300000000000001,
            -3.5,
            0.5999999999999996,
            -1.4000000000000004,
            -0.7999999999999998,
            0.2999999999999998,
            -0.7000000000000002,
            0.1999999999999993,
            -0.2999999999999998,
            0.7,
            1.0,
            1.2,
            0.6000000000000001,
            0.5,
            0.0
        ],
        "REB": [
            0.09999999999999964,
            1.5,
            1.1000000000000005,
            1.4999999999999996,
            0.7000000000000002,
            -0.10000000000000009,
            -0.19999999999999973,
            -0.7000000000000002,
            -0.40000000000000013,
            0.3999999999999999,
            0.30000000000000004,
            0.19999999999999996,
            0.3,
            0.0,
            0.3
        ],
        "AST": [
            1.9000000000000004,
            -1.5999999999999996,
            -0.20000000000000018,
            0.19999999999999996,
            -0.09999999999999987,
            0.3999999999999999,
            0.4,
            0.30000000000000004,
            0.09999999999999998,
            0.2,
            0.19999999999999998,
            0.1,
            0.0,
            0.0,
            0.0
        ],
        "STL": [
            0.5,
            0.09999999999999987,
            0.10000000000000009,
            -0.09999999999999998,
            -0.09999999999999998,
            -0.10000000000000009,
            0.0,
            -0.09999999999999998,
            0.0,
            0.09999999999999998,
            0.0,
            0.1,
            0.0,
            0.0,
            0.0
        ],
        "BLK": [
            0.7999999999999998,
            -0.5000000000000001,
            -0.30000000000000004,
            -0.09999999999999998,
            -0.10000000000000003,
            -0.10000000000000003,
            0.0,
            0.0,
            0.0,
            0.1,
            0.1,
            0.0,
            0.0,
            0.0,
            0.0
        ],
        "TO": [
            -0.5,
            -0.5999999999999999,
            -0.5,
            -0.3999999999999999,
            0.09999999999999998,
            0.09999999999999998,
            0.20000000000000007,
            0.20000000000000007,
            0.19999999999999996,
            0.19999999999999996,
            0.09999999999999998,
            0.10000000000000003,
            0.19999999999999998,
            0.2,
            0.0
        ],
        "FG%": [
            40.8,
            11.5,
            12.200000000000003,
            13.0,
            6.299999999999997,
            7.0,
            7.5,
            4.0,
            4.600000000000001,
            0.8000000000000043,
            13.899999999999999,
            15.000000000000004,
            35.0,
            26.9,
            0.0
        ],
        "FT%": [
            -11.099999999999994,
            -3.0,
            -7.200000000000003,
            -1.2000000000000028,
            5.599999999999994,
            4.3999999999999915,
            1.8999999999999915,
            0.9000000000000057,
            0.0,
            11.0,
            66.7,
            62.6,
            0.0,
            0.0,
            0.0
        ],
        "3P%": [
            54.9,
            1.6000000000000014,
            2.1000000000000014,
            -1.3000000000000043,
            -2.3000000000000043,
            -2.3999999999999986,
            0.0,
            4.199999999999999,
            3.5,
            20.0,
            0.0,
            0.0,
            0.0,
            0.0,
            0.0
        ]
    },
    "score_diff": 4
}