{
    "team_diff": "Tennessee Volunteers vs Creighton Bluejays",
    "sorted_stats_diff": {
        "GP": [
            0.0,
            0.0,
            0.0,
            0.0,
            0.0,
            2.0,
            3.0,
            4.0,
            -1.0,
            -1.0,
            -3.0
        ],
        "MIN": [
            -5.800000000000004,
            -6.399999999999999,
            -5.5,
            -6.099999999999998,
            3.200000000000003,
            -3.5,
            8.9,
            6.0,
            -0.40000000000000036,
            1.1000000000000005,
            1.1
        ],
        "PTS": [
            2.6999999999999993,
            -5.700000000000001,
            -5.600000000000001,
            -2.6999999999999993,
            1.3000000000000007,
            2.7,
            2.3000000000000003,
            1.9999999999999996,
            1.4,
            0.3999999999999999,
            1.0
        ],
        "REB": [
            -1.5,
            -1.1999999999999993,
            -0.7999999999999998,
            1.2999999999999998,
            0.40000000000000036,
            0.8999999999999999,
            0.6999999999999997,
            0.30000000000000004,
            0.6000000000000001,
            0.7,
            0.4
        ],
        "AST": [
            1.2999999999999998,
            -1.7000000000000002,
            -2.0,
            0.30000000000000004,
            0.0,
            0.7999999999999999,
            0.5,
            0.5,
            0.2,
            0.2,
            0.19999999999999998
        ],
        "STL": [
            0.7,
            0.4,
            0.6000000000000001,
            0.4,
            0.4,
            0.49999999999999994,
            0.49999999999999994,
            0.19999999999999998,
            0.19999999999999998,
            0.3,
            0.1
        ],
        "BLK": [
            -1.2000000000000002,
            0.29999999999999993,
            0.3,
            0.5,
            0.19999999999999998,
            0.19999999999999998,
            0.1,
            0.1,
            0.1,
            0.1,
            0.1
        ],
        "TO": [
            -0.2999999999999998,
            -0.5000000000000002,
            -0.5,
            -0.5,
            0.09999999999999998,
            0.6,
            0.5,
            0.5,
            0.39999999999999997,
            0.39999999999999997,
            0.4
        ],
        "FG%": [
            34.599999999999994,
            5.400000000000006,
            9.600000000000001,
            10.299999999999997,
            3.4000000000000057,
            7.300000000000004,
            5.399999999999999,
            2.299999999999997,
            1.7000000000000028,
            0.3999999999999986,
            11.0
        ],
        "FT%": [
            -1.7999999999999972,
            -0.5999999999999943,
            -0.20000000000000284,
            -2.4000000000000057,
            7.3999999999999915,
            6.1000000000000085,
            4.200000000000003,
            5.200000000000003,
            11.400000000000006,
            18.799999999999997,
            16.700000000000003
        ],
        "3P%": [
            54.6,
            -2.8999999999999986,
            -5.200000000000003,
            -2.8000000000000043,
            -1.7999999999999972,
            -1.1000000000000014,
            -1.0,
            -0.6000000000000014,
            9.600000000000001,
            8.9,
            0.0
        ]
    },
    "score_diff": 7
}