{
    "team_diff": "Texas Longhorns vs Colorado State Rams",
    "sorted_stats_diff": {
        "GP": [
            -3.0,
            -3.0,
            -3.0,
            -3.0,
            -3.0,
            -3.0,
            -3.0,
            -7.0,
            -7.0,
            -5.0,
            -12.0,
            -2.0,
            -2.0,
            -1.0
        ],
        "MIN": [
            0.30000000000000426,
            1.6999999999999993,
            0.8000000000000007,
            0.0,
            -1.1000000000000014,
            -2.5,
            2.0,
            6.499999999999998,
            1.0,
            -3.5999999999999996,
            -2.6999999999999997,
            -4.0,
            -0.6999999999999997,
            0.0
        ],
        "PTS": [
            1.0,
            2.5999999999999996,
            -1.1999999999999993,
            -0.5,
            1.2000000000000002,
            0.0,
            1.0,
            0.7000000000000002,
            1.2999999999999998,
            -0.8999999999999999,
            -1.2,
            -1.4,
            -0.3,
            -0.5
        ],
        "REB": [
            0.0,
            -1.0999999999999996,
            0.5999999999999996,
            0.10000000000000009,
            0.2999999999999998,
            0.2999999999999998,
            0.5999999999999996,
            1.1999999999999997,
            0.7000000000000002,
            -0.30000000000000004,
            -0.4,
            -0.5,
            -0.39999999999999997,
            0.3
        ],
        "AST": [
            -2.5999999999999996,
            1.2000000000000002,
            0.30000000000000027,
            0.0,
            0.10000000000000009,
            -0.5,
            -0.10000000000000009,
            -0.19999999999999996,
            -0.29999999999999993,
            -0.3,
            -0.4,
            -0.4,
            -0.3,
            -0.3
        ],
        "STL": [
            0.0,
            0.0,
            0.19999999999999996,
            0.4,
            0.4,
            0.30000000000000004,
            0.09999999999999998,
            0.09999999999999998,
            0.0,
            -0.09999999999999998,
            -0.19999999999999998,
            -0.2,
            -0.1,
            -0.1
        ],
        "BLK": [
            0.20000000000000007,
            0.20000000000000007,
            0.6000000000000001,
            0.39999999999999997,
            0.10000000000000003,
            0.2,
            0.09999999999999998,
            0.0,
            0.0,
            -0.1,
            -0.1,
            0.0,
            0.0,
            0.0
        ],
        "TO": [
            0.20000000000000018,
            0.40000000000000013,
            0.5999999999999999,
            0.2999999999999998,
            0.09999999999999998,
            0.0,
            0.0,
            0.0,
            -0.09999999999999998,
            -0.19999999999999996,
            -0.09999999999999998,
            -0.10000000000000003,
            0.1,
            0.0
        ],
        "FG%": [
            -21.1,
            -0.4000000000000057,
            -2.3999999999999986,
            -2.9000000000000057,
            -4.0,
            -6.900000000000006,
            -7.200000000000003,
            -5.299999999999997,
            -4.099999999999994,
            -2.799999999999997,
            -16.299999999999997,
            -16.2,
            -37.1,
            -20.0
        ],
        "FT%": [
            0.0,
            4.099999999999994,
            4.5,
            -2.8999999999999915,
            -3.799999999999997,
            -4.3999999999999915,
            -4.1000000000000085,
            -3.4000000000000057,
            -1.2999999999999972,
            -10.400000000000006,
            -68.4,
            -67.2,
            -66.7,
            0.0
        ],
        "3P%": [
            -9.200000000000003,
            -6.5,
            -1.1000000000000014,
            -1.2000000000000028,
            -0.10000000000000142,
            1.5999999999999943,
            -3.5,
            -7.900000000000002,
            -10.2,
            -25.0,
            -21.4,
            0.0,
            0.0,
            0.0
        ]
    },
    "score_diff": 12
}