{
    "team_diff": "Nebraska Cornhuskers vs Texas A&M Aggies",
    "sorted_stats_diff": {
        "GP": [
            -1.0,
            -1.0,
            -1.0,
            -1.0,
            -1.0,
            -2.0,
            -1.0,
            -3.0,
            -10.0,
            -5.0,
            8.0,
            8.0
        ],
        "MIN": [
            -2.8000000000000007,
            -2.8000000000000007,
            -0.8999999999999986,
            1.0,
            0.1999999999999993,
            0.0,
            5.1,
            3.5999999999999996,
            2.1999999999999993,
            2.9000000000000004,
            -2.5999999999999996,
            0.8000000000000003
        ],
        "PTS": [
            -3.9000000000000004,
            -2.700000000000001,
            3.4000000000000004,
            4.3,
            0.7999999999999998,
            0.5999999999999996,
            1.1000000000000005,
            -0.8999999999999995,
            1.2999999999999998,
            0.5999999999999999,
            -0.8,
            0.0
        ],
        "REB": [
            -1.6999999999999993,
            -0.10000000000000053,
            -0.20000000000000018,
            -0.2999999999999998,
            -1.6,
            -0.5,
            -0.30000000000000027,
            0.0,
            0.20000000000000018,
            0.7,
            0.5,
            0.30000000000000004
        ],
        "AST": [
            -1.0999999999999996,
            0.0,
            1.0,
            1.4999999999999998,
            0.8999999999999999,
            0.7,
            0.7000000000000001,
            0.7000000000000001,
            0.20000000000000007,
            0.2,
            0.19999999999999998,
            0.3
        ],
        "STL": [
            -0.7999999999999998,
            -0.19999999999999996,
            0.09999999999999998,
            0.09999999999999998,
            0.10000000000000009,
            0.0,
            0.0,
            0.0,
            0.0,
            0.0,
            0.1,
            0.0
        ],
        "BLK": [
            -0.30000000000000004,
            -0.09999999999999998,
            -0.09999999999999998,
            0.2,
            0.1,
            0.1,
            0.1,
            0.0,
            0.0,
            -0.1,
            0.0,
            0.0
        ],
        "TO": [
            -0.8999999999999999,
            0.5,
            0.8,
            0.4999999999999999,
            0.3999999999999999,
            0.19999999999999996,
            0.19999999999999996,
            0.0,
            0.09999999999999998,
            0.0,
            -0.09999999999999998,
            0.1
        ],
        "FG%": [
            -2.1000000000000014,
            -4.5,
            2.0,
            8.600000000000001,
            9.100000000000001,
            12.399999999999999,
            12.700000000000003,
            11.800000000000004,
            11.799999999999997,
            13.799999999999997,
            15.2,
            24.599999999999998
        ],
        "FT%": [
            9.400000000000006,
            7.5,
            4.400000000000006,
            12.200000000000003,
            6.599999999999994,
            1.5,
            -1.0999999999999943,
            3.8000000000000114,
            4.900000000000006,
            6.600000000000001,
            0.0,
            40.0
        ],
        "3P%": [
            7.899999999999999,
            -0.6000000000000014,
            5.899999999999999,
            8.8,
            8.899999999999999,
            8.799999999999997,
            11.5,
            16.2,
            18.699999999999996,
            30.6,
            30.6,
            18.2
        ]
    },
    "score_diff": -15
}