{
    "team_diff": "UConn Huskies vs Illinois Fighting Illini",
    "sorted_stats_diff": {
        "GP": [
            0.0,
            0.0,
            0.0,
            0.0,
            -1.0,
            -1.0,
            0.0,
            1.0,
            4.0,
            4.0,
            4.0,
            11.0,
            6.0
        ],
        "MIN": [
            -1.6000000000000014,
            -1.2999999999999972,
            -0.3000000000000007,
            2.400000000000002,
            -0.5999999999999979,
            -0.7000000000000028,
            -2.1999999999999993,
            1.4000000000000004,
            1.5999999999999996,
            -2.3,
            -3.6000000000000005,
            0.10000000000000009,
            0.10000000000000009
        ],
        "PTS": [
            -8.0,
            -1.5,
            1.4000000000000004,
            3.3000000000000007,
            4.499999999999999,
            0.10000000000000053,
            -0.2999999999999998,
            -2.0999999999999996,
            0.20000000000000018,
            -1.4,
            -0.8,
            0.10000000000000003,
            -0.09999999999999998
        ],
        "REB": [
            1.4000000000000004,
            0.6000000000000005,
            -0.39999999999999947,
            -0.2999999999999998,
            0.7000000000000002,
            -0.7000000000000002,
            -0.8000000000000003,
            -1.4000000000000001,
            -1.0,
            -0.09999999999999998,
            -0.20000000000000007,
            0.2,
            -0.1
        ],
        "AST": [
            2.1999999999999997,
            1.0,
            0.6000000000000001,
            0.3999999999999999,
            0.3999999999999999,
            0.7999999999999999,
            -0.09999999999999998,
            -0.10000000000000003,
            0.0,
            -0.09999999999999998,
            0.0,
            0.1,
            0.0
        ],
        "STL": [
            -0.10000000000000009,
            0.0,
            0.5,
            0.4,
            0.4,
            0.2,
            0.10000000000000003,
            0.0,
            0.0,
            0.0,
            0.0,
            0.1,
            0.0
        ],
        "BLK": [
            1.4,
            0.0,
            0.20000000000000007,
            0.19999999999999996,
            0.0,
            0.0,
            0.0,
            0.0,
            0.0,
            -0.1,
            0.0,
            0.0,
            0.0
        ],
        "TO": [
            0.20000000000000018,
            -0.5,
            -0.5,
            -0.30000000000000004,
            0.0,
            0.10000000000000009,
            0.10000000000000009,
            -0.09999999999999998,
            -0.2,
            -0.30000000000000004,
            -0.1,
            -0.2,
            -0.1
        ],
        "FG%": [
            5.099999999999994,
            -2.4000000000000057,
            5.599999999999994,
            0.0,
            2.0,
            1.2999999999999972,
            3.4000000000000057,
            2.1999999999999957,
            1.8999999999999986,
            0.6999999999999957,
            -1.2000000000000028,
            -0.9000000000000057,
            33.3
        ],
        "FT%": [
            8.5,
            12.799999999999997,
            11.900000000000006,
            8.5,
            5.5,
            11.299999999999997,
            9.299999999999997,
            4.3999999999999915,
            -6.899999999999999,
            -8.5,
            -13.100000000000001,
            -4.800000000000004,
            15.0
        ],
        "3P%": [
            -11.100000000000001,
            11.100000000000001,
            6.600000000000001,
            3.1000000000000014,
            2.0,
            4.9999999999999964,
            1.2999999999999972,
            2.1999999999999993,
            6.400000000000002,
            27.0,
            26.2,
            9.1,
            0.0
        ]
    },
    "score_diff": 25
}