{
    "team_diff": "UConn Huskies vs Marquette Golden Eagles",
    "sorted_stats_diff": {
        "GP": [
            0.0,
            0.0,
            1.0,
            1.0,
            0.0,
            3.0,
            1.0,
            0.0,
            0.0,
            3.0,
            5.0,
            7.0,
            2.0,
            -1.0
        ],
        "MIN": [
            0.8000000000000043,
            0.6000000000000014,
            2.8000000000000007,
            -0.6000000000000014,
            -4.100000000000001,
            -2.6999999999999993,
            -0.7999999999999972,
            -3.200000000000001,
            -0.8999999999999986,
            -4.0,
            -1.4,
            0.6000000000000001,
            0.10000000000000009,
            -0.4999999999999999
        ],
        "PTS": [
            -1.6000000000000014,
            -0.5,
            -0.09999999999999964,
            1.5999999999999996,
            2.0,
            -0.2999999999999998,
            -0.2999999999999998,
            -1.2999999999999998,
            0.5,
            -0.7999999999999999,
            -0.5,
            0.0,
            -0.09999999999999998,
            0.0
        ],
        "REB": [
            0.2999999999999998,
            2.3,
            0.9000000000000004,
            0.7000000000000002,
            1.4,
            -0.10000000000000009,
            0.0,
            -0.30000000000000004,
            -0.2999999999999998,
            -0.6000000000000001,
            0.09999999999999998,
            0.09999999999999998,
            -0.1,
            -0.2
        ],
        "AST": [
            -1.5999999999999996,
            0.7000000000000002,
            0.3999999999999999,
            0.5,
            0.7,
            0.7,
            -0.09999999999999998,
            -0.2,
            -0.2,
            0.0,
            -0.09999999999999998,
            -0.1,
            0.0,
            0.0
        ],
        "STL": [
            -0.40000000000000013,
            -0.6000000000000001,
            -0.29999999999999993,
            -0.29999999999999993,
            -0.09999999999999998,
            -0.4,
            -0.4,
            -0.3,
            -0.2,
            -0.19999999999999998,
            0.0,
            0.1,
            0.0,
            0.0
        ],
        "BLK": [
            1.0999999999999999,
            0.09999999999999998,
            0.4,
            0.19999999999999996,
            0.2,
            0.30000000000000004,
            0.1,
            0.1,
            0.0,
            0.1,
            0.0,
            0.0,
            0.0,
            0.0
        ],
        "TO": [
            -0.19999999999999973,
            -0.30000000000000004,
            -0.19999999999999996,
            -0.09999999999999987,
            -0.10000000000000009,
            0.0,
            0.10000000000000009,
            -0.09999999999999998,
            0.0,
            -0.19999999999999998,
            -0.1,
            -0.1,
            -0.2,
            0.0
        ],
        "FG%": [
            5.599999999999994,
            5.5,
            -2.1999999999999957,
            0.20000000000000284,
            0.19999999999999574,
            2.3000000000000043,
            4.800000000000004,
            4.799999999999997,
            -0.5999999999999943,
            2.200000000000003,
            0.5999999999999943,
            4.699999999999996,
            9.600000000000001,
            0.0
        ],
        "FT%": [
            12.0,
            22.599999999999994,
            16.299999999999997,
            16.0,
            9.0,
            8.699999999999989,
            5.299999999999997,
            7.1000000000000085,
            3.6000000000000014,
            -4.5,
            25.0,
            43.8,
            42.9,
            0.0
        ],
        "3P%": [
            8.899999999999999,
            4.399999999999999,
            3.0,
            3.3999999999999986,
            1.6000000000000014,
            1.0,
            0.0,
            1.3999999999999986,
            -0.1999999999999993,
            0.8000000000000007,
            -10.299999999999999,
            0.0,
            0.0,
            0.0
        ]
    },
    "score_diff": 16
}