{
    "team_diff": "UConn Huskies vs Stetson Hatters",
    "sorted_stats_diff": {
        "GP": [
            0.0,
            0.0,
            0.0,
            0.0,
            -1.0,
            0.0,
            5.0,
            7.0,
            8.0,
            0.0,
            3.0,
            4.0,
            2.0,
            1.0
        ],
        "MIN": [
            -1.6999999999999957,
            -1.0999999999999943,
            -2.0,
            2.6000000000000014,
            -0.7000000000000028,
            -0.40000000000000213,
            0.09999999999999787,
            -1.4000000000000004,
            -0.5999999999999996,
            -2.3,
            -3.6999999999999997,
            -3.4,
            -3.5,
            -3.5000000000000004
        ],
        "PTS": [
            -6.200000000000001,
            0.5999999999999996,
            2.3000000000000007,
            2.0,
            2.5,
            1.4000000000000004,
            1.4000000000000004,
            0.0,
            -0.2999999999999998,
            -1.0,
            -1.3,
            -1.4,
            -1.4000000000000001,
            -1.3
        ],
        "REB": [
            -0.39999999999999947,
            1.2000000000000002,
            0.20000000000000018,
            0.09999999999999964,
            0.5,
            0.0,
            0.8999999999999999,
            -0.5999999999999999,
            -0.7999999999999998,
            -0.5999999999999999,
            -0.5,
            -0.5000000000000001,
            -0.6,
            -0.5
        ],
        "AST": [
            0.2999999999999998,
            1.7000000000000002,
            1.8,
            1.5,
            0.8,
            0.5999999999999999,
            -0.30000000000000004,
            -0.39999999999999997,
            -0.39999999999999997,
            -0.39999999999999997,
            -0.39999999999999997,
            -0.4,
            -0.3,
            -0.3
        ],
        "STL": [
            -0.10000000000000009,
            0.19999999999999996,
            0.20000000000000007,
            0.30000000000000004,
            0.30000000000000004,
            -0.09999999999999998,
            0.0,
            -0.2,
            -0.2,
            -0.30000000000000004,
            -0.19999999999999998,
            -0.1,
            -0.1,
            -0.1
        ],
        "BLK": [
            0.7000000000000002,
            0.4,
            0.4,
            0.3,
            0.0,
            0.09999999999999998,
            0.0,
            0.0,
            0.0,
            0.0,
            -0.1,
            -0.1,
            -0.1,
            0.0
        ],
        "TO": [
            -0.20000000000000018,
            -0.3999999999999999,
            -0.5999999999999999,
            0.10000000000000009,
            0.09999999999999998,
            0.0,
            0.10000000000000009,
            -0.19999999999999996,
            -0.10000000000000003,
            -0.1,
            -0.1,
            -0.1,
            -0.2,
            -0.1
        ],
        "FG%": [
            0.7000000000000028,
            2.6999999999999957,
            -5.5,
            -5.700000000000003,
            -5.099999999999994,
            -4.899999999999999,
            -2.8999999999999986,
            -3.299999999999997,
            -6.5,
            -3.1999999999999957,
            -8.800000000000004,
            -8.700000000000003,
            -17.2,
            -33.3
        ],
        "FT%": [
            0.0,
            9.299999999999997,
            4.400000000000006,
            4.3999999999999915,
            -1.5,
            -0.4000000000000057,
            -3.1000000000000085,
            -3.1000000000000085,
            0.0,
            -7.199999999999996,
            -12.0,
            -16.200000000000003,
            -7.100000000000001,
            0.0
        ],
        "3P%": [
            -10.0,
            -5.600000000000001,
            -10.0,
            -1.3999999999999986,
            -3.200000000000003,
            -4.800000000000004,
            -4.5,
            -0.09999999999999432,
            -4.4999999999999964,
            -5.4999999999999964,
            -23.299999999999997,
            -29.4,
            -28.6,
            -22.6
        ]
    },
    "score_diff": 39
}