{
    "team_diff": "UConn Huskies vs Northwestern Wildcats",
    "sorted_stats_diff": {
        "GP": [
            2.0,
            2.0,
            2.0,
            4.0,
            4.0,
            6.0,
            5.0,
            3.0,
            7.0,
            2.0,
            9.0,
            13.0
        ],
        "MIN": [
            -3.799999999999997,
            -4.0,
            -1.8999999999999986,
            -3.0,
            -3.799999999999997,
            -3.0,
            2.5,
            -0.20000000000000107,
            -1.200000000000001,
            -2.0,
            -2.8000000000000003,
            1.2
        ],
        "PTS": [
            -3.6999999999999993,
            -0.1999999999999993,
            1.0,
            1.200000000000001,
            2.0,
            0.6000000000000005,
            1.6000000000000005,
            1.2000000000000002,
            0.5,
            0.6,
            0.39999999999999997,
            0.2
        ],
        "REB": [
            -0.09999999999999964,
            2.5,
            0.6000000000000005,
            0.6000000000000001,
            1.1000000000000005,
            -0.10000000000000009,
            0.7999999999999998,
            -0.7,
            -0.5999999999999999,
            0.20000000000000007,
            0.19999999999999996,
            0.6
        ],
        "AST": [
            1.2000000000000002,
            1.0,
            0.3999999999999999,
            0.5999999999999999,
            0.10000000000000009,
            0.2999999999999998,
            -0.5,
            -0.3,
            -0.2,
            -0.10000000000000003,
            0.0,
            0.0
        ],
        "STL": [
            -0.40000000000000013,
            -0.3999999999999999,
            -0.4,
            -0.4,
            0.30000000000000004,
            0.0,
            0.0,
            0.0,
            0.0,
            -0.1,
            0.0,
            0.1
        ],
        "BLK": [
            1.0,
            0.09999999999999998,
            0.5,
            0.3,
            0.09999999999999998,
            0.09999999999999998,
            0.0,
            0.0,
            0.0,
            0.0,
            0.0,
            0.0
        ],
        "TO": [
            0.30000000000000027,
            -0.10000000000000009,
            0.0,
            0.20000000000000007,
            0.20000000000000007,
            0.20000000000000007,
            0.30000000000000004,
            -0.09999999999999998,
            -0.2,
            -0.30000000000000004,
            -0.19999999999999998,
            0.0
        ],
        "FG%": [
            -28.0,
            -0.9000000000000057,
            -9.100000000000001,
            0.8999999999999986,
            3.1000000000000014,
            3.5,
            2.3000000000000043,
            3.1000000000000014,
            2.9000000000000057,
            -0.8999999999999986,
            9.299999999999997,
            15.899999999999999
        ],
        "FT%": [
            10.5,
            14.200000000000003,
            13.5,
            10.099999999999994,
            4.0,
            9.599999999999994,
            14.999999999999993,
            17.099999999999994,
            16.4,
            16.700000000000003,
            43.8,
            42.9
        ],
        "3P%": [
            0.0,
            6.600000000000001,
            0.7000000000000028,
            -2.1000000000000014,
            3.9000000000000057,
            1.1000000000000014,
            6.199999999999996,
            12.899999999999999,
            23.8,
            27.9,
            27.8,
            9.1
        ]
    },
    "score_diff": 17
}