{
    "team_diff": "Utah State Aggies vs TCU Horned Frogs",
    "sorted_stats_diff": {
        "GP": [
            0.0,
            0.0,
            0.0,
            0.0,
            -1.0,
            -1.0,
            1.0,
            -4.0,
            -8.0,
            -10.0,
            4.0,
            2.0,
            -4.0
        ],
        "MIN": [
            3.5,
            4.5000000000000036,
            5.900000000000002,
            3.8000000000000007,
            1.8000000000000007,
            3.1000000000000014,
            -2.200000000000001,
            -0.6999999999999993,
            -2.3000000000000007,
            -2.299999999999999,
            2.5,
            2.9,
            1.4999999999999998
        ],
        "PTS": [
            2.0,
            2.200000000000001,
            1.5,
            1.3000000000000007,
            0.09999999999999964,
            -1.0,
            -0.09999999999999964,
            0.20000000000000018,
            -1.4000000000000004,
            -0.09999999999999964,
            1.7,
            0.5000000000000001,
            0.5
        ],
        "REB": [
            3.0,
            -0.8999999999999995,
            -0.5,
            0.10000000000000009,
            0.5,
            0.5,
            0.0,
            -0.8,
            -0.5999999999999999,
            -0.7000000000000002,
            1.0,
            0.7,
            0.8
        ],
        "AST": [
            3.3,
            -0.3999999999999999,
            -0.20000000000000018,
            -0.8,
            -0.9999999999999999,
            -0.5,
            -0.10000000000000009,
            0.0,
            0.0,
            0.0,
            0.09999999999999998,
            0.1,
            0.1
        ],
        "STL": [
            -0.6000000000000001,
            -0.09999999999999987,
            0.0,
            -0.10000000000000009,
            -0.09999999999999998,
            -0.09999999999999998,
            -0.19999999999999996,
            -0.10000000000000003,
            -0.09999999999999998,
            0.0,
            0.0,
            -0.1,
            0.0
        ],
        "BLK": [
            0.7,
            0.30000000000000004,
            0.19999999999999996,
            0.09999999999999998,
            -0.10000000000000003,
            -0.10000000000000003,
            -0.2,
            -0.09999999999999998,
            0.0,
            0.0,
            0.0,
            0.0,
            0.0
        ],
        "TO": [
            0.5,
            -0.20000000000000018,
            0.10000000000000009,
            -0.10000000000000009,
            -0.6,
            0.0,
            -0.09999999999999998,
            -0.29999999999999993,
            -0.2,
            0.0,
            0.0,
            -0.19999999999999998,
            0.0
        ],
        "FG%": [
            3.9000000000000057,
            3.8000000000000043,
            8.299999999999997,
            9.299999999999997,
            8.0,
            2.8000000000000043,
            4.200000000000003,
            2.299999999999997,
            0.8999999999999986,
            2.299999999999997,
            8.899999999999999,
            12.799999999999997,
            27.3
        ],
        "FT%": [
            -13.200000000000003,
            -13.5,
            -0.7000000000000028,
            1.7999999999999972,
            1.0999999999999943,
            -2.5999999999999943,
            -3.700000000000003,
            -3.799999999999997,
            -6.3999999999999915,
            -0.3999999999999986,
            0.3999999999999986,
            1.6000000000000014,
            37.5
        ],
        "3P%": [
            -2.700000000000003,
            -3.6999999999999957,
            -0.19999999999999574,
            -1.2999999999999972,
            -1.5,
            -4.300000000000001,
            -2.1000000000000014,
            0.0,
            -4.4,
            0.0,
            0.0,
            0.0,
            0.0
        ]
    },
    "score_diff": 16
}