{
    "team_diff": "Howard Bison vs Wagner Seahawks",
    "sorted_stats_diff": {
        "GP": [
            3.0,
            3.0,
            2.0,
            0.0,
            0.0,
            -5.0,
            -5.0,
            10.0,
            11.0,
            12.0,
            16.0,
            16.0
        ],
        "MIN": [
            -1.6000000000000014,
            -2.1000000000000014,
            1.0,
            -4.0,
            -1.8999999999999986,
            -3.0,
            -1.3000000000000007,
            -1.3000000000000007,
            1.6999999999999993,
            -0.40000000000000036,
            -8.3,
            5.3
        ],
        "PTS": [
            1.8000000000000007,
            3.5,
            3.8000000000000007,
            -0.9000000000000004,
            -0.8999999999999995,
            0.20000000000000018,
            0.20000000000000018,
            0.20000000000000018,
            -1.0999999999999996,
            -0.5999999999999996,
            -1.2000000000000002,
            1.1
        ],
        "REB": [
            1.7999999999999998,
            1.0999999999999996,
            -0.5,
            0.40000000000000036,
            -0.7000000000000002,
            -0.5,
            -0.19999999999999973,
            -0.10000000000000009,
            -1.2,
            -0.6000000000000001,
            -0.7,
            1.2
        ],
        "AST": [
            -0.7000000000000002,
            -0.5,
            0.5,
            0.5999999999999999,
            0.6000000000000001,
            0.5999999999999999,
            0.19999999999999996,
            0.5000000000000001,
            0.5,
            0.4,
            0.10000000000000003,
            0.4
        ],
        "STL": [
            -0.2999999999999998,
            -0.19999999999999996,
            -0.30000000000000004,
            -0.09999999999999998,
            0.10000000000000009,
            0.20000000000000007,
            0.09999999999999998,
            -0.09999999999999998,
            0.0,
            -0.2,
            0.19999999999999998,
            0.2
        ],
        "BLK": [
            0.5000000000000001,
            0.0,
            0.09999999999999998,
            0.0,
            0.0,
            0.0,
            0.0,
            0.0,
            -0.1,
            0.1,
            0.1,
            0.1
        ],
        "TO": [
            -0.30000000000000027,
            0.0,
            0.20000000000000018,
            0.8,
            0.8999999999999999,
            0.8999999999999999,
            0.8999999999999999,
            0.3999999999999999,
            0.5000000000000001,
            0.5,
            0.7,
            0.6
        ],
        "FG%": [
            -25.0,
            3.6000000000000014,
            5.400000000000006,
            5.600000000000001,
            9.299999999999997,
            11.0,
            13.399999999999999,
            12.5,
            11.5,
            9.800000000000004,
            7.699999999999996,
            8.300000000000004
        ],
        "FT%": [
            12.5,
            15.400000000000006,
            24.299999999999997,
            12.700000000000003,
            13.5,
            19.0,
            16.099999999999994,
            13.100000000000001,
            12.5,
            11.500000000000007,
            8.299999999999997,
            66.0
        ],
        "3P%": [
            55.2,
            14.600000000000001,
            11.899999999999999,
            8.8,
            9.100000000000001,
            11.2,
            14.700000000000003,
            18.400000000000002,
            18.299999999999997,
            25.0,
            23.5,
            12.5
        ]
    },
    "score_diff": -3
}