{
    "team_diff": "Washington State Cougars vs Drake Bulldogs",
    "sorted_stats_diff": {
        "GP": [
            -1.0,
            -1.0,
            -1.0,
            -1.0,
            0.0,
            0.0,
            0.0,
            -2.0,
            -7.0,
            -9.0,
            -10.0,
            -10.0
        ],
        "MIN": [
            -1.8999999999999986,
            2.3000000000000007,
            1.8999999999999986,
            2.799999999999997,
            0.0,
            0.8999999999999986,
            3.700000000000003,
            0.40000000000000036,
            0.7999999999999989,
            3.5999999999999996,
            0.5,
            -1.1
        ],
        "PTS": [
            -6.100000000000001,
            0.8000000000000007,
            0.9000000000000004,
            -1.4000000000000004,
            0.1999999999999993,
            0.5,
            1.0999999999999996,
            0.6999999999999997,
            1.4000000000000004,
            -0.19999999999999996,
            -0.5,
            -0.6
        ],
        "REB": [
            -0.40000000000000036,
            -1.2000000000000002,
            1.7000000000000002,
            1.3999999999999995,
            1.6,
            0.5,
            0.8000000000000003,
            0.5,
            -0.4999999999999999,
            0.10000000000000009,
            0.10000000000000003,
            0.0
        ],
        "AST": [
            0.19999999999999973,
            -1.1,
            -0.4999999999999998,
            -0.3999999999999999,
            -0.5999999999999999,
            -0.10000000000000009,
            0.09999999999999987,
            -0.09999999999999998,
            0.0,
            0.09999999999999998,
            0.0,
            -0.1
        ],
        "STL": [
            0.0,
            -0.10000000000000009,
            -0.4,
            -0.19999999999999996,
            -0.09999999999999998,
            -0.09999999999999998,
            0.09999999999999998,
            0.09999999999999998,
            0.2,
            0.1,
            -0.1,
            -0.1
        ],
        "BLK": [
            0.7000000000000001,
            0.7,
            0.7,
            0.49999999999999994,
            0.2,
            0.1,
            0.1,
            0.1,
            0.0,
            0.0,
            0.0,
            0.0
        ],
        "TO": [
            0.10000000000000009,
            0.0,
            -0.10000000000000009,
            -0.09999999999999987,
            0.20000000000000007,
            0.5,
            0.7,
            0.3,
            0.09999999999999998,
            0.19999999999999998,
            0.0,
            0.0
        ],
        "FG%": [
            -7.099999999999994,
            -1.1000000000000014,
            2.1999999999999957,
            2.6999999999999957,
            -5.200000000000003,
            -5.5,
            -2.3999999999999986,
            -2.0,
            -7.600000000000001,
            -7.399999999999999,
            -9.299999999999997,
            -32.4
        ],
        "FT%": [
            12.5,
            0.10000000000000853,
            -0.20000000000000284,
            -10.700000000000003,
            -13.5,
            -13.5,
            -12.5,
            -6.700000000000003,
            -15.0,
            -8.200000000000003,
            -56.1,
            0.0
        ],
        "3P%": [
            33.3,
            -1.1000000000000014,
            -5.399999999999999,
            -5.800000000000004,
            -2.799999999999997,
            -3.3000000000000007,
            -7.199999999999999,
            -3.8000000000000007,
            -14.799999999999999,
            0.0,
            0.0,
            0.0
        ]
    },
    "score_diff": 5
}