{
    "team_diff": "Purdue Boilermakers vs Wisconsin Badgers",
    "sorted_stats_diff": {
        "GP": [
            -1.0,
            -1.0,
            -1.0,
            -1.0,
            -1.0,
            0.0,
            0.0,
            1.0,
            1.0,
            -1.0,
            -11.0,
            -4.0,
            -1.0,
            -1.0,
            -1.0
        ],
        "MIN": [
            0.5999999999999943,
            2.6000000000000014,
            -0.10000000000000142,
            -1.3000000000000007,
            -7.5,
            -1.9000000000000021,
            2.700000000000001,
            2.3000000000000007,
            1.0999999999999996,
            1.3999999999999995,
            -1.7999999999999998,
            0.40000000000000036,
            -0.19999999999999996,
            0.8,
            0.8999999999999999
        ],
        "PTS": [
            7.699999999999999,
            1.3000000000000007,
            1.299999999999999,
            0.9000000000000004,
            -1.8000000000000007,
            -2.3000000000000007,
            0.5999999999999996,
            0.5,
            0.7000000000000002,
            0.7,
            -0.29999999999999993,
            0.20000000000000007,
            0.7000000000000001,
            0.3,
            0.2
        ],
        "REB": [
            4.499999999999999,
            0.2999999999999998,
            0.10000000000000009,
            0.6000000000000001,
            -0.5,
            0.6000000000000001,
            0.30000000000000004,
            0.6000000000000001,
            0.5,
            0.19999999999999996,
            0.19999999999999996,
            0.19999999999999996,
            0.19999999999999996,
            0.39999999999999997,
            0.6
        ],
        "AST": [
            3.4,
            0.10000000000000009,
            0.10000000000000009,
            0.0,
            0.7999999999999999,
            0.6,
            0.4,
            0.0,
            0.0,
            0.09999999999999998,
            0.09999999999999998,
            0.0,
            0.0,
            0.2,
            0.0
        ],
        "STL": [
            -0.5,
            0.2999999999999998,
            -0.09999999999999998,
            -0.09999999999999998,
            -0.2,
            -0.2,
            0.0,
            0.0,
            0.0,
            0.1,
            0.1,
            0.0,
            0.0,
            0.0,
            0.0
        ],
        "BLK": [
            1.6,
            0.0,
            0.0,
            0.19999999999999998,
            0.1,
            0.1,
            0.1,
            0.1,
            0.1,
            0.1,
            0.0,
            0.0,
            0.0,
            0.0,
            0.0
        ],
        "TO": [
            1.1,
            0.6000000000000001,
            0.0,
            0.0,
            -0.19999999999999996,
            -0.10000000000000009,
            0.0,
            0.09999999999999998,
            0.10000000000000003,
            0.0,
            0.09999999999999998,
            0.0,
            0.1,
            0.1,
            0.1
        ],
        "FG%": [
            44.1,
            18.900000000000006,
            7.899999999999999,
            9.099999999999994,
            4.199999999999996,
            6.299999999999997,
            5.0,
            2.6000000000000014,
            2.299999999999997,
            3.1000000000000014,
            9.899999999999999,
            2.4999999999999964,
            23.5,
            14.3,
            0.0
        ],
        "FT%": [
            -5.5,
            2.6000000000000085,
            -0.9000000000000057,
            -6.700000000000003,
            -4.6000000000000085,
            -4.700000000000003,
            -3.8000000000000114,
            -2.8999999999999915,
            -9.600000000000001,
            -11.300000000000004,
            -12.5,
            -7.100000000000001,
            11.399999999999999,
            0.0,
            0.0
        ],
        "3P%": [
            52.9,
            3.1000000000000014,
            10.399999999999999,
            14.0,
            12.999999999999996,
            13.900000000000002,
            13.599999999999998,
            6.399999999999999,
            8.099999999999998,
            2.3000000000000007,
            2.3000000000000007,
            -14.3,
            0.0,
            0.0,
            0.0
        ]
    },
    "score_diff": -1
}