{
    "team_diff": "Auburn Tigers vs Yale Bulldogs",
    "sorted_stats_diff": {
        "GP": [
            3.0,
            3.0,
            3.0,
            3.0,
            3.0,
            4.0,
            4.0,
            8.0,
            14.0,
            17.0,
            15.0,
            5.0,
            6.0,
            8.0,
            6.0,
            1.0
        ],
        "MIN": [
            -7.699999999999999,
            -7.0,
            -8.900000000000002,
            -6.5,
            -6.800000000000001,
            1.1999999999999993,
            3.6999999999999993,
            1.9000000000000004,
            7.3999999999999995,
            8.0,
            1.5,
            -3.6,
            -3.0000000000000004,
            -2.9000000000000004,
            -2.7,
            -2.1
        ],
        "PTS": [
            2.1999999999999993,
            -1.0999999999999996,
            -1.5999999999999996,
            -2.0,
            -3.1000000000000005,
            0.8999999999999995,
            3.1,
            2.3,
            2.1,
            0.2999999999999998,
            -0.10000000000000009,
            -1.1,
            -0.9999999999999999,
            -1.0,
            -1.2,
            -0.9
        ],
        "REB": [
            -1.1999999999999993,
            -0.5999999999999996,
            -0.39999999999999947,
            -0.2999999999999998,
            0.8999999999999999,
            0.0,
            -0.30000000000000027,
            -0.19999999999999996,
            0.30000000000000004,
            0.0,
            -0.09999999999999987,
            0.0,
            -0.30000000000000004,
            0.0,
            0.0,
            0.1
        ],
        "AST": [
            -0.8999999999999995,
            0.10000000000000009,
            -0.09999999999999964,
            0.30000000000000027,
            0.5999999999999999,
            0.0,
            0.19999999999999996,
            0.7,
            0.4,
            0.5,
            0.09999999999999998,
            0.0,
            0.0,
            0.0,
            -0.1,
            0.0
        ],
        "STL": [
            -0.7999999999999998,
            0.0,
            0.30000000000000004,
            0.20000000000000007,
            0.19999999999999996,
            0.19999999999999996,
            0.19999999999999996,
            0.09999999999999998,
            0.2,
            0.10000000000000003,
            -0.19999999999999998,
            -0.1,
            -0.1,
            -0.2,
            -0.1,
            0.0
        ],
        "BLK": [
            0.8000000000000003,
            1.0,
            0.29999999999999993,
            0.2,
            0.2,
            0.09999999999999998,
            0.1,
            0.1,
            0.0,
            -0.1,
            -0.1,
            -0.1,
            0.0,
            0.0,
            0.0,
            0.0
        ],
        "TO": [
            -0.6999999999999997,
            -0.5,
            0.20000000000000007,
            0.20000000000000007,
            0.0,
            0.20000000000000007,
            0.20000000000000007,
            0.4,
            0.30000000000000004,
            0.09999999999999998,
            0.0,
            -0.09999999999999998,
            -0.1,
            -0.1,
            -0.1,
            0.0
        ],
        "FG%": [
            -4.099999999999994,
            2.700000000000003,
            0.8999999999999986,
            3.0999999999999943,
            0.0,
            -0.6999999999999957,
            -0.6000000000000014,
            -0.29999999999999716,
            -0.8999999999999986,
            -0.5999999999999943,
            -4.5,
            -7.699999999999999,
            -17.5,
            -37.5,
            -35.3,
            -25.0
        ],
        "FT%": [
            0.0,
            2.5999999999999943,
            6.700000000000003,
            7.799999999999997,
            3.4000000000000057,
            5.800000000000011,
            8.800000000000011,
            14.099999999999994,
            12.400000000000006,
            7.400000000000006,
            4.799999999999997,
            11.5,
            58.7,
            0.0,
            0.0,
            0.0
        ],
        "3P%": [
            -4.0,
            1.2999999999999972,
            7.900000000000006,
            6.700000000000003,
            8.7,
            6.799999999999997,
            6.699999999999996,
            5.599999999999998,
            3.8000000000000007,
            11.3,
            11.8,
            -14.3,
            0.0,
            0.0,
            0.0,
            0.0
        ]
    },
    "score_diff": -2
}